combo_size,features,relevance_mean_abs_pearson,redundancy_mean_abs_pearson,redundancy_max_abs_pearson,score,selector,mrmr_last_added,mrmr_score
1,f1_w10,0.839715414057182,0.0,0.0,0.839715414057182,relevance_minus_redundancy,,
1,f7_w10,0.7154588397702256,0.0,0.0,0.7154588397702256,relevance_minus_redundancy,,
1,f5_w10,0.7087886181921202,0.0,0.0,0.7087886181921202,relevance_minus_redundancy,,
1,f3_w10,0.7011751179277971,0.0,0.0,0.7011751179277971,relevance_minus_redundancy,,
1,f8_w10,0.613494272731181,0.0,0.0,0.613494272731181,relevance_minus_redundancy,,
2,"f3_w10,f9_w10",0.5955345048130866,0.11640708053758644,0.11640708053758644,0.5373309645442933,relevance_minus_redundancy,,
2,"f1_w10,f6_w10",0.5257803525197153,0.025414389753826712,0.025414389753826712,0.5130731576428019,relevance_minus_redundancy,,
1,f9_w10,0.48989389169837605,0.0,0.0,0.48989389169837605,relevance_minus_redundancy,,
2,"f1_w10,f10_w10",0.5234637334357092,0.11014774725554446,0.11014774725554446,0.46838985980793696,relevance_minus_redundancy,,
2,"f3_w10,f8_w10",0.657334695329489,0.38452581700845295,0.38452581700845295,0.4650717868252625,relevance_minus_redundancy,,
2,"f1_w10,f5_w10",0.7742520161246511,0.6665474830829722,0.6665474830829722,0.440978274583165,relevance_minus_redundancy,,
2,"f7_w10,f3_w10",0.7083169788490113,0.5398163224155659,0.5398163224155659,0.4384088176412284,relevance_minus_redundancy,,
3,"f1_w10,f3_w10,f9_w10",0.6769281412277851,0.4868761408634308,0.7906585327514274,0.4334900707960697,relevance_minus_redundancy,,
2,"f7_w10,f10_w10",0.46133544629223106,0.05858688944060242,0.05858688944060242,0.43204200157192985,relevance_minus_redundancy,,
3,"f5_w10,f3_w10,f9_w10",0.6332858759394311,0.4109534516821796,0.651642574178619,0.4278091500983413,relevance_minus_redundancy,,
3,"f1_w10,f3_w10,f6_w10",0.5842452743224092,0.320713809095385,0.7906585327514274,0.4238883697747168,relevance_minus_redundancy,,
3,"f7_w10,f3_w10,f10_w10",0.5412820035040864,0.23563585823942276,0.5398163224155659,0.423464074384375,relevance_minus_redundancy,,
3,"f1_w10,f5_w10,f10_w10",0.5852386950211795,0.3270077281346672,0.6665474830829722,0.4217348309538459,relevance_minus_redundancy,,
3,"f3_w10,f9_w10,f10_w10",0.4660936874801365,0.10098182463899448,0.11640708053758644,0.41560277516063926,relevance_minus_redundancy,,
3,"f1_w10,f7_w10,f10_w10",0.5874621022138814,0.34500854849061274,0.8662910087756914,0.41495782796857505,relevance_minus_redundancy,,
4,"f1_w10,f5_w10,f3_w10,f9_w10",0.6848932604688688,0.5406048633637028,0.7906585327514274,0.41459082878701736,relevance_minus_redundancy,,
3,"f1_w10,f3_w10,f10_w10",0.5827008615997386,0.3364368809563572,0.7906585327514274,0.41448242112156,relevance_minus_redundancy,,
4,"f1_w10,f3_w10,f9_w10,f10_w10",0.5594991191243979,0.29288576053753895,0.7906585327514274,0.41305623885562837,relevance_minus_redundancy,,
4,"f1_w10,f7_w10,f3_w10,f10_w10",0.6158903561423602,0.41233414391682194,0.8662910087756914,0.4097232841839492,relevance_minus_redundancy,,
3,"f5_w10,f3_w10,f8_w10",0.6744860029503661,0.5316501786174426,0.651642574178619,0.4086609136416448,relevance_minus_redundancy,,
2,"f1_w10,f2_w10",0.4440044757443159,0.07481575912383638,0.07481575912383638,0.4065965961823977,relevance_minus_redundancy,,
4,"f1_w10,f7_w10,f5_w10,f10_w10",0.617793731208441,0.423045007705479,0.8662910087756914,0.40627122735570154,relevance_minus_redundancy,,
3,"f1_w10,f5_w10,f2_w10",0.5322658565602507,0.25454302099979054,0.6665474830829722,0.40499434606035545,relevance_minus_redundancy,,
3,"f7_w10,f5_w10,f3_w10",0.708474191963381,0.6079426200689211,0.651642574178619,0.4045028819289205,relevance_minus_redundancy,,
3,"f3_w10,f8_w10,f10_w10",0.5072938144910715,0.20744405166248892,0.38452581700845295,0.403571788659827,relevance_minus_redundancy,,
4,"f1_w10,f5_w10,f3_w10,f10_w10",0.6142228007478339,0.42197144236602463,0.7906585327514274,0.4032370795648216,relevance_minus_redundancy,,
5,"f1_w10,f7_w10,f5_w10,f3_w10,f10_w10",0.6344700085523123,0.4628891838440586,0.8662910087756914,0.403025416630283,relevance_minus_redundancy,,
5,"f1_w10,f5_w10,f3_w10,f9_w10,f10_w10",0.5893570189379422,0.37446432748826436,0.7906585327514274,0.40212485519381,relevance_minus_redundancy,,
4,"f1_w10,f3_w10,f8_w10,f10_w10",0.590399214382599,0.37679931686152274,0.7906585327514274,0.4019995559518377,relevance_minus_redundancy,,
4,"f7_w10,f5_w10,f3_w10,f10_w10",0.5831586571760948,0.3658745110958251,0.651642574178619,0.4002214016281823,relevance_minus_redundancy,,
4,"f1_w10,f5_w10,f3_w10,f8_w10",0.71579335572707,0.6316356696435709,0.7906585327514274,0.3999755209052846,relevance_minus_redundancy,,
2,"f3_w10,f10_w10",0.4541935853710168,0.10850436286209991,0.10850436286209991,0.3999414039399668,relevance_minus_redundancy,,
3,"f1_w10,f3_w10,f8_w10",0.7181282682387199,0.6376139386448594,0.7906585327514274,0.3993212989162902,relevance_minus_redundancy,,
3,"f1_w10,f5_w10,f9_w10",0.6794659746492261,0.5616403309048613,0.6665474830829722,0.39864580919679543,relevance_minus_redundancy,,
3,"f1_w10,f5_w10,f3_w10",0.7498930500590331,0.7029495300043395,0.7906585327514274,0.39841828505686333,relevance_minus_redundancy,,
4,"f1_w10,f7_w10,f3_w10,f6_w10",0.6170486656843633,0.43954769384654147,0.8662910087756914,0.3972748187610926,relevance_minus_redundancy,,
2,"f1_w10,f4_w10",0.4361449464956719,0.07798376250999838,0.07798376250999838,0.39715306524067273,relevance_minus_redundancy,,
5,"f1_w10,f5_w10,f3_w10,f8_w10,f10_w10",0.6140770951445033,0.4342096057161469,0.7906585327514274,0.39697229228642983,relevance_minus_redundancy,,
2,"f7_w10,f5_w10",0.7121237289811729,0.6323689636125782,0.6323689636125782,0.3959392471748838,relevance_minus_redundancy,,
4,"f1_w10,f7_w10,f5_w10,f3_w10",0.7412844974868312,0.6912208141361423,0.8662910087756914,0.39567409041876006,relevance_minus_redundancy,,
3,"f3_w10,f8_w10,f9_w10",0.6015210941191179,0.41193333440326385,0.7348671056637521,0.395554426917486,relevance_minus_redundancy,,
3,"f1_w10,f7_w10,f6_w10",0.5890065149365521,0.38691426771045156,0.8662910087756914,0.3955493810813263,relevance_minus_redundancy,,
3,"f7_w10,f3_w10,f9_w10",0.6355092831321328,0.47993783046109567,0.7835900884301347,0.395540367901585,relevance_minus_redundancy,,
3,"f7_w10,f5_w10,f10_w10",0.5438198369255275,0.2984279357062219,0.6323689636125782,0.39460586907241657,relevance_minus_redundancy,,
3,"f1_w10,f7_w10,f5_w10",0.754654290673176,0.7217358184904139,0.8662910087756914,0.39378638142796907,relevance_minus_redundancy,,
3,"f1_w10,f5_w10,f8_w10",0.7206661016601611,0.654329031307642,0.7376574661746979,0.3935015860063401,relevance_minus_redundancy,,
4,"f1_w10,f5_w10,f8_w10,f10_w10",0.5923025894486799,0.4011274617268115,0.7376574661746979,0.39173885858527413,relevance_minus_redundancy,,
4,"f5_w10,f3_w10,f9_w10,f10_w10",0.5267674201581324,0.27062111708190345,0.651642574178619,0.39145686161718063,relevance_minus_redundancy,,
4,"f1_w10,f3_w10,f8_w10,f6_w10",0.5915575239246021,0.40082478074584227,0.7906585327514274,0.391145133551681,relevance_minus_redundancy,,
3,"f1_w10,f8_w10,f10_w10",0.5534739132008665,0.3257023961823854,0.7376574661746979,0.3906227151096738,relevance_minus_redundancy,,
5,"f1_w10,f7_w10,f3_w10,f9_w10,f10_w10",0.5906910632535634,0.4005598872287228,0.8662910087756914,0.39041111963920194,relevance_minus_redundancy,,
6,"f1_w10,f7_w10,f5_w10,f3_w10,f9_w10,f10_w10",0.6103739890766562,0.4416864365038143,0.8662910087756914,0.3895307708247491,relevance_minus_redundancy,,
3,"f1_w10,f9_w10,f10_w10",0.5122737861899315,0.24724819569137332,0.5535628093012784,0.3886496883442448,relevance_minus_redundancy,,
4,"f1_w10,f5_w10,f9_w10,f10_w10",0.5614024941904786,0.34623845409215176,0.6665474830829722,0.38828326714440276,relevance_minus_redundancy,,
4,"f1_w10,f3_w10,f9_w10,f6_w10",0.560657428666401,0.34503937898367026,0.7906585327514274,0.38813773917456584,relevance_minus_redundancy,,
4,"f7_w10,f5_w10,f3_w10,f9_w10",0.6538291168971297,0.5314392882508029,0.7835900884301347,0.3881094727717283,relevance_minus_redundancy,,
4,"f7_w10,f3_w10,f9_w10,f10_w10",0.5284349755526587,0.28082312903388107,0.7835900884301347,0.3880234110357182,relevance_minus_redundancy,,
2,"f1_w10,f9_w10",0.664804652877779,0.5535628093012784,0.5535628093012784,0.3880232482271398,relevance_minus_redundancy,,
4,"f5_w10,f3_w10,f8_w10,f10_w10",0.5576675154163336,0.3395141379828044,0.651642574178619,0.38791044642493144,relevance_minus_redundancy,,
5,"f1_w10,f7_w10,f5_w10,f3_w10,f9_w10",0.6910063763291402,0.6065695563416187,0.8662910087756914,0.38772159815833085,relevance_minus_redundancy,,
5,"f1_w10,f5_w10,f3_w10,f8_w10,f9_w10",0.6706134629213312,0.5659461713694375,0.7906585327514274,0.38764037723661243,relevance_minus_redundancy,,
6,"f1_w10,f7_w10,f5_w10,f3_w10,f8_w10,f10_w10",0.6309740525821237,0.48881997426181417,0.8931403725213071,0.3865640654512166,relevance_minus_redundancy,,
3,"f1_w10,f7_w10,f3_w10",0.7521164572517348,0.7322552879808949,0.8662910087756914,0.38598881326128737,relevance_minus_redundancy,,
3,"f1_w10,f5_w10,f4_w10",0.5270261703944881,0.28213198071775364,0.6665474830829722,0.3859601800356113,relevance_minus_redundancy,,
4,"f5_w10,f3_w10,f8_w10,f9_w10",0.6283379751373686,0.4851725703973333,0.7348671056637521,0.3857516899387019,relevance_minus_redundancy,,
4,"f1_w10,f5_w10,f3_w10,f2_w10",0.5744931719021372,0.3783975934279729,0.7906585327514274,0.3852943751881508,relevance_minus_redundancy,,
4,"f1_w10,f3_w10,f8_w10,f9_w10",0.6610696741036339,0.5529464685728659,0.7906585327514274,0.384596439817201,relevance_minus_redundancy,,
5,"f1_w10,f7_w10,f3_w10,f8_w10,f10_w10",0.6154111394601244,0.46186304943223033,0.8931403725213071,0.3844796147440092,relevance_minus_redundancy,,
6,"f1_w10,f5_w10,f3_w10,f8_w10,f9_w10,f10_w10",0.5933798945701487,0.41931851890078103,0.7906585327514274,0.3837206351197582,relevance_minus_redundancy,,
3,"f7_w10,f3_w10,f6_w10",0.5428264162267572,0.3183074105994344,0.5398163224155659,0.38367271092704003,relevance_minus_redundancy,,
2,"f3_w10,f6_w10",0.4565102044550229,0.1460685047809008,0.1460685047809008,0.38347595206457247,relevance_minus_redundancy,,
4,"f7_w10,f3_w10,f8_w10,f10_w10",0.55933507081086,0.3523126232274903,0.8931403725213071,0.38317875919711486,relevance_minus_redundancy,,
5,"f1_w10,f3_w10,f8_w10,f9_w10,f10_w10",0.5702981498457544,0.374366692718905,0.7906585327514274,0.38311480348630195,relevance_minus_redundancy,,
5,"f7_w10,f5_w10,f3_w10,f9_w10,f10_w10",0.564505704080551,0.3638088966390302,0.7835900884301347,0.3826012557610359,relevance_minus_redundancy,,
4,"f1_w10,f7_w10,f3_w10,f9_w10",0.6865608158633951,0.608387640368614,0.8662910087756914,0.3823669956790881,relevance_minus_redundancy,,
2,"f5_w10,f8_w10",0.6611414454616507,0.5587821446652559,0.5587821446652559,0.3817503731290227,relevance_minus_redundancy,,
5,"f7_w10,f5_w10,f3_w10,f8_w10,f10_w10",0.589225780287112,0.41609973758868807,0.8931403725213071,0.38117591149276797,relevance_minus_redundancy,,
5,"f1_w10,f5_w10,f3_w10,f8_w10,f2_w10",0.582293392067946,0.4044248106012641,0.7906585327514274,0.3800809867673139,relevance_minus_redundancy,,
4,"f7_w10,f5_w10,f3_w10,f8_w10",0.684729212155331,0.6100460324002964,0.8931403725213071,0.3797061959551828,relevance_minus_redundancy,,
5,"f1_w10,f7_w10,f5_w10,f3_w10,f8_w10",0.7157264525357012,0.6721430685186568,0.8931403725213071,0.3796549182763728,relevance_minus_redundancy,,
2,"f5_w10,f3_w10",0.7049818680599587,0.651642574178619,0.651642574178619,0.37916058097064914,relevance_minus_redundancy,,
5,"f1_w10,f7_w10,f3_w10,f6_w10,f10_w10",0.535081343110338,0.31208219701329226,0.8662910087756914,0.3790402446036918,relevance_minus_redundancy,,
3,"f5_w10,f3_w10,f10_w10",0.5390585963113846,0.3214916303687347,0.651642574178619,0.3783127811270173,relevance_minus_redundancy,,
4,"f1_w10,f5_w10,f3_w10,f4_w10",0.5705634072778153,0.3855823866658819,0.7906585327514274,0.37777221394487437,relevance_minus_redundancy,,
5,"f1_w10,f7_w10,f5_w10,f3_w10,f2_w10",0.602686305475755,0.45420899005612647,0.8662910087756914,0.37558181044769173,relevance_minus_redundancy,,
3,"f1_w10,f3_w10,f4_w10",0.524488336973047,0.29781318872447,0.7906585327514274,0.375581742610812,relevance_minus_redundancy,,
2,"f1_w10,f3_w10",0.7704452659924895,0.7906585327514274,0.7906585327514274,0.37511599961677583,relevance_minus_redundancy,,
5,"f1_w10,f7_w10,f5_w10,f3_w10,f6_w10",0.6353966561859148,0.5212312942939057,0.8662910087756914,0.37478100903896194,relevance_minus_redundancy,,
3,"f1_w10,f3_w10,f2_w10",0.5297280231388096,0.30997656083789465,0.7906585327514274,0.3747397427198623,relevance_minus_redundancy,,
3,"f1_w10,f8_w10,f6_w10",0.5550183259235372,0.36123194331142416,0.7376574661746979,0.3744023542678251,relevance_minus_redundancy,,
4,"f1_w10,f3_w10,f6_w10,f10_w10",0.4899869689453661,0.23118172414987112,0.7906585327514274,0.3743961068704305,relevance_minus_redundancy,,
5,"f1_w10,f7_w10,f5_w10,f8_w10,f10_w10",0.6169338395129891,0.4857152004711048,0.8931403725213071,0.3740762392774367,relevance_minus_redundancy,,
3,"f7_w10,f3_w10,f8_w10",0.6767094101430678,0.6058275039817752,0.8931403725213071,0.37379565815218024,relevance_minus_redundancy,,
4,"f3_w10,f8_w10,f9_w10,f10_w10",0.5029438337928975,0.25860672861768375,0.7348671056637521,0.37364046948405566,relevance_minus_redundancy,,
4,"f1_w10,f5_w10,f3_w10,f6_w10",0.615381110289837,0.48413320725556425,0.7906585327514274,0.3733145066620549,relevance_minus_redundancy,,
4,"f1_w10,f5_w10,f8_w10,f2_w10",0.5525729606029832,0.35882763190595357,0.7376574661746979,0.37315914465000644,relevance_minus_redundancy,,
5,"f5_w10,f3_w10,f8_w10,f9_w10,f10_w10",0.5441127906727421,0.34312037449457955,0.7348671056637521,0.3725526034254523,relevance_minus_redundancy,,
4,"f1_w10,f3_w10,f8_w10,f2_w10",0.5506695855369024,0.3575016805488718,0.7906585327514274,0.3719187452624665,relevance_minus_redundancy,,
5,"f1_w10,f7_w10,f5_w10,f9_w10,f10_w10",0.592213763306428,0.44182676748119165,0.8662910087756914,0.37130037956583223,relevance_minus_redundancy,,
7,"f1_w10,f7_w10,f5_w10,f3_w10,f8_w10,f9_w10,f10_w10",0.6108197438844456,0.47921768708131407,0.8931403725213071,0.37121090034378856,relevance_minus_redundancy,,
4,"f1_w10,f7_w10,f5_w10,f2_w10",0.5780641023627444,0.41591951342953865,0.8662910087756914,0.3701043456479751,relevance_minus_redundancy,,
4,"f5_w10,f3_w10,f8_w10,f2_w10",0.517937886570637,0.2957614774799512,0.651642574178619,0.3700571478306614,relevance_minus_redundancy,,
5,"f1_w10,f5_w10,f3_w10,f8_w10,f6_w10",0.6150037427781058,0.49063886453875394,0.7906585327514274,0.3696843105087288,relevance_minus_redundancy,,
5,"f1_w10,f5_w10,f3_w10,f9_w10,f2_w10",0.5575733158613849,0.37620097162925603,0.7906585327514274,0.3694728300467569,relevance_minus_redundancy,,
5,"f1_w10,f5_w10,f3_w10,f9_w10,f4_w10",0.5544295041619274,0.37343075857157587,0.7906585327514274,0.3677141248761394,relevance_minus_redundancy,,
5,"f1_w10,f7_w10,f3_w10,f8_w10,f6_w10",0.6163377870937269,0.49732337927894543,0.8931403725213071,0.36767609745425417,relevance_minus_redundancy,,
2,"f5_w10,f2_w10",0.37854107781178503,0.022265820792562955,0.022265820792562955,0.36740816741550353,relevance_minus_redundancy,,
3,"f1_w10,f5_w10,f6_w10",0.5867831077438503,0.43880987727414605,0.6665474830829722,0.36737816910677734,relevance_minus_redundancy,,
6,"f1_w10,f7_w10,f5_w10,f3_w10,f6_w10,f10_w10",0.5640325556239684,0.39334511360388114,0.8662910087756914,0.3673599988220278,relevance_minus_redundancy,,
6,"f1_w10,f7_w10,f5_w10,f3_w10,f10_w10,f2_w10",0.5367739300321684,0.3393107958428217,0.8662910087756914,0.3671185321107576,relevance_minus_redundancy,,
3,"f3_w10,f8_w10,f6_w10",0.5088382272137423,0.28373943193170054,0.38452581700845295,0.366968511247892,relevance_minus_redundancy,,
2,"f5_w10,f9_w10",0.5993412549452481,0.46481070033033334,0.46481070033033334,0.3669359047800815,relevance_minus_redundancy,,
5,"f1_w10,f3_w10,f8_w10,f6_w10,f10_w10",0.5146884297025289,0.29591995772050395,0.7906585327514274,0.36672845084227695,relevance_minus_redundancy,,
5,"f1_w10,f7_w10,f5_w10,f3_w10,f4_w10",0.5995424937762974,0.46570680140009924,0.8662910087756914,0.3666890930762478,relevance_minus_redundancy,,
4,"f1_w10,f7_w10,f3_w10,f8_w10",0.7174609111215964,0.7020149199411905,0.8931403725213071,0.36645345115100114,relevance_minus_redundancy,,
5,"f1_w10,f5_w10,f3_w10,f9_w10,f6_w10",0.5902836665715447,0.4477704790479586,0.7906585327514274,0.3663984270475654,relevance_minus_redundancy,,
6,"f1_w10,f7_w10,f5_w10,f3_w10,f8_w10,f9_w10",0.6780876923961471,0.6249778979633103,0.8931403725213071,0.36559874341449194,relevance_minus_redundancy,,
4,"f1_w10,f7_w10,f6_w10,f10_w10",0.4935578994059732,0.2559623745538215,0.8662910087756914,0.3655767121290625,relevance_minus_redundancy,,
5,"f1_w10,f7_w10,f3_w10,f9_w10,f6_w10",0.5916177108871659,0.45289710981252507,0.8662910087756914,0.3651691559809033,relevance_minus_redundancy,,
6,"f1_w10,f7_w10,f3_w10,f8_w10,f9_w10,f10_w10",0.5944915981664997,0.45900610725149005,0.8931403725213071,0.36498854454075463,relevance_minus_redundancy,,
4,"f7_w10,f5_w10,f3_w10,f2_w10",0.5434290283303982,0.35729618613788955,0.651642574178619,0.3647809352614534,relevance_minus_redundancy,,
6,"f1_w10,f5_w10,f3_w10,f8_w10,f10_w10,f2_w10",0.519779835525661,0.31083568191800093,0.7906585327514274,0.3643619945666605,relevance_minus_redundancy,,
6,"f1_w10,f7_w10,f5_w10,f3_w10,f8_w10,f2_w10",0.6044876333516592,0.48060618790182497,0.8931403725213071,0.36418453940074674,relevance_minus_redundancy,,
3,"f3_w10,f8_w10,f2_w10",0.4543209760301426,0.1806261084144231,0.38452581700845295,0.36400792182293107,relevance_minus_redundancy,,
5,"f1_w10,f5_w10,f3_w10,f10_w10,f2_w10",0.501036948084557,0.27593707082082963,0.7906585327514274,0.3630684126741422,relevance_minus_redundancy,,
3,"f5_w10,f3_w10,f2_w10",0.48608575785045577,0.24612126186986738,0.651642574178619,0.3630251269155221,relevance_minus_redundancy,,
5,"f1_w10,f5_w10,f3_w10,f8_w10,f4_w10",0.5791495803684884,0.4323478804583166,0.7906585327514274,0.3629756401393301,relevance_minus_redundancy,,
3,"f1_w10,f6_w10,f10_w10",0.4195909192845557,0.11395298150159956,0.20629680749542753,0.3626144285337559,relevance_minus_redundancy,,
6,"f1_w10,f7_w10,f5_w10,f3_w10,f10_w10,f4_w10",0.5341540869492872,0.34394627599588873,0.8662910087756914,0.3621809489513429,relevance_minus_redundancy,,
4,"f1_w10,f7_w10,f3_w10,f2_w10",0.5761607272966636,0.4282108431490887,0.8662910087756914,0.3620553057221192,relevance_minus_redundancy,,
6,"f1_w10,f7_w10,f3_w10,f8_w10,f6_w10,f10_w10",0.5481501647138117,0.3724047716640028,0.8931403725213071,0.3619477788818103,relevance_minus_redundancy,,
4,"f1_w10,f7_w10,f5_w10,f6_w10",0.6189520407504442,0.5140211681354241,0.8662910087756914,0.36194145668273214,relevance_minus_redundancy,,
4,"f1_w10,f3_w10,f9_w10,f4_w10",0.5158397256543793,0.3082403552605907,0.7906585327514274,0.36171954802408396,relevance_minus_redundancy,,
6,"f1_w10,f7_w10,f5_w10,f3_w10,f8_w10,f6_w10",0.6317462589434591,0.5404695144876346,0.8931403725213071,0.36151150169964186,relevance_minus_redundancy,,
6,"f7_w10,f5_w10,f3_w10,f8_w10,f9_w10,f10_w10",0.5726704655223227,0.4225804254243989,0.8931403725213071,0.36138025281012326,relevance_minus_redundancy,,
5,"f1_w10,f3_w10,f9_w10,f6_w10,f10_w10",0.48996835349596807,0.2573219222032391,0.7906585327514274,0.3613073923943485,relevance_minus_redundancy,,
3,"f5_w10,f8_w10,f10_w10",0.5098316479125126,0.2974706912825516,0.5587821446652559,0.3610963022712368,relevance_minus_redundancy,,
4,"f1_w10,f7_w10,f8_w10,f10_w10",0.5939701448432062,0.46585424321412616,0.8931403725213071,0.3610430232361431,relevance_minus_redundancy,,
5,"f1_w10,f5_w10,f3_w10,f10_w10,f4_w10",0.49789313638509947,0.2757033556492027,0.7906585327514274,0.36004145856049813,relevance_minus_redundancy,,
7,"f1_w10,f7_w10,f5_w10,f3_w10,f8_w10,f10_w10,f2_w10",0.5477339789891703,0.37552223003454044,0.8931403725213071,0.3599728639719001,relevance_minus_redundancy,,
5,"f1_w10,f5_w10,f8_w10,f9_w10,f10_w10",0.571820849898619,0.423803941617353,0.7376574661746979,0.3599188790899425,relevance_minus_redundancy,,
4,"f1_w10,f7_w10,f9_w10,f10_w10",0.563070049585005,0.40836876228675817,0.8662910087756914,0.35888566844162584,relevance_minus_redundancy,,
6,"f1_w10,f7_w10,f5_w10,f3_w10,f9_w10,f6_w10",0.6111461954379916,0.5045872385543595,0.8662910087756914,0.3588525761608119,relevance_minus_redundancy,,
5,"f1_w10,f3_w10,f8_w10,f9_w10,f6_w10",0.571224797479357,0.4247910636754672,0.7906585327514274,0.3588292656416233,relevance_minus_redundancy,,
7,"f1_w10,f7_w10,f5_w10,f3_w10,f8_w10,f6_w10,f10_w10",0.571098515210713,0.42496230731193296,0.8931403725213071,0.3586173615547465,relevance_minus_redundancy,,
6,"f1_w10,f5_w10,f3_w10,f8_w10,f6_w10,f10_w10",0.5470384611174609,0.37766449947886743,0.7906585327514274,0.3582062113780272,relevance_minus_redundancy,,
6,"f1_w10,f5_w10,f3_w10,f8_w10,f9_w10,f2_w10",0.5668934753396843,0.41804929116007433,0.7906585327514274,0.35786882975964707,relevance_minus_redundancy,,
4,"f1_w10,f7_w10,f5_w10,f9_w10",0.688464190929476,0.6611951755888313,0.8662910087756914,0.3578666031350603,relevance_minus_redundancy,,
6,"f1_w10,f7_w10,f3_w10,f9_w10,f6_w10,f10_w10",0.5275501012083442,0.3393693957130815,0.8662910087756914,0.3578654033518035,relevance_minus_redundancy,,
2,"f1_w10,f8_w10",0.7266048433941814,0.7376574661746979,0.7376574661746979,0.3577761103068325,relevance_minus_redundancy,,
5,"f7_w10,f5_w10,f3_w10,f8_w10,f9_w10",0.64576214806394,0.5759951169363584,0.8931403725213071,0.35776458959576074,relevance_minus_redundancy,,
4,"f1_w10,f3_w10,f6_w10,f2_w10",0.45025734009966945,0.18574540354713862,0.7906585327514274,0.3573846383261001,relevance_minus_redundancy,,
5,"f1_w10,f7_w10,f5_w10,f10_w10,f2_w10",0.5038936924530428,0.2934584754796193,0.8662910087756914,0.3571644547132332,relevance_minus_redundancy,,
5,"f1_w10,f5_w10,f3_w10,f6_w10,f10_w10",0.5337472987947168,0.3534076115211942,0.7906585327514274,0.35704349303411975,relevance_minus_redundancy,,
5,"f1_w10,f7_w10,f3_w10,f10_w10,f2_w10",0.5023709924001781,0.2912509141910108,0.8662910087756914,0.35674553530467273,relevance_minus_redundancy,,
4,"f1_w10,f3_w10,f9_w10,f2_w10",0.5197694902787012,0.32612385631801216,0.7906585327514274,0.3567075621196951,relevance_minus_redundancy,,
6,"f1_w10,f7_w10,f5_w10,f3_w10,f9_w10,f2_w10",0.5838875698461917,0.4544869429810747,0.8662910087756914,0.35664409835565436,relevance_minus_redundancy,,
4,"f1_w10,f7_w10,f5_w10,f8_w10",0.7193642861876772,0.7257979064720838,0.8931403725213071,0.35646533295163535,relevance_minus_redundancy,,
2,"f5_w10,f10_w10",0.45800033550317837,0.20432795406548496,0.20432795406548496,0.3558363584704359,relevance_minus_redundancy,,
4,"f1_w10,f5_w10,f10_w10,f2_w10",0.45100240562374716,0.19068497462962156,0.6665474830829722,0.3556599183089364,relevance_minus_redundancy,,
4,"f1_w10,f7_w10,f3_w10,f4_w10",0.5722309626723416,0.43410738276108884,0.8662910087756914,0.3551772712917972,relevance_minus_redundancy,,
7,"f1_w10,f7_w10,f5_w10,f3_w10,f9_w10,f6_w10,f10_w10",0.5534413179203123,0.39689077952151663,0.8662910087756914,0.35499592815955394,relevance_minus_redundancy,,
6,"f1_w10,f5_w10,f3_w10,f9_w10,f10_w10,f2_w10",0.49917977202019354,0.28860192629668774,0.7906585327514274,0.35487880887184964,relevance_minus_redundancy,,
4,"f7_w10,f5_w10,f8_w10,f10_w10",0.5612384458769407,0.4127513832370237,0.8931403725213071,0.35486275425842884,relevance_minus_redundancy,,
6,"f1_w10,f5_w10,f3_w10,f9_w10,f10_w10,f4_w10",0.4965599289373122,0.28372539018198606,0.7906585327514274,0.3546972338463192,relevance_minus_redundancy,,
2,"f3_w10,f4_w10",0.3668747984309795,0.02479727091198425,0.02479727091198425,0.35447616297498735,relevance_minus_redundancy,,
5,"f7_w10,f3_w10,f8_w10,f9_w10,f10_w10",0.5454468349883632,0.3826774044513712,0.8931403725213071,0.3541081327626776,relevance_minus_redundancy,,
5,"f1_w10,f7_w10,f3_w10,f10_w10,f4_w10",0.4992271807007206,0.2902442468438386,0.8662910087756914,0.35410505727880126,relevance_minus_redundancy,,
5,"f1_w10,f3_w10,f8_w10,f10_w10,f2_w10",0.48197807899236916,0.2558969251985118,0.7906585327514274,0.35402961639311326,relevance_minus_redundancy,,
6,"f1_w10,f5_w10,f3_w10,f8_w10,f10_w10,f4_w10",0.5171599924427798,0.32642133441312104,0.7906585327514274,0.35394932523621925,relevance_minus_redundancy,,
5,"f7_w10,f5_w10,f3_w10,f8_w10,f2_w10",0.5574420772105547,0.4073122568618749,0.8931403725213071,0.3537859487796173,relevance_minus_redundancy,,
6,"f1_w10,f5_w10,f3_w10,f8_w10,f9_w10,f6_w10",0.5941521009314842,0.48094408653316617,0.7906585327514274,0.35368005766490107,relevance_minus_redundancy,,
6,"f1_w10,f5_w10,f3_w10,f9_w10,f6_w10,f10_w10",0.5264383976119934,0.3456677128450293,0.7906585327514274,0.35360454118947876,relevance_minus_redundancy,,
5,"f1_w10,f7_w10,f5_w10,f6_w10,f10_w10",0.5366040431632026,0.3663486407069604,0.8662910087756914,0.35342972280972246,relevance_minus_redundancy,,
4,"f1_w10,f7_w10,f5_w10,f4_w10",0.5741343377384225,0.4416922189572327,0.8662910087756914,0.3532882282598061,relevance_minus_redundancy,,
4,"f1_w10,f5_w10,f8_w10,f9_w10",0.6629730491697148,0.6193712848697149,0.7376574661746979,0.3532874067348573,relevance_minus_redundancy,,
7,"f1_w10,f7_w10,f5_w10,f3_w10,f9_w10,f10_w10,f2_w10",0.5300767816987696,0.35442429582449897,0.8662910087756914,0.3528646337865201,relevance_minus_redundancy,,
6,"f1_w10,f7_w10,f5_w10,f3_w10,f9_w10,f4_w10",0.5812677267633105,0.45743142454343955,0.8662910087756914,0.35255201449159074,relevance_minus_redundancy,,
5,"f1_w10,f7_w10,f3_w10,f6_w10,f2_w10",0.5032976400337806,0.3022845202265516,0.8662910087756914,0.35215537992050483,relevance_minus_redundancy,,
5,"f1_w10,f7_w10,f3_w10,f8_w10,f9_w10",0.6719475072369523,0.6400516603579894,0.8931403725213071,0.35192167705795757,relevance_minus_redundancy,,
4,"f7_w10,f5_w10,f3_w10,f4_w10",0.5394992637060763,0.3759312044801506,0.651642574178619,0.35153366146600096,relevance_minus_redundancy,,
4,"f1_w10,f3_w10,f8_w10,f4_w10",0.5467398209125804,0.39077365101600486,0.7906585327514274,0.351352995404578,relevance_minus_redundancy,,
3,"f5_w10,f3_w10,f4_w10",0.4808460716846931,0.2594348472169645,0.651642574178619,0.35112864807621086,relevance_minus_redundancy,,
3,"f3_w10,f9_w10,f6_w10",0.4676381002028073,0.23353351403182962,0.4381249567770016,0.3508713431868925,relevance_minus_redundancy,,
4,"f1_w10,f3_w10,f10_w10,f4_w10",0.4451692659333444,0.18877514143411003,0.7906585327514274,0.3507816952162894,relevance_minus_redundancy,,
7,"f1_w10,f7_w10,f5_w10,f3_w10,f9_w10,f10_w10,f4_w10",0.5278312019134427,0.3543634059336299,0.8662910087756914,0.3506494989466277,relevance_minus_redundancy,,
7,"f1_w10,f7_w10,f5_w10,f3_w10,f8_w10,f10_w10,f4_w10",0.5454883992038434,0.390077189150687,0.8931403725213071,0.3504498046284999,relevance_minus_redundancy,,
5,"f1_w10,f3_w10,f8_w10,f6_w10,f2_w10",0.48290472662597167,0.2650176796068126,0.7906585327514274,0.3503958868225654,relevance_minus_redundancy,,
5,"f1_w10,f5_w10,f8_w10,f10_w10,f2_w10",0.4835007790452338,0.2662748551330994,0.7376574661746979,0.35036335147868414,relevance_minus_redundancy,,
6,"f1_w10,f7_w10,f5_w10,f3_w10,f6_w10,f2_w10",0.5375461363935039,0.3746758535278592,0.8662910087756914,0.35020820962957433,relevance_minus_redundancy,,
6,"f1_w10,f7_w10,f5_w10,f3_w10,f8_w10,f4_w10",0.601867790268778,0.5040128580740116,0.8931403725213071,0.3498613612317722,relevance_minus_redundancy,,
5,"f1_w10,f7_w10,f3_w10,f8_w10,f2_w10",0.5836274363835671,0.4677485832195386,0.8931403725213071,0.34975314477379776,relevance_minus_redundancy,,
7,"f1_w10,f5_w10,f3_w10,f8_w10,f9_w10,f10_w10,f2_w10",0.515510414978906,0.33176478669884685,0.7906585327514274,0.3496280216294826,relevance_minus_redundancy,,
3,"f1_w10,f8_w10,f2_w10",0.5005010747399375,0.30179011429831015,0.7376574661746979,0.34960601759078247,relevance_minus_redundancy,,
6,"f1_w10,f7_w10,f3_w10,f8_w10,f10_w10,f2_w10",0.5208915391220119,0.3433354593551917,0.8931403725213071,0.34922380944441606,relevance_minus_redundancy,,
4,"f1_w10,f5_w10,f8_w10,f6_w10",0.593460898990683,0.4889155361113567,0.7376574661746979,0.3490031309350047,relevance_minus_redundancy,,
3,"f7_w10,f3_w10,f2_w10",0.4883091650431575,0.27916658608119244,0.5398163224155659,0.34872587200256133,relevance_minus_redundancy,,
4,"f1_w10,f5_w10,f10_w10,f4_w10",0.4470726409994252,0.19690513596464934,0.6665474830829722,0.3486200730171005,relevance_minus_redundancy,,
5,"f1_w10,f7_w10,f5_w10,f10_w10,f4_w10",0.5007498807535853,0.30437750768186345,0.8662910087756914,0.34856112691265356,relevance_minus_redundancy,,
6,"f1_w10,f5_w10,f3_w10,f8_w10,f9_w10,f4_w10",0.564273632256803,0.43194394506449235,0.7906585327514274,0.34830165972455684,relevance_minus_redundancy,,
4,"f7_w10,f3_w10,f6_w10,f10_w10",0.458922825373627,0.22138504859940547,0.5398163224155659,0.3482303010739243,relevance_minus_redundancy,,
6,"f1_w10,f5_w10,f3_w10,f8_w10,f6_w10,f2_w10",0.5205520418869964,0.3449255051848784,0.7906585327514274,0.34808928929455724,relevance_minus_redundancy,,
5,"f1_w10,f5_w10,f3_w10,f6_w10,f2_w10",0.5019635957181595,0.30793960583226243,0.7906585327514274,0.3479937928020283,relevance_minus_redundancy,,
4,"f1_w10,f3_w10,f10_w10,f2_w10",0.44909903055766637,0.20243114601477616,0.7906585327514274,0.3478834575502783,relevance_minus_redundancy,,
6,"f1_w10,f3_w10,f8_w10,f9_w10,f6_w10,f10_w10",0.5105560067018368,0.32534637066679706,0.7906585327514274,0.34788282136843823,relevance_minus_redundancy,,
3,"f1_w10,f6_w10,f2_w10",0.36661808082362685,0.03776333103736105,0.07481575912383638,0.3477364153049463,relevance_minus_redundancy,,
4,"f7_w10,f3_w10,f8_w10,f6_w10",0.5604933803528631,0.4255353992223018,0.8931403725213071,0.3477256807417122,relevance_minus_redundancy,,
4,"f5_w10,f3_w10,f9_w10,f2_w10",0.4870377913124358,0.27940418867217437,0.651642574178619,0.3473356969763486,relevance_minus_redundancy,,
7,"f1_w10,f5_w10,f3_w10,f8_w10,f9_w10,f6_w10,f10_w10",0.5388749512004487,0.38337019882429807,0.7906585327514274,0.34718985178829964,relevance_minus_redundancy,,
5,"f7_w10,f5_w10,f3_w10,f10_w10,f2_w10",0.4761856332271658,0.25812014066528527,0.651642574178619,0.3471255628945231,relevance_minus_redundancy,,
6,"f1_w10,f7_w10,f5_w10,f8_w10,f9_w10,f10_w10",0.5957605148772201,0.4981344492635895,0.8931403725213071,0.3466932902454254,relevance_minus_redundancy,,
5,"f1_w10,f7_w10,f5_w10,f8_w10,f2_w10",0.5851501364364318,0.477799418153489,0.8931403725213071,0.34625042735968725,relevance_minus_redundancy,,
4,"f5_w10,f3_w10,f9_w10,f4_w10",0.4831080266881138,0.27425916634501374,0.651642574178619,0.3459784435156069,relevance_minus_redundancy,,
5,"f1_w10,f3_w10,f9_w10,f10_w10,f4_w10",0.4541141910863507,0.21666874445120912,0.7906585327514274,0.34577981886074616,relevance_minus_redundancy,,
2,"f8_w10,f10_w10",0.4103531627727087,0.1293019751169139,0.1293019751169139,0.3457021752142518,relevance_minus_redundancy,,
4,"f7_w10,f5_w10,f3_w10,f6_w10",0.584316966718098,0.47723358809585664,0.651642574178619,0.3457001726701696,relevance_minus_redundancy,,
4,"f7_w10,f5_w10,f9_w10,f10_w10",0.5303383506187396,0.37028643773273845,0.7835900884301347,0.3451951317523704,relevance_minus_redundancy,,
8,"f1_w10,f7_w10,f5_w10,f3_w10,f8_w10,f9_w10,f6_w10,f10_w10",0.5609479372716708,0.43191447232528485,0.8931403725213071,0.3449907011090284,relevance_minus_redundancy,,
7,"f1_w10,f7_w10,f5_w10,f3_w10,f8_w10,f9_w10,f6_w10",0.6114816350513044,0.5332574027787907,0.8931403725213071,0.344852933661909,relevance_minus_redundancy,,
7,"f1_w10,f7_w10,f5_w10,f3_w10,f8_w10,f9_w10,f2_w10",0.5881170988297617,0.48662734134980873,0.8931403725213071,0.3448034281548573,relevance_minus_redundancy,,
8,"f1_w10,f7_w10,f5_w10,f3_w10,f8_w10,f9_w10,f10_w10,f2_w10",0.540503968077821,0.3919315075379019,0.8931403725213071,0.34453821430887,relevance_minus_redundancy,,
3,"f5_w10,f8_w10,f2_w10",0.45685880945158375,0.2246483610180717,0.5587821446652559,0.3445346289425479,relevance_minus_redundancy,,
2,"f1_w10,f7_w10",0.7775871269137038,0.8662910087756914,0.8662910087756914,0.3444416225258581,relevance_minus_redundancy,,
6,"f7_w10,f5_w10,f3_w10,f8_w10,f10_w10,f2_w10",0.499070406477835,0.3093232555707453,0.8931403725213071,0.34440877869246234,relevance_minus_redundancy,,
3,"f1_w10,f9_w10,f6_w10",0.5138181989126023,0.3390340519440356,0.5535628093012784,0.3443011729405845,relevance_minus_redundancy,,
3,"f5_w10,f9_w10,f10_w10",0.4686315209015776,0.24905756163770512,0.46481070033033334,0.34410274008272507,relevance_minus_redundancy,,
6,"f1_w10,f7_w10,f5_w10,f8_w10,f10_w10,f2_w10",0.5221604558327325,0.3564242553913842,0.8931403725213071,0.3439483281370404,relevance_minus_redundancy,,
7,"f1_w10,f5_w10,f3_w10,f8_w10,f9_w10,f10_w10,f4_w10",0.5132648351935792,0.33952544848087296,0.7906585327514274,0.34350211095314276,relevance_minus_redundancy,,
7,"f1_w10,f7_w10,f5_w10,f3_w10,f8_w10,f6_w10,f2_w10",0.5483958701560292,0.4098935568995117,0.8931403725213071,0.34344909170627336,relevance_minus_redundancy,,
4,"f1_w10,f5_w10,f9_w10,f2_w10",0.521672865344782,0.3564743563644179,0.6665474830829722,0.343435687162573,relevance_minus_redundancy,,
5,"f1_w10,f3_w10,f8_w10,f9_w10,f2_w10",0.5385144467691971,0.39066906443513727,0.7906585327514274,0.3431799145516285,relevance_minus_redundancy,,
5,"f1_w10,f3_w10,f8_w10,f10_w10,f4_w10",0.4788342672929116,0.2713155163644193,0.7906585327514274,0.34317650911070197,relevance_minus_redundancy,,
4,"f5_w10,f3_w10,f8_w10,f4_w10",0.5140081219463151,0.34177192667734513,0.651642574178619,0.3431221586076425,relevance_minus_redundancy,,
3,"f7_w10,f5_w10,f2_w10",0.4908469984645986,0.2959542765315775,0.6323689636125782,0.34286986019880983,relevance_minus_redundancy,,
4,"f1_w10,f5_w10,f8_w10,f4_w10",0.5486431959786613,0.4119757682887805,0.7376574661746979,0.342655311834271,relevance_minus_redundancy,,
2,"f3_w10,f2_w10",0.37473432767962345,0.06445539063842011,0.06445539063842011,0.3425066323604134,relevance_minus_redundancy,,
7,"f1_w10,f7_w10,f3_w10,f8_w10,f9_w10,f6_w10,f10_w10",0.539827839997321,0.3947932212470044,0.8931403725213071,0.34243122937381876,relevance_minus_redundancy,,
4,"f7_w10,f3_w10,f8_w10,f9_w10",0.6300055305318949,0.5753911310961332,0.8931403725213071,0.3423099649838283,relevance_minus_redundancy,,
4,"f1_w10,f8_w10,f9_w10,f10_w10",0.5375789078252438,0.390595189004914,0.7376574661746979,0.3422813133227868,relevance_minus_redundancy,,
6,"f1_w10,f7_w10,f3_w10,f8_w10,f9_w10,f6_w10",0.595263804527835,0.5066523888999471,0.8931403725213071,0.34193761007786144,relevance_minus_redundancy,,
5,"f5_w10,f3_w10,f8_w10,f10_w10,f2_w10",0.4557927198193569,0.22827082403815346,0.651642574178619,0.34165730780028014,relevance_minus_redundancy,,
5,"f1_w10,f3_w10,f9_w10,f10_w10,f2_w10",0.45725800278580825,0.23194343620003427,0.7906585327514274,0.34128628468579114,relevance_minus_redundancy,,
4,"f1_w10,f3_w10,f6_w10,f4_w10",0.44632757547534746,0.211292109448905,0.7906585327514274,0.340681520750895,relevance_minus_redundancy,,
5,"f7_w10,f5_w10,f3_w10,f10_w10,f4_w10",0.47304182152770824,0.2647565605562697,0.651642574178619,0.3406635412495734,relevance_minus_redundancy,,
4,"f1_w10,f8_w10,f6_w10,f10_w10",0.46806675764621203,0.2549070599670264,0.7376574661746979,0.34061322766269886,relevance_minus_redundancy,,
6,"f1_w10,f7_w10,f3_w10,f9_w10,f10_w10,f4_w10",0.49767163253366314,0.31467127685173,0.8662910087756914,0.34033599410779813,relevance_minus_redundancy,,
6,"f1_w10,f7_w10,f3_w10,f9_w10,f10_w10,f2_w10",0.5002914756165444,0.3200631144167952,0.8662910087756914,0.34025991840814684,relevance_minus_redundancy,,
5,"f5_w10,f3_w10,f8_w10,f9_w10,f2_w10",0.5123290875961848,0.3447497316966903,0.7348671056637521,0.3399542217478396,relevance_minus_redundancy,,
6,"f1_w10,f7_w10,f3_w10,f8_w10,f6_w10,f2_w10",0.5216637454833474,0.36344599663814126,0.8931403725213071,0.33994074716427675,relevance_minus_redundancy,,
5,"f1_w10,f7_w10,f3_w10,f9_w10,f2_w10",0.558907360177006,0.43796686027190557,0.8662910087756914,0.33992393004105326,relevance_minus_redundancy,,
5,"f7_w10,f5_w10,f3_w10,f9_w10,f2_w10",0.5327220010039937,0.38654285516809156,0.7835900884301347,0.3394505734199479,relevance_minus_redundancy,,
6,"f1_w10,f7_w10,f5_w10,f8_w10,f6_w10,f10_w10",0.5494190814245323,0.42019948930356843,0.8931403725213071,0.3393193367727481,relevance_minus_redundancy,,
5,"f7_w10,f5_w10,f3_w10,f8_w10,f6_w10",0.5901524279207145,0.5020473836775904,0.8931403725213071,0.33912873608191935,relevance_minus_redundancy,,
6,"f1_w10,f7_w10,f3_w10,f8_w10,f10_w10,f4_w10",0.5182716960391306,0.3584058103999484,0.8931403725213071,0.3390687908391564,relevance_minus_redundancy,,
4,"f1_w10,f5_w10,f6_w10,f10_w10",0.4918903440114469,0.3062003567731492,0.6665474830829722,0.3387901656248723,relevance_minus_redundancy,,
3,"f1_w10,f7_w10,f2_w10",0.5344892637529525,0.39144493769637306,0.8662910087756914,0.3387667949047659,relevance_minus_redundancy,,
7,"f1_w10,f7_w10,f5_w10,f3_w10,f6_w10,f10_w10,f2_w10",0.4903555530250371,0.3035241260711608,0.8662910087756914,0.3385934899894567,relevance_minus_redundancy,,
5,"f1_w10,f7_w10,f3_w10,f9_w10,f4_w10",0.5557635484775485,0.43442369503868006,0.8662910087756914,0.33855170095820847,relevance_minus_redundancy,,
4,"f1_w10,f5_w10,f9_w10,f4_w10",0.51774310072046,0.3584670212226902,0.6665474830829722,0.33850959010911497,relevance_minus_redundancy,,
4,"f7_w10,f3_w10,f9_w10,f6_w10",0.5295932850946619,0.38217405959050427,0.7835900884301347,0.3385062552994097,relevance_minus_redundancy,,
8,"f1_w10,f7_w10,f5_w10,f3_w10,f8_w10,f9_w10,f10_w10,f4_w10",0.53853908576566,0.4003187665177171,0.8931403725213071,0.3383797025068015,relevance_minus_redundancy,,
5,"f1_w10,f7_w10,f5_w10,f8_w10,f6_w10",0.6178604871465916,0.5594330966179553,0.8931403725213071,0.33814393883761396,relevance_minus_redundancy,,
3,"f7_w10,f3_w10,f4_w10",0.4830694788773949,0.28990366417647195,0.5398163224155659,0.3381176467891589,relevance_minus_redundancy,,
5,"f1_w10,f7_w10,f3_w10,f6_w10,f4_w10",0.5001538283343231,0.32479947916883894,0.8662910087756914,0.33775408874990365,relevance_minus_redundancy,,
6,"f1_w10,f7_w10,f5_w10,f3_w10,f6_w10,f4_w10",0.5349262933106226,0.3949924178738992,0.8662910087756914,0.33743008437367294,relevance_minus_redundancy,,
5,"f7_w10,f3_w10,f8_w10,f6_w10,f10_w10",0.48983711484513776,0.30559024302488547,0.8931403725213071,0.337041993332695,relevance_minus_redundancy,,
5,"f1_w10,f5_w10,f8_w10,f6_w10,f10_w10",0.5162111297553936,0.35835677006015104,0.7376574661746979,0.3370327447253181,relevance_minus_redundancy,,
5,"f7_w10,f5_w10,f3_w10,f6_w10,f10_w10",0.5088959839373256,0.34411175424387547,0.651642574178619,0.3368401068153879,relevance_minus_redundancy,,
5,"f1_w10,f7_w10,f8_w10,f6_w10,f10_w10",0.5175451740710147,0.36164980351415954,0.8931403725213071,0.336720272313935,relevance_minus_redundancy,,
3,"f3_w10,f9_w10,f4_w10",0.40788116285344506,0.14241234233361322,0.286032675551269,0.33667499168663845,relevance_minus_redundancy,,
6,"f1_w10,f3_w10,f8_w10,f9_w10,f10_w10,f2_w10",0.48329738111003695,0.29324558957070374,0.7906585327514274,0.33667458632468505,relevance_minus_redundancy,,
8,"f1_w10,f7_w10,f5_w10,f3_w10,f8_w10,f6_w10,f10_w10,f2_w10",0.5057478929883051,0.33896198266368377,0.8931403725213071,0.3362669016564632,relevance_minus_redundancy,,
7,"f1_w10,f7_w10,f5_w10,f3_w10,f8_w10,f9_w10,f4_w10",0.5858715190444349,0.4999744443297395,0.8931403725213071,0.33588429687956517,relevance_minus_redundancy,,
4,"f1_w10,f7_w10,f8_w10,f6_w10",0.5951284543852093,0.5186941026388513,0.8931403725213071,0.3357814030657837,relevance_minus_redundancy,,
4,"f7_w10,f3_w10,f8_w10,f2_w10",0.5196054419651633,0.3680105108949556,0.8931403725213071,0.33560018651768553,relevance_minus_redundancy,,
6,"f7_w10,f5_w10,f3_w10,f8_w10,f6_w10,f10_w10",0.5263290320696349,0.38183278838376217,0.8931403725213071,0.33541263787775377,relevance_minus_redundancy,,
4,"f1_w10,f7_w10,f10_w10,f2_w10",0.4526699610182735,0.2348457555404324,0.8662910087756914,0.3352470832480573,relevance_minus_redundancy,,
4,"f5_w10,f3_w10,f8_w10,f6_w10",0.5588258249583368,0.44768512893743595,0.651642574178619,0.3349832604896188,relevance_minus_redundancy,,
6,"f1_w10,f7_w10,f3_w10,f6_w10,f10_w10,f2_w10",0.45395004216385654,0.2381590728517679,0.8662910087756914,0.3348705057379726,relevance_minus_redundancy,,
5,"f7_w10,f5_w10,f3_w10,f9_w10,f4_w10",0.5295781893045362,0.3906427771730227,0.7835900884301347,0.33425680071802477,relevance_minus_redundancy,,
5,"f1_w10,f3_w10,f8_w10,f9_w10,f4_w10",0.5353706350697396,0.4035511577149915,0.7906585327514274,0.33359505621224383,relevance_minus_redundancy,,
5,"f1_w10,f5_w10,f8_w10,f10_w10,f4_w10",0.48035696734577626,0.29361914584842325,0.7376574661746979,0.33354739442156467,relevance_minus_redundancy,,
5,"f1_w10,f7_w10,f5_w10,f6_w10,f2_w10",0.5048203400866453,0.3427496478152955,0.8662910087756914,0.3334455161789976,relevance_minus_redundancy,,
4,"f1_w10,f5_w10,f6_w10,f2_w10",0.45216071516575024,0.2377618426622096,0.6665474830829722,0.33327979383464545,relevance_minus_redundancy,,
5,"f7_w10,f5_w10,f3_w10,f8_w10,f4_w10",0.5542982655110972,0.4421054617815388,0.8931403725213071,0.3332455346203278,relevance_minus_redundancy,,
5,"f1_w10,f5_w10,f3_w10,f6_w10,f4_w10",0.498819784018702,0.3312275169500951,0.7906585327514274,0.3332060255436544,relevance_minus_redundancy,,
5,"f1_w10,f7_w10,f3_w10,f8_w10,f4_w10",0.5804836246841095,0.4948987009010459,0.8931403725213071,0.33303427423358656,relevance_minus_redundancy,,
6,"f1_w10,f5_w10,f3_w10,f9_w10,f6_w10,f2_w10",0.49995197838152894,0.3339430113882899,0.7906585327514274,0.33298047268738395,relevance_minus_redundancy,,
7,"f1_w10,f5_w10,f3_w10,f8_w10,f6_w10,f10_w10,f2_w10",0.4757891863051736,0.2856412622869512,0.7906585327514274,0.332968555161698,relevance_minus_redundancy,,
6,"f1_w10,f7_w10,f5_w10,f3_w10,f2_w10,f4_w10",0.5076676677188228,0.3500362424081642,0.8662910087756914,0.33264954651474066,relevance_minus_redundancy,,
6,"f7_w10,f5_w10,f3_w10,f9_w10,f10_w10,f2_w10",0.4784703429723675,0.2920591248015819,0.7835900884301347,0.33244078057157656,relevance_minus_redundancy,,
5,"f1_w10,f5_w10,f3_w10,f2_w10,f4_w10",0.46610943330854215,0.2673741896927171,0.7906585327514274,0.3324223384621836,relevance_minus_redundancy,,
7,"f1_w10,f7_w10,f5_w10,f3_w10,f9_w10,f6_w10,f2_w10",0.5307386728656285,0.3968322382785594,0.8662910087756914,0.3323225537263488,relevance_minus_redundancy,,
5,"f7_w10,f5_w10,f3_w10,f9_w10,f6_w10",0.5654323517141535,0.4666334354650196,0.7835900884301347,0.3321156339816437,relevance_minus_redundancy,,
3,"f7_w10,f8_w10,f10_w10",0.5120550551052144,0.3603430790262745,0.8931403725213071,0.3318835155920772,relevance_minus_redundancy,,
3,"f7_w10,f5_w10,f8_w10",0.6792472435645088,0.6947638269330471,0.8931403725213071,0.3318653300979853,relevance_minus_redundancy,,
6,"f7_w10,f5_w10,f3_w10,f8_w10,f10_w10,f4_w10",0.4964505633949537,0.3294889981076063,0.8931403725213071,0.3317060643411506,relevance_minus_redundancy,,
4,"f1_w10,f5_w10,f9_w10,f6_w10",0.5625608037324817,0.46215468303850865,0.6665474830829722,0.33148346221322744,relevance_minus_redundancy,,
6,"f1_w10,f5_w10,f3_w10,f8_w10,f2_w10,f4_w10",0.4906735732123153,0.31844156660742945,0.7906585327514274,0.3314527899086006,relevance_minus_redundancy,,
7,"f1_w10,f7_w10,f3_w10,f8_w10,f9_w10,f10_w10,f2_w10",0.5164633037757782,0.37015888430159277,0.8931403725213071,0.3313838616249818,relevance_minus_redundancy,,
6,"f1_w10,f3_w10,f8_w10,f9_w10,f10_w10,f4_w10",0.4806775380271557,0.2988039243476917,0.7906585327514274,0.3312755758533098,relevance_minus_redundancy,,
7,"f1_w10,f7_w10,f3_w10,f8_w10,f6_w10,f10_w10,f2_w10",0.47674207510204575,0.2919301340571446,0.8931403725213071,0.33077700807347343,relevance_minus_redundancy,,
4,"f1_w10,f7_w10,f6_w10,f2_w10",0.4538282705602766,0.2469744086132004,0.8662910087756914,0.3303410662536764,relevance_minus_redundancy,,
7,"f1_w10,f7_w10,f5_w10,f3_w10,f6_w10,f10_w10,f4_w10",0.4881099732397103,0.3158718667400597,0.8662910087756914,0.3301740398696804,relevance_minus_redundancy,,
6,"f7_w10,f5_w10,f3_w10,f9_w10,f10_w10,f4_w10",0.4758504998894862,0.2917626787286211,0.7835900884301347,0.32996916052517566,relevance_minus_redundancy,,
6,"f1_w10,f5_w10,f3_w10,f8_w10,f6_w10,f4_w10",0.5179321988041151,0.37619224187297157,0.7906585327514274,0.32983607786762936,relevance_minus_redundancy,,
6,"f1_w10,f7_w10,f5_w10,f8_w10,f10_w10,f4_w10",0.5195406127498512,0.37944507280241846,0.8931403725213071,0.32981807634864196,relevance_minus_redundancy,,
7,"f1_w10,f5_w10,f3_w10,f8_w10,f9_w10,f6_w10,f2_w10",0.5161723061457649,0.3732618474256501,0.7906585327514274,0.32954138243293984,relevance_minus_redundancy,,
6,"f1_w10,f7_w10,f5_w10,f9_w10,f6_w10,f10_w10",0.5288190179190648,0.3987739328283766,0.8662910087756914,0.32943205150487653,relevance_minus_redundancy,,
5,"f1_w10,f3_w10,f9_w10,f6_w10,f2_w10",0.45818465041941075,0.2579410833454222,0.7906585327514274,0.32921410874669965,relevance_minus_redundancy,,
6,"f1_w10,f7_w10,f5_w10,f9_w10,f10_w10,f2_w10",0.501560392327265,0.3447617299287173,0.8662910087756914,0.32917952736290634,relevance_minus_redundancy,,
2,"f7_w10,f6_w10",0.46365206537623715,0.2690374046018365,0.2690374046018365,0.32913336307531893,relevance_minus_redundancy,,
5,"f1_w10,f5_w10,f9_w10,f10_w10,f2_w10",0.45878070283867284,0.2597360953482163,0.6665474830829722,0.3289126551645647,relevance_minus_redundancy,,
5,"f1_w10,f7_w10,f5_w10,f8_w10,f9_w10",0.673470207289817,0.6891618142558,0.8931403725213071,0.328889300161917,relevance_minus_redundancy,,
4,"f1_w10,f7_w10,f10_w10,f4_w10",0.4487401963939515,0.23977766324955138,0.8662910087756914,0.3288513647691758,relevance_minus_redundancy,,
4,"f7_w10,f3_w10,f10_w10,f2_w10",0.4180348869859273,0.1784326823339347,0.5398163224155659,0.3288185458189599,relevance_minus_redundancy,,
5,"f7_w10,f3_w10,f8_w10,f10_w10,f2_w10",0.45712676413497794,0.2570461376246678,0.8931403725213071,0.328603695322644,relevance_minus_redundancy,,
6,"f7_w10,f5_w10,f3_w10,f8_w10,f9_w10,f2_w10",0.5461840462918582,0.43530940727573864,0.8931403725213071,0.3285293426539889,relevance_minus_redundancy,,
6,"f7_w10,f5_w10,f3_w10,f9_w10,f6_w10,f10_w10",0.5057289685641674,0.3548056266020739,0.7835900884301347,0.32832615526313047,relevance_minus_redundancy,,
7,"f1_w10,f7_w10,f5_w10,f3_w10,f8_w10,f6_w10,f4_w10",0.5461502903707024,0.43564929043921047,0.8931403725213071,0.3283256451510972,relevance_minus_redundancy,,
6,"f1_w10,f3_w10,f8_w10,f6_w10,f10_w10,f2_w10",0.4369559476573491,0.21802885148369602,0.7906585327514274,0.3279415219155011,relevance_minus_redundancy,,
5,"f7_w10,f3_w10,f9_w10,f6_w10,f10_w10",0.46511703863857673,0.27444664478584524,0.7835900884301347,0.3278937162456541,relevance_minus_redundancy,,
5,"f1_w10,f3_w10,f8_w10,f6_w10,f4_w10",0.4797609149265141,0.30395789706217974,0.7906585327514274,0.32778196639542423,relevance_minus_redundancy,,
5,"f1_w10,f7_w10,f5_w10,f9_w10,f2_w10",0.5604300602298707,0.46543242441945026,0.8662910087756914,0.3277138480201456,relevance_minus_redundancy,,
5,"f1_w10,f5_w10,f8_w10,f6_w10,f2_w10",0.4844274266788363,0.31365317584153557,0.7376574661746979,0.32760083875806856,relevance_minus_redundancy,,
5,"f1_w10,f5_w10,f9_w10,f10_w10,f4_w10",0.4556368911392153,0.25638710314880747,0.6665474830829722,0.32744333956481153,relevance_minus_redundancy,,
6,"f1_w10,f7_w10,f3_w10,f8_w10,f9_w10,f2_w10",0.5680051789360352,0.48151709877891075,0.8931403725213071,0.3272466295465798,relevance_minus_redundancy,,
6,"f5_w10,f3_w10,f8_w10,f9_w10,f10_w10,f2_w10",0.46147624846586005,0.26891138153240185,0.7348671056637521,0.3270205576996591,relevance_minus_redundancy,,
6,"f1_w10,f5_w10,f3_w10,f6_w10,f10_w10,f2_w10",0.45283833856750566,0.25164520089723397,0.7906585327514274,0.3270157381188887,relevance_minus_redundancy,,
5,"f5_w10,f3_w10,f8_w10,f10_w10,f4_w10",0.45264890811989933,0.25133250244221755,0.651642574178619,0.3269826568987906,relevance_minus_redundancy,,
7,"f7_w10,f5_w10,f3_w10,f8_w10,f9_w10,f10_w10,f2_w10",0.49775947579505514,0.34163816212360987,0.8931403725213071,0.3269403947332502,relevance_minus_redundancy,,
5,"f1_w10,f7_w10,f5_w10,f9_w10,f6_w10",0.5931404109400306,0.5324215563651292,0.8662910087756914,0.32692963275746595,relevance_minus_redundancy,,
5,"f1_w10,f5_w10,f8_w10,f9_w10,f2_w10",0.5400371468220617,0.426304997228661,0.7376574661746979,0.3268846482077312,relevance_minus_redundancy,,
8,"f1_w10,f7_w10,f5_w10,f3_w10,f9_w10,f6_w10,f10_w10,f2_w10",0.4902978453592045,0.32733499567655466,0.8662910087756914,0.3266303475209272,relevance_minus_redundancy,,
5,"f5_w10,f3_w10,f8_w10,f9_w10,f4_w10",0.5091852758967272,0.36527491221470115,0.7348671056637521,0.32654781978937664,relevance_minus_redundancy,,
7,"f1_w10,f7_w10,f5_w10,f3_w10,f8_w10,f2_w10,f4_w10",0.5227857541491596,0.3926936005156211,0.8931403725213071,0.3264389538913491,relevance_minus_redundancy,,
4,"f1_w10,f8_w10,f10_w10,f2_w10",0.4271788192585123,0.20180419145411954,0.7376574661746979,0.32627672353145254,relevance_minus_redundancy,,
6,"f1_w10,f7_w10,f3_w10,f6_w10,f10_w10,f4_w10",0.45133019908097527,0.250139318070378,0.8662910087756914,0.3262605400457863,relevance_minus_redundancy,,
7,"f1_w10,f7_w10,f5_w10,f3_w10,f10_w10,f2_w10,f4_w10",0.46474543701816756,0.2770797545484347,0.8662910087756914,0.3262055597439502,relevance_minus_redundancy,,
3,"f3_w10,f8_w10,f4_w10",0.44908128986437995,0.24611404821996855,0.38452581700845295,0.3260242657543957,relevance_minus_redundancy,,
4,"f7_w10,f3_w10,f10_w10,f4_w10",0.4141051223616053,0.1762269028576207,0.5398163224155659,0.32599167093279496,relevance_minus_redundancy,,
5,"f1_w10,f7_w10,f8_w10,f9_w10,f10_w10",0.5731548942142402,0.49451794931972193,0.8931403725213071,0.3258959195543792,relevance_minus_redundancy,,
8,"f1_w10,f7_w10,f5_w10,f3_w10,f8_w10,f9_w10,f6_w10,f2_w10",0.5410831228488225,0.4305703929101913,0.8931403725213071,0.3257979263937269,relevance_minus_redundancy,,
4,"f3_w10,f8_w10,f9_w10,f6_w10",0.5041021433349007,0.35676957312890706,0.7348671056637521,0.3257173567704471,relevance_minus_redundancy,,
4,"f3_w10,f8_w10,f6_w10,f10_w10",0.4334316836138658,0.21588690687825715,0.38452581700845295,0.3254882301747372,relevance_minus_redundancy,,
8,"f1_w10,f7_w10,f5_w10,f3_w10,f8_w10,f6_w10,f10_w10,f4_w10",0.5037830106761441,0.35665571456332495,0.8931403725213071,0.3254551533944816,relevance_minus_redundancy,,
7,"f1_w10,f7_w10,f3_w10,f8_w10,f9_w10,f10_w10,f4_w10",0.5142177239904514,0.3775514736190735,0.8931403725213071,0.32544198718091466,relevance_minus_redundancy,,
6,"f1_w10,f7_w10,f3_w10,f9_w10,f6_w10,f2_w10",0.5010636819778799,0.3514249135244695,0.8662910087756914,0.32535122521564513,relevance_minus_redundancy,,
6,"f1_w10,f7_w10,f5_w10,f9_w10,f10_w10,f4_w10",0.4989405492443837,0.34732035872992967,0.8662910087756914,0.3252803698794189,relevance_minus_redundancy,,
5,"f5_w10,f3_w10,f9_w10,f10_w10,f4_w10",0.4279288319133383,0.205698051782857,0.651642574178619,0.3250798060219098,relevance_minus_redundancy,,
3,"f1_w10,f10_w10,f4_w10",0.35983398193519345,0.06956356069304956,0.11014774725554446,0.32505220158866865,relevance_minus_redundancy,,
6,"f1_w10,f5_w10,f3_w10,f9_w10,f6_w10,f4_w10",0.49733213529864767,0.34474755946656127,0.7906585327514274,0.324958355565367,relevance_minus_redundancy,,
3,"f7_w10,f5_w10,f9_w10",0.638047116553574,0.6269232507910153,0.7835900884301347,0.3245854911580664,relevance_minus_redundancy,,
7,"f1_w10,f7_w10,f5_w10,f3_w10,f9_w10,f6_w10,f4_w10",0.5284930930803017,0.40797212281124245,0.8662910087756914,0.3245070316746804,relevance_minus_redundancy,,
4,"f5_w10,f3_w10,f9_w10,f6_w10",0.5279257297001355,0.40692026259834674,0.651642574178619,0.3244655984009621,relevance_minus_redundancy,,
5,"f5_w10,f3_w10,f9_w10,f10_w10,f2_w10",0.43107264361279585,0.21332965629352563,0.651642574178619,0.32440781546603303,relevance_minus_redundancy,,
4,"f5_w10,f8_w10,f9_w10,f10_w10",0.5048472088589784,0.361687318393173,0.7348671056637521,0.32400354966239187,relevance_minus_redundancy,,
8,"f1_w10,f7_w10,f5_w10,f3_w10,f8_w10,f10_w10,f2_w10,f4_w10",0.48333904148229423,0.31942852840498653,0.8931403725213071,0.323624777279801,relevance_minus_redundancy,,
5,"f1_w10,f7_w10,f5_w10,f8_w10,f4_w10",0.5820063247369742,0.5168752353844125,0.8931403725213071,0.323568707044768,relevance_minus_redundancy,,
3,"f3_w10,f9_w10,f2_w10",0.4131208490192077,0.17923534557717688,0.35684356555552404,0.32350317623061925,relevance_minus_redundancy,,
5,"f1_w10,f7_w10,f9_w10,f6_w10,f10_w10",0.4928250978644537,0.3389086132348641,0.8662910087756914,0.32337079124702167,relevance_minus_redundancy,,
4,"f5_w10,f3_w10,f10_w10,f2_w10",0.41636733159140094,0.1862001976657526,0.651642574178619,0.32326723275852465,relevance_minus_redundancy,,
3,"f1_w10,f10_w10,f2_w10",0.3650736681009561,0.08365619661223644,0.11014774725554446,0.3232455697948379,relevance_minus_redundancy,,
9,"f1_w10,f7_w10,f5_w10,f3_w10,f8_w10,f9_w10,f6_w10,f10_w10,f2_w10",0.503986337289424,0.36158821810266817,0.8931403725213071,0.3231922282380899,relevance_minus_redundancy,,
5,"f5_w10,f3_w10,f8_w10,f9_w10,f6_w10",0.5450394383063446,0.4440320616933289,0.7348671056637521,0.32302340745968017,relevance_minus_redundancy,,
4,"f1_w10,f8_w10,f6_w10,f2_w10",0.4283371288005154,0.21074475848148752,0.7376574661746979,0.3229647495597716,relevance_minus_redundancy,,
5,"f1_w10,f5_w10,f9_w10,f6_w10,f10_w10",0.49149105354883266,0.33717346375648055,0.6665474830829722,0.32290432167059235,relevance_minus_redundancy,,
6,"f1_w10,f5_w10,f8_w10,f9_w10,f10_w10,f2_w10",0.4845662978207575,0.32339111751327854,0.7376574661746979,0.32287073906411823,relevance_minus_redundancy,,
7,"f7_w10,f5_w10,f3_w10,f8_w10,f9_w10,f6_w10,f10_w10",0.5211240120165979,0.39730122800059703,0.8931403725213071,0.3224733980162994,relevance_minus_redundancy,,
6,"f1_w10,f3_w10,f8_w10,f9_w10,f6_w10,f2_w10",0.48406958747137235,0.3233321542602179,0.7906585327514274,0.3224035103412634,relevance_minus_redundancy,,
4,"f3_w10,f8_w10,f10_w10,f2_w10",0.3925437452261661,0.1409482911132686,0.38452581700845295,0.3220695996695318,relevance_minus_redundancy,,
5,"f1_w10,f3_w10,f9_w10,f6_w10,f4_w10",0.4550408387199532,0.26618801788605656,0.7906585327514274,0.3219468297769249,relevance_minus_redundancy,,
6,"f1_w10,f7_w10,f3_w10,f8_w10,f6_w10,f4_w10",0.519043902400466,0.3941974318758709,0.8931403725213071,0.32194518646253056,relevance_minus_redundancy,,
6,"f1_w10,f7_w10,f5_w10,f8_w10,f6_w10,f2_w10",0.5229326621940679,0.402039836874424,0.8931403725213071,0.32191274375685586,relevance_minus_redundancy,,
5,"f5_w10,f3_w10,f8_w10,f6_w10,f10_w10",0.4885030705295167,0.33345418731645415,0.651642574178619,0.3217759768712896,relevance_minus_redundancy,,
5,"f1_w10,f7_w10,f8_w10,f10_w10,f2_w10",0.4848348233608549,0.32620714646519094,0.8931403725213071,0.3217312501282594,relevance_minus_redundancy,,
6,"f1_w10,f5_w10,f3_w10,f9_w10,f2_w10,f4_w10",0.4700735097068478,0.29675991521354417,0.7906585327514274,0.3216935521000757,relevance_minus_redundancy,,
6,"f7_w10,f5_w10,f3_w10,f8_w10,f9_w10,f6_w10",0.5734426718836582,0.5038849179009808,0.8931403725213071,0.3215002129331678,relevance_minus_redundancy,,
8,"f1_w10,f5_w10,f3_w10,f8_w10,f9_w10,f6_w10,f10_w10,f2_w10",0.4775522744793239,0.3121827413110267,0.7906585327514274,0.32146090382381054,relevance_minus_redundancy,,
5,"f1_w10,f3_w10,f6_w10,f10_w10,f2_w10",0.4016482826425828,0.1605426422353232,0.7906585327514274,0.3213769615249212,relevance_minus_redundancy,,
8,"f1_w10,f7_w10,f5_w10,f3_w10,f9_w10,f6_w10,f10_w10,f4_w10",0.4883329630470435,0.3340668408209341,0.8662910087756914,0.32129954263657645,relevance_minus_redundancy,,
7,"f1_w10,f5_w10,f3_w10,f8_w10,f10_w10,f2_w10,f4_w10",0.450179070298304,0.2578795140086867,0.7906585327514274,0.32123931329396066,relevance_minus_redundancy,,
3,"f1_w10,f7_w10,f4_w10",0.5292495775871898,0.41645739016251854,0.8662910087756914,0.3210208825059305,relevance_minus_redundancy,,
7,"f1_w10,f5_w10,f3_w10,f8_w10,f6_w10,f10_w10,f4_w10",0.4735436065198467,0.3058105546287453,0.7906585327514274,0.3206383292054741,relevance_minus_redundancy,,
7,"f1_w10,f5_w10,f3_w10,f9_w10,f6_w10,f10_w10,f2_w10",0.45813198901477287,0.27535529316559676,0.7906585327514274,0.32045434243197446,relevance_minus_redundancy,,
5,"f1_w10,f7_w10,f5_w10,f9_w10,f4_w10",0.5572862485304132,0.47381495873564117,0.8662910087756914,0.3203787691625926,relevance_minus_redundancy,,
5,"f7_w10,f5_w10,f8_w10,f9_w10,f10_w10",0.5469695350412278,0.453781022436366,0.8931403725213071,0.3200790238230448,relevance_minus_redundancy,,
4,"f5_w10,f3_w10,f10_w10,f4_w10",0.41243756696707895,0.1852826718153474,0.651642574178619,0.31979623105940524,relevance_minus_redundancy,,
2,"f5_w10,f4_w10",0.37068154856314106,0.10186469656029025,0.10186469656029025,0.3197492002829959,relevance_minus_redundancy,,
4,"f1_w10,f7_w10,f9_w10,f6_w10",0.5642283591270081,0.4893367762732949,0.8662910087756914,0.3195599709903606,relevance_minus_redundancy,,
4,"f1_w10,f9_w10,f6_w10,f10_w10",0.43716666238801083,0.23526345685006264,0.5535628093012784,0.3195349339629795,relevance_minus_redundancy,,
7,"f1_w10,f7_w10,f5_w10,f8_w10,f9_w10,f10_w10,f2_w10",0.5175509466706816,0.3960986728890041,0.8931403725213071,0.3195016102261795,relevance_minus_redundancy,,
6,"f1_w10,f7_w10,f5_w10,f6_w10,f10_w10,f2_w10",0.45521895887457714,0.27152406399115614,0.8662910087756914,0.31945692687899907,relevance_minus_redundancy,,
7,"f7_w10,f5_w10,f3_w10,f8_w10,f9_w10,f10_w10,f4_w10",0.49551389600972834,0.35267031679259364,0.8931403725213071,0.3191787376134315,relevance_minus_redundancy,,
7,"f1_w10,f7_w10,f5_w10,f3_w10,f9_w10,f2_w10,f4_w10",0.5051285568587589,0.37199002646802803,0.8662910087756914,0.3191335436247449,relevance_minus_redundancy,,
6,"f5_w10,f3_w10,f8_w10,f9_w10,f10_w10,f4_w10",0.4588564053829787,0.2795651078014942,0.7348671056637521,0.31907385148223166,relevance_minus_redundancy,,
4,"f7_w10,f5_w10,f8_w10,f2_w10",0.5215088170312441,0.40544707739628194,0.8931403725213071,0.3187852783331031,relevance_minus_redundancy,,
7,"f1_w10,f7_w10,f3_w10,f9_w10,f6_w10,f10_w10,f2_w10",0.45908487781164503,0.28090231542358773,0.8662910087756914,0.31863372009985114,relevance_minus_redundancy,,
7,"f1_w10,f7_w10,f3_w10,f8_w10,f6_w10,f10_w10,f4_w10",0.47449649531671895,0.3117313539343933,0.8931403725213071,0.31863081834952234,relevance_minus_redundancy,,
4,"f7_w10,f5_w10,f10_w10,f2_w10",0.41993826205200807,0.20279712609302472,0.6323689636125782,0.3185396990054957,relevance_minus_redundancy,,
6,"f7_w10,f5_w10,f3_w10,f8_w10,f6_w10,f2_w10",0.4998426128391704,0.3630920036818196,0.8931403725213071,0.3182966109982606,relevance_minus_redundancy,,
7,"f1_w10,f7_w10,f5_w10,f8_w10,f9_w10,f6_w10,f10_w10",0.5409154828922242,0.44552295383682494,0.8931403725213071,0.31815400597381177,relevance_minus_redundancy,,
6,"f1_w10,f5_w10,f3_w10,f6_w10,f10_w10,f4_w10",0.4502184954846244,0.2641407475662076,0.7906585327514274,0.3181481217015206,relevance_minus_redundancy,,
6,"f1_w10,f7_w10,f3_w10,f8_w10,f9_w10,f4_w10",0.5653853358531539,0.4948964512329653,0.8931403725213071,0.31793711023667126,relevance_minus_redundancy,,
7,"f1_w10,f5_w10,f3_w10,f8_w10,f9_w10,f6_w10,f4_w10",0.5139267263604381,0.3922232836312284,0.7906585327514274,0.31781508454482393,relevance_minus_redundancy,,
6,"f1_w10,f7_w10,f3_w10,f9_w10,f6_w10,f4_w10",0.49844383889499855,0.3617141601523773,0.8662910087756914,0.31758675881880993,relevance_minus_redundancy,,
3,"f7_w10,f9_w10,f10_w10",0.47085492809427937,0.3067370027960114,0.7835900884301347,0.3174864266962737,relevance_minus_redundancy,,
4,"f3_w10,f8_w10,f9_w10,f2_w10",0.46321420494720095,0.2916660128333553,0.7348671056637521,0.31738119853052327,relevance_minus_redundancy,,
5,"f7_w10,f5_w10,f3_w10,f6_w10,f2_w10",0.4771122808607683,0.3196410629430134,0.651642574178619,0.3172917493892616,relevance_minus_redundancy,,
7,"f1_w10,f5_w10,f3_w10,f8_w10,f9_w10,f2_w10,f4_w10",0.4905621901388954,0.34710225885958024,0.7906585327514274,0.3170110607091053,relevance_minus_redundancy,,
8,"f1_w10,f7_w10,f5_w10,f3_w10,f9_w10,f10_w10,f2_w10,f4_w10",0.46788899385319366,0.3020698498478769,0.8662910087756914,0.3168540689292552,relevance_minus_redundancy,,
6,"f1_w10,f5_w10,f3_w10,f10_w10,f2_w10,f4_w10",0.4229598698928245,0.21221908112541568,0.7906585327514274,0.3168503293301167,relevance_minus_redundancy,,
6,"f1_w10,f5_w10,f8_w10,f9_w10,f6_w10,f10_w10",0.5118249234125574,0.39019782021274485,0.7376574661746979,0.31672601330618494,relevance_minus_redundancy,,
6,"f7_w10,f5_w10,f3_w10,f8_w10,f9_w10,f4_w10",0.543564203208977,0.4537841512218975,0.8931403725213071,0.31667212759802826,relevance_minus_redundancy,,
6,"f5_w10,f3_w10,f8_w10,f9_w10,f6_w10,f10_w10",0.48873487405765986,0.3444523831327009,0.7348671056637521,0.3165086824913094,relevance_minus_redundancy,,
5,"f1_w10,f5_w10,f8_w10,f9_w10,f6_w10",0.5727474975322215,0.5124858788740505,0.7376574661746979,0.3165045580951963,relevance_minus_redundancy,,
7,"f1_w10,f7_w10,f3_w10,f8_w10,f9_w10,f6_w10,f2_w10",0.5171251949426371,0.40167074075416165,0.8931403725213071,0.31628982456555627,relevance_minus_redundancy,,
6,"f7_w10,f3_w10,f8_w10,f9_w10,f6_w10,f10_w10",0.4898465776540108,0.3471283794783085,0.8931403725213071,0.3162823879148565,relevance_minus_redundancy,,
7,"f1_w10,f7_w10,f5_w10,f8_w10,f6_w10,f10_w10,f2_w10",0.4778297179969491,0.32406019094988875,0.8931403725213071,0.3157996225220048,relevance_minus_redundancy,,
9,"f1_w10,f7_w10,f5_w10,f3_w10,f8_w10,f9_w10,f6_w10,f10_w10,f4_w10",0.5022397752341698,0.3733830404133819,0.8931403725213071,0.3155482550274789,relevance_minus_redundancy,,
8,"f1_w10,f7_w10,f5_w10,f3_w10,f8_w10,f9_w10,f6_w10,f4_w10",0.5391182405366616,0.44735823270767044,0.8931403725213071,0.3154391241828264,relevance_minus_redundancy,,
7,"f1_w10,f5_w10,f3_w10,f9_w10,f6_w10,f10_w10,f4_w10",0.455886409229446,0.2809087365003752,0.7906585327514274,0.3154320409792584,relevance_minus_redundancy,,
5,"f7_w10,f3_w10,f8_w10,f9_w10,f6_w10",0.5463734826219657,0.4626201626742287,0.8931403725213071,0.3150634012848514,relevance_minus_redundancy,,
3,"f1_w10,f7_w10,f9_w10",0.6816893818419278,0.7344813021690348,0.8662910087756914,0.3144487307574104,relevance_minus_redundancy,,
5,"f7_w10,f3_w10,f8_w10,f10_w10,f4_w10",0.4539829524355204,0.2793348638531866,0.8931403725213071,0.3143155205089271,relevance_minus_redundancy,,
8,"f1_w10,f7_w10,f3_w10,f8_w10,f9_w10,f6_w10,f10_w10,f2_w10",0.4783860521765871,0.32828437328509313,0.8931403725213071,0.3142438655340405,relevance_minus_redundancy,,
4,"f7_w10,f3_w10,f9_w10,f2_w10",0.48870534670696214,0.34905674879447046,0.7835900884301347,0.3141769723097269,relevance_minus_redundancy,,
5,"f7_w10,f5_w10,f8_w10,f10_w10,f2_w10",0.4586494641878425,0.28909043664580214,0.8931403725213071,0.31410424586494146,relevance_minus_redundancy,,
6,"f1_w10,f3_w10,f8_w10,f6_w10,f10_w10,f4_w10",0.4343361045744678,0.24095926904435927,0.7906585327514274,0.3138564700522882,relevance_minus_redundancy,,
7,"f1_w10,f7_w10,f3_w10,f9_w10,f6_w10,f10_w10,f4_w10",0.45683929802631823,0.2860876862938208,0.8662910087756914,0.31379545487940785,relevance_minus_redundancy,,
4,"f7_w10,f3_w10,f6_w10,f2_w10",0.41919319652793036,0.21094425197678912,0.5398163224155659,0.3137210705395358,relevance_minus_redundancy,,
6,"f1_w10,f7_w10,f5_w10,f8_w10,f9_w10,f2_w10",0.5692740956467558,0.5114445633877274,0.8931403725213071,0.3135518139528921,relevance_minus_redundancy,,
6,"f1_w10,f5_w10,f8_w10,f9_w10,f10_w10,f4_w10",0.48194645473787623,0.3368999186565441,0.7376574661746979,0.31349649540960417,relevance_minus_redundancy,,
4,"f7_w10,f3_w10,f9_w10,f4_w10",0.48477558208264016,0.342623472841401,0.7835900884301347,0.31346384566193963,relevance_minus_redundancy,,
8,"f1_w10,f5_w10,f3_w10,f8_w10,f9_w10,f6_w10,f10_w10,f4_w10",0.4755873921671629,0.3247807502100774,0.7906585327514274,0.3131970170621242,relevance_minus_redundancy,,
5,"f7_w10,f3_w10,f9_w10,f10_w10,f4_w10",0.42926287622895937,0.2321425292182011,0.7835900884301347,0.3131916116198588,relevance_minus_redundancy,,
5,"f1_w10,f7_w10,f5_w10,f6_w10,f4_w10",0.5016765283871878,0.3771903063069991,0.8662910087756914,0.31308137523368823,relevance_minus_redundancy,,
9,"f1_w10,f7_w10,f5_w10,f3_w10,f8_w10,f9_w10,f10_w10,f2_w10,f4_w10",0.48406735817297,0.34217074586741103,0.8931403725213071,0.31298198523926446,relevance_minus_redundancy,,
5,"f1_w10,f3_w10,f6_w10,f10_w10,f4_w10",0.39850447094312524,0.17132607466201077,0.7906585327514274,0.31284143361211986,relevance_minus_redundancy,,
5,"f5_w10,f3_w10,f8_w10,f6_w10,f2_w10",0.4567193674529594,0.28787889468864153,0.651642574178619,0.31277992010863864,relevance_minus_redundancy,,
4,"f1_w10,f7_w10,f8_w10,f2_w10",0.5542405159975096,0.4830049615635867,0.8931403725213071,0.3127380352157162,relevance_minus_redundancy,,
8,"f1_w10,f7_w10,f5_w10,f3_w10,f8_w10,f9_w10,f2_w10,f4_w10",0.5186742713428116,0.41223855843564,0.8931403725213071,0.3125549921249916,relevance_minus_redundancy,,
7,"f1_w10,f5_w10,f3_w10,f9_w10,f10_w10,f2_w10,f4_w10",0.4325218730079033,0.23995128946069152,0.7906585327514274,0.3125462282775575,relevance_minus_redundancy,,
7,"f1_w10,f3_w10,f8_w10,f9_w10,f6_w10,f10_w10,f2_w10",0.4445185110917815,0.2642034438384705,0.7906585327514274,0.3124167891725462,relevance_minus_redundancy,,
3,"f7_w10,f5_w10,f4_w10",0.48560731229883597,0.34644368645824475,0.6323689636125782,0.3123854690697136,relevance_minus_redundancy,,
8,"f1_w10,f5_w10,f3_w10,f8_w10,f9_w10,f10_w10,f2_w10,f4_w10",0.45514342297331306,0.285929562915695,0.7906585327514274,0.3121786415154656,relevance_minus_redundancy,,
4,"f1_w10,f5_w10,f2_w10,f4_w10",0.40734301215372853,0.19036468807445336,0.6665474830829722,0.31216066811650184,relevance_minus_redundancy,,
5,"f7_w10,f3_w10,f9_w10,f10_w10,f2_w10",0.4324066879284169,0.24054708590441506,0.7835900884301347,0.31213314497620936,relevance_minus_redundancy,,
5,"f5_w10,f3_w10,f9_w10,f6_w10,f10_w10",0.46378299432295567,0.303868473053039,0.651642574178619,0.31184875779643617,relevance_minus_redundancy,,
5,"f3_w10,f8_w10,f9_w10,f6_w10,f10_w10",0.44472412523076776,0.26627546147651804,0.7348671056637521,0.31158639449250874,relevance_minus_redundancy,,
4,"f3_w10,f9_w10,f6_w10,f10_w10",0.4025315883556646,0.1822392904950522,0.4381249567770016,0.3114119431081385,relevance_minus_redundancy,,
6,"f1_w10,f3_w10,f9_w10,f6_w10,f10_w10,f2_w10",0.4163558841518817,0.2098932576694613,0.7906585327514274,0.311409255317151,relevance_minus_redundancy,,
5,"f1_w10,f5_w10,f8_w10,f9_w10,f4_w10",0.5368933351226042,0.4511127900579316,0.7376574661746979,0.3113369400936384,relevance_minus_redundancy,,
3,"f5_w10,f8_w10,f9_w10",0.6040589275405591,0.5861533168864471,0.7348671056637521,0.31098226909733556,relevance_minus_redundancy,,
6,"f1_w10,f7_w10,f5_w10,f8_w10,f9_w10,f6_w10",0.5965327212385556,0.5712857751121369,0.8931403725213071,0.3108898336824872,relevance_minus_redundancy,,
7,"f1_w10,f7_w10,f5_w10,f8_w10,f9_w10,f10_w10,f4_w10",0.5153053668853548,0.40917016675382584,0.8931403725213071,0.31072028350844183,relevance_minus_redundancy,,
3,"f1_w10,f6_w10,f4_w10",0.3613783946578642,0.10207611608303922,0.20283019598529256,0.3103403366163446,relevance_minus_redundancy,,
5,"f7_w10,f3_w10,f8_w10,f6_w10,f2_w10",0.45805341176858044,0.29568527929926386,0.8931403725213071,0.31021077211894854,relevance_minus_redundancy,,
3,"f1_w10,f8_w10,f9_w10",0.6477011928289129,0.6753624603799094,0.7376574661746979,0.3100199626389582,relevance_minus_redundancy,,
5,"f1_w10,f7_w10,f5_w10,f2_w10,f4_w10",0.4689661776770279,0.3179173545226447,0.8662910087756914,0.3100075004157056,relevance_minus_redundancy,,
7,"f7_w10,f5_w10,f3_w10,f8_w10,f6_w10,f10_w10,f2_w10",0.4580382471213227,0.2961620536983406,0.8931403725213071,0.3099572202721524,relevance_minus_redundancy,,
7,"f1_w10,f7_w10,f5_w10,f3_w10,f6_w10,f2_w10,f4_w10",0.4654073281850265,0.31102008259354186,0.8662910087756914,0.3098972868882556,relevance_minus_redundancy,,
6,"f1_w10,f5_w10,f8_w10,f6_w10,f10_w10,f2_w10",0.4382248643680697,0.256840755053737,0.7376574661746979,0.3098044868412012,relevance_minus_redundancy,,
2,"f9_w10,f10_w10",0.34855297225630627,0.07803403051729711,0.07803403051729711,0.30953595699765774,relevance_minus_redundancy,,
5,"f1_w10,f7_w10,f8_w10,f6_w10,f2_w10",0.48576147099445743,0.35261653819773514,0.8931403725213071,0.3094532018955899,relevance_minus_redundancy,,
4,"f7_w10,f3_w10,f8_w10,f4_w10",0.5156756773408414,0.4127327064664407,0.8931403725213071,0.309309324107621,relevance_minus_redundancy,,
6,"f1_w10,f3_w10,f8_w10,f9_w10,f6_w10,f4_w10",0.4814497443884911,0.344571573230179,0.7906585327514274,0.30916395777340155,relevance_minus_redundancy,,
5,"f1_w10,f7_w10,f3_w10,f2_w10,f4_w10",0.4674434776241633,0.3175854097895441,0.8662910087756914,0.30865077272939123,relevance_minus_redundancy,,
4,"f3_w10,f8_w10,f6_w10,f2_w10",0.39370205476816916,0.170271774710723,0.38452581700845295,0.3085661674128077,relevance_minus_redundancy,,
5,"f1_w10,f7_w10,f6_w10,f10_w10,f2_w10",0.40450502701106855,0.19228829793281055,0.8662910087756914,0.3083608780446633,relevance_minus_redundancy,,
5,"f1_w10,f3_w10,f8_w10,f2_w10,f4_w10",0.4470505642163543,0.27755207798317416,0.7906585327514274,0.3082745252247672,relevance_minus_redundancy,,
8,"f1_w10,f7_w10,f5_w10,f3_w10,f8_w10,f6_w10,f2_w10,f4_w10",0.4839181962532958,0.35171670297056096,0.8931403725213071,0.3080598447680153,relevance_minus_redundancy,,
6,"f7_w10,f3_w10,f8_w10,f9_w10,f10_w10,f2_w10",0.4625879520622109,0.3093468831300648,0.8931403725213071,0.30791451049717855,relevance_minus_redundancy,,
6,"f1_w10,f3_w10,f9_w10,f6_w10,f10_w10,f4_w10",0.41373604106900036,0.21236148662030274,0.7906585327514274,0.307555297758849,relevance_minus_redundancy,,
6,"f1_w10,f7_w10,f5_w10,f6_w10,f10_w10,f4_w10",0.4525991157916958,0.29145477557604377,0.8662910087756914,0.3068717280036739,relevance_minus_redundancy,,
3,"f1_w10,f7_w10,f8_w10",0.7228895088528628,0.8323629491572321,0.8931403725213071,0.3067080342742468,relevance_minus_redundancy,,
4,"f1_w10,f5_w10,f6_w10,f4_w10",0.44823095054142825,0.2831847144796699,0.6665474830829722,0.30663859330159327,relevance_minus_redundancy,,
4,"f1_w10,f8_w10,f10_w10,f4_w10",0.4232490546341903,0.23411153001837148,0.7376574661746979,0.3061932896250046,relevance_minus_redundancy,,
8,"f1_w10,f7_w10,f3_w10,f8_w10,f9_w10,f6_w10,f10_w10,f4_w10",0.47642116986442606,0.34060632783573486,0.8931403725213071,0.30611800594655864,relevance_minus_redundancy,,
6,"f1_w10,f7_w10,f8_w10,f9_w10,f6_w10,f10_w10",0.5129366270089083,0.41364513505540396,0.8931403725213071,0.3061140594812063,relevance_minus_redundancy,,
6,"f1_w10,f7_w10,f3_w10,f10_w10,f2_w10,f4_w10",0.4240715734891754,0.23597715688164145,0.8662910087756914,0.3060829950483547,relevance_minus_redundancy,,
4,"f7_w10,f5_w10,f10_w10,f4_w10",0.4160084974276861,0.22046751253240457,0.6323689636125782,0.3057747411614838,relevance_minus_redundancy,,
7,"f1_w10,f7_w10,f3_w10,f8_w10,f10_w10,f2_w10,f4_w10",0.4511319590951762,0.29077138849437417,0.8931403725213071,0.30574626484798917,relevance_minus_redundancy,,
5,"f1_w10,f8_w10,f9_w10,f6_w10,f10_w10",0.47243218445664475,0.33340312620614876,0.7376574661746979,0.3057306213535704,relevance_minus_redundancy,,
4,"f3_w10,f8_w10,f10_w10,f4_w10",0.3886139806018441,0.16611794249208753,0.38452581700845295,0.3055550093558003,relevance_minus_redundancy,,
5,"f1_w10,f5_w10,f8_w10,f2_w10,f4_w10",0.44857326426921895,0.28605439136225386,0.7376574661746979,0.305546068588092,relevance_minus_redundancy,,
5,"f3_w10,f8_w10,f9_w10,f10_w10,f2_w10",0.41201377452060794,0.21318415289537712,0.7348671056637521,0.3054216980729194,relevance_minus_redundancy,,
7,"f1_w10,f5_w10,f3_w10,f8_w10,f6_w10,f2_w10,f4_w10",0.45084096146516295,0.2909089603265366,0.7906585327514274,0.3053864813018946,relevance_minus_redundancy,,
5,"f1_w10,f7_w10,f8_w10,f10_w10,f4_w10",0.4816910116613974,0.35277848500496956,0.8931403725213071,0.3053017691589126,relevance_minus_redundancy,,
4,"f5_w10,f8_w10,f10_w10,f2_w10",0.39444712029224693,0.1789300159489904,0.5587821446652559,0.30498211231775174,relevance_minus_redundancy,,
4,"f3_w10,f9_w10,f10_w10,f4_w10",0.3577138853436429,0.10572243211564042,0.286032675551269,0.30485266928582266,relevance_minus_redundancy,,
7,"f1_w10,f7_w10,f3_w10,f8_w10,f9_w10,f6_w10,f4_w10",0.5148796151573103,0.4202641044951945,0.8931403725213071,0.30474756290971305,relevance_minus_redundancy,,
6,"f1_w10,f7_w10,f3_w10,f8_w10,f2_w10,f4_w10",0.4917852768086662,0.37420626186238426,0.8931403725213071,0.30468214587747405,relevance_minus_redundancy,,
4,"f1_w10,f8_w10,f9_w10,f6_w10",0.5387372173672469,0.4683751169460508,0.7376574661746979,0.3045496588942215,relevance_minus_redundancy,,
3,"f1_w10,f8_w10,f4_w10",0.49526138857417495,0.38155342847472157,0.7376574661746979,0.30448467433681414,relevance_minus_redundancy,,
4,"f1_w10,f7_w10,f6_w10,f4_w10",0.4498985059359546,0.29110902680475187,0.8662910087756914,0.3043439925335787,relevance_minus_redundancy,,
6,"f7_w10,f5_w10,f3_w10,f6_w10,f10_w10,f2_w10",0.43212890951967964,0.2560087817834051,0.651642574178619,0.30412451862797707,relevance_minus_redundancy,,
6,"f1_w10,f7_w10,f5_w10,f10_w10,f2_w10,f4_w10",0.425340490199896,0.24258669278393422,0.8662910087756914,0.3040471438079289,relevance_minus_redundancy,,
9,"f1_w10,f7_w10,f5_w10,f3_w10,f8_w10,f6_w10,f10_w10,f2_w10,f4_w10",0.45317306920451145,0.2986610465328532,0.8931403725213071,0.30384254593808485,relevance_minus_redundancy,,
5,"f7_w10,f3_w10,f8_w10,f9_w10,f2_w10",0.5136631319118059,0.4199770905556731,0.8931403725213071,0.30367458663396935,relevance_minus_redundancy,,
7,"f1_w10,f3_w10,f8_w10,f9_w10,f6_w10,f10_w10,f4_w10",0.4422729313064547,0.27721036638159874,0.7906585327514274,0.30366774811565533,relevance_minus_redundancy,,
3,"f5_w10,f3_w10,f6_w10",0.5406030090340553,0.4740596126483864,0.651642574178619,0.3035732027098621,relevance_minus_redundancy,,
4,"f3_w10,f8_w10,f9_w10,f4_w10",0.45928444032287896,0.31260816773541883,0.7348671056637521,0.3029803564551695,relevance_minus_redundancy,,
4,"f1_w10,f3_w10,f2_w10,f4_w10",0.40543963708764774,0.2052368870521211,0.7906585327514274,0.3028211935615872,relevance_minus_redundancy,,
6,"f1_w10,f7_w10,f8_w10,f6_w10,f10_w10,f2_w10",0.43933656796442055,0.27310025898287793,0.8931403725213071,0.3027864384729816,relevance_minus_redundancy,,
8,"f1_w10,f7_w10,f5_w10,f3_w10,f6_w10,f10_w10,f2_w10,f4_w10",0.4331329187636777,0.2609232054055169,0.8662910087756914,0.30267131606091924,relevance_minus_redundancy,,
5,"f7_w10,f5_w10,f3_w10,f2_w10,f4_w10",0.4412581184511509,0.27742470898785376,0.651642574178619,0.30254576395722405,relevance_minus_redundancy,,
5,"f1_w10,f5_w10,f6_w10,f10_w10,f2_w10",0.4031709826954475,0.20133486482470433,0.6665474830829722,0.30250355028309533,relevance_minus_redundancy,,
6,"f7_w10,f5_w10,f3_w10,f8_w10,f2_w10,f4_w10",0.4699641441644893,0.3355074398939612,0.8931403725213071,0.30221042421750866,relevance_minus_redundancy,,
6,"f1_w10,f7_w10,f5_w10,f9_w10,f6_w10,f2_w10",0.5023325986886004,0.4016285732364818,0.8662910087756914,0.30151831207035945,relevance_minus_redundancy,,
3,"f1_w10,f9_w10,f4_w10",0.45406126156324,0.3058597491208486,0.5535628093012784,0.3011313870028157,relevance_minus_redundancy,,
5,"f1_w10,f7_w10,f9_w10,f10_w10,f2_w10",0.4601147471542939,0.31811050270468294,0.8662910087756914,0.30105949580195246,relevance_minus_redundancy,,
6,"f1_w10,f5_w10,f3_w10,f6_w10,f2_w10,f4_w10",0.42373207625415993,0.24570550604448332,0.7906585327514274,0.30087932323191824,relevance_minus_redundancy,,
7,"f1_w10,f7_w10,f5_w10,f8_w10,f6_w10,f10_w10,f4_w10",0.47558413821162226,0.34954031537447844,0.8931403725213071,0.300813980524383,relevance_minus_redundancy,,
6,"f7_w10,f5_w10,f3_w10,f9_w10,f6_w10,f2_w10",0.4792425493337029,0.3570791347373809,0.7835900884301347,0.30070298196501244,relevance_minus_redundancy,,
7,"f1_w10,f7_w10,f5_w10,f8_w10,f10_w10,f2_w10,f4_w10",0.45221960199007954,0.3037904059320501,0.8931403725213071,0.3003243990240545,relevance_minus_redundancy,,
6,"f1_w10,f7_w10,f5_w10,f8_w10,f9_w10,f4_w10",0.5666542525638745,0.5327743822080595,0.8931403725213071,0.3002670614598447,relevance_minus_redundancy,,
6,"f7_w10,f3_w10,f8_w10,f9_w10,f10_w10,f4_w10",0.45996810897932966,0.31948530794879365,0.8931403725213071,0.3002254550049328,relevance_minus_redundancy,,
6,"f1_w10,f3_w10,f8_w10,f10_w10,f2_w10,f4_w10",0.40707747898266794,0.21400260805581567,0.7906585327514274,0.30007617495476013,relevance_minus_redundancy,,
6,"f1_w10,f7_w10,f5_w10,f8_w10,f2_w10,f4_w10",0.4930541935193868,0.38604464686157147,0.8931403725213071,0.30003187008860105,relevance_minus_redundancy,,
5,"f1_w10,f7_w10,f9_w10,f10_w10,f4_w10",0.45697093545483636,0.3139885583297288,0.8662910087756914,0.29997665628997194,relevance_minus_redundancy,,
6,"f1_w10,f7_w10,f5_w10,f8_w10,f6_w10,f4_w10",0.5203128191111867,0.44074173847843123,0.8931403725213071,0.29994194987197104,relevance_minus_redundancy,,
7,"f7_w10,f5_w10,f3_w10,f8_w10,f9_w10,f6_w10,f2_w10",0.4984213669619141,0.39719159773912505,0.8931403725213071,0.29982556809235156,relevance_minus_redundancy,,
7,"f1_w10,f7_w10,f5_w10,f9_w10,f6_w10,f10_w10,f2_w10",0.4601725207065484,0.32132510051328156,0.8662910087756914,0.2995099704499076,relevance_minus_redundancy,,
5,"f5_w10,f3_w10,f8_w10,f2_w10,f4_w10",0.420865205043342,0.24289604954685098,0.651642574178619,0.29941718026991654,relevance_minus_redundancy,,
5,"f7_w10,f5_w10,f3_w10,f6_w10,f4_w10",0.47396846916131075,0.34979910912345724,0.651642574178619,0.2990689145995821,relevance_minus_redundancy,,
5,"f1_w10,f5_w10,f8_w10,f6_w10,f4_w10",0.48128361497937877,0.36451909284631895,0.7376574661746979,0.2990240685562193,relevance_minus_redundancy,,
6,"f7_w10,f3_w10,f8_w10,f6_w10,f10_w10,f2_w10",0.41624651860952305,0.23503652742433404,0.8931403725213071,0.29872825489735605,relevance_minus_redundancy,,
7,"f7_w10,f5_w10,f3_w10,f8_w10,f10_w10,f2_w10,f4_w10",0.43242813111445316,0.2676141445554978,0.8931403725213071,0.29862105883670426,relevance_minus_redundancy,,
4,"f1_w10,f9_w10,f10_w10,f4_w10",0.3923489593759891,0.18772003290816552,0.5535628093012784,0.29848894292190636,relevance_minus_redundancy,,
8,"f1_w10,f7_w10,f5_w10,f3_w10,f9_w10,f6_w10,f2_w10,f4_w10",0.46846814862419517,0.3403854861052681,0.8662910087756914,0.2982754055715611,relevance_minus_redundancy,,
5,"f3_w10,f8_w10,f9_w10,f10_w10,f4_w10",0.4088699628211504,0.22120485472224302,0.7348671056637521,0.2982675354600289,relevance_minus_redundancy,,
8,"f7_w10,f5_w10,f3_w10,f8_w10,f9_w10,f6_w10,f10_w10,f2_w10",0.4620202026934544,0.3282885948384564,0.8931403725213071,0.2978759052742262,relevance_minus_redundancy,,
6,"f7_w10,f5_w10,f3_w10,f8_w10,f6_w10,f4_w10",0.49722276975628915,0.39893883041165357,0.8931403725213071,0.29775335455046237,relevance_minus_redundancy,,
5,"f1_w10,f5_w10,f9_w10,f6_w10,f2_w10",0.45970735047227534,0.3239913087937395,0.6665474830829722,0.2977116960754056,relevance_minus_redundancy,,
7,"f1_w10,f7_w10,f3_w10,f9_w10,f10_w10,f2_w10,f4_w10",0.4334747618047755,0.27210131443417673,0.8662910087756914,0.29742410458768714,relevance_minus_redundancy,,
6,"f1_w10,f7_w10,f3_w10,f6_w10,f2_w10,f4_w10",0.42484377985051086,0.2554842958167811,0.8662910087756914,0.2971016319421203,relevance_minus_redundancy,,
8,"f1_w10,f7_w10,f5_w10,f8_w10,f9_w10,f6_w10,f10_w10,f2_w10",0.4793377397096275,0.36482490237582077,0.8931403725213071,0.2969252885217171,relevance_minus_redundancy,,
3,"f3_w10,f6_w10,f10_w10",0.37341082057476077,0.15362322504614276,0.20629680749542753,0.2965992080516894,relevance_minus_redundancy,,
5,"f7_w10,f5_w10,f8_w10,f6_w10,f10_w10",0.49135981489800235,0.38969342445107935,0.8931403725213071,0.29651310267246267,relevance_minus_redundancy,,
8,"f1_w10,f5_w10,f3_w10,f8_w10,f6_w10,f10_w10,f2_w10,f4_w10",0.4203873478837971,0.24836540247941694,0.7906585327514274,0.29620464664408863,relevance_minus_redundancy,,
7,"f7_w10,f5_w10,f3_w10,f8_w10,f6_w10,f10_w10,f4_w10",0.4557926673359959,0.3196028389270924,0.8931403725213071,0.2959912478724497,relevance_minus_redundancy,,
9,"f1_w10,f7_w10,f5_w10,f3_w10,f8_w10,f9_w10,f6_w10,f2_w10,f4_w10",0.48458216241386026,0.3772862962589607,0.8931403725213071,0.2959390142843799,relevance_minus_redundancy,,
6,"f5_w10,f3_w10,f8_w10,f9_w10,f6_w10,f2_w10",0.46224845482719545,0.3326561570500408,0.7348671056637521,0.29592037630217505,relevance_minus_redundancy,,
6,"f1_w10,f5_w10,f8_w10,f9_w10,f6_w10,f2_w10",0.48533850418209296,0.378982726402883,0.7376574661746979,0.29584714098065146,relevance_minus_redundancy,,
4,"f3_w10,f9_w10,f10_w10,f2_w10",0.3616436499679649,0.13170825226137603,0.35684356555552404,0.29578952383727686,relevance_minus_redundancy,,
7,"f7_w10,f5_w10,f3_w10,f9_w10,f6_w10,f10_w10,f2_w10",0.44038104983092197,0.289425816614236,0.7835900884301347,0.29566814152380394,relevance_minus_redundancy,,
4,"f5_w10,f3_w10,f6_w10,f10_w10",0.45725526997910065,0.3235513270613619,0.651642574178619,0.2954796064484197,relevance_minus_redundancy,,
6,"f1_w10,f7_w10,f3_w10,f9_w10,f2_w10,f4_w10",0.4711852133031987,0.3514860211514155,0.8662910087756914,0.29544220272749094,relevance_minus_redundancy,,
6,"f5_w10,f3_w10,f8_w10,f6_w10,f10_w10,f2_w10",0.4151348150131722,0.23954834199224465,0.651642574178619,0.29536064401704987,relevance_minus_redundancy,,
6,"f1_w10,f5_w10,f8_w10,f10_w10,f2_w10,f4_w10",0.40834639569338854,0.22605905638876106,0.7376574661746979,0.295316867499008,relevance_minus_redundancy,,
5,"f1_w10,f8_w10,f6_w10,f10_w10,f2_w10",0.3841121136032596,0.17762201642141395,0.7376574661746979,0.2953011053925526,relevance_minus_redundancy,,
7,"f1_w10,f7_w10,f5_w10,f8_w10,f9_w10,f6_w10,f2_w10",0.5182128378375405,0.44582841805592305,0.8931403725213071,0.2952986288095789,relevance_minus_redundancy,,
9,"f1_w10,f7_w10,f5_w10,f3_w10,f9_w10,f6_w10,f10_w10,f2_w10,f4_w10",0.43943969353419976,0.28842376828763605,0.8662910087756914,0.29522780939038173,relevance_minus_redundancy,,
5,"f1_w10,f3_w10,f9_w10,f2_w10,f4_w10",0.4223304880097934,0.2544267453258384,0.7906585327514274,0.2951171153468742,relevance_minus_redundancy,,
3,"f1_w10,f9_w10,f2_w10",0.45930094772900265,0.3284073779935463,0.5535628093012784,0.2950972587322295,relevance_minus_redundancy,,
10,"f1_w10,f7_w10,f5_w10,f3_w10,f8_w10,f9_w10,f6_w10,f10_w10,f2_w10,f4_w10",0.4568451514538978,0.3236460152854865,0.8931403725213071,0.29502214381115455,relevance_minus_redundancy,,
8,"f1_w10,f7_w10,f3_w10,f8_w10,f9_w10,f10_w10,f2_w10,f4_w10",0.45597720067057623,0.3219834469263822,0.8931403725213071,0.2949854772073851,relevance_minus_redundancy,,
7,"f1_w10,f7_w10,f3_w10,f8_w10,f6_w10,f2_w10,f4_w10",0.45179385026203517,0.31381563053798994,0.8931403725213071,0.2948860349930402,relevance_minus_redundancy,,
4,"f7_w10,f5_w10,f6_w10,f10_w10",0.4608262004397078,0.33251429636692814,0.6323689636125782,0.29456905225624375,relevance_minus_redundancy,,
6,"f7_w10,f5_w10,f3_w10,f10_w10,f2_w10,f4_w10",0.4022504408449985,0.21548203680117728,0.651642574178619,0.29450942244440986,relevance_minus_redundancy,,
5,"f1_w10,f7_w10,f6_w10,f10_w10,f4_w10",0.40136121531161095,0.2142244777333692,0.8662910087756914,0.29424897644492637,relevance_minus_redundancy,,
8,"f1_w10,f5_w10,f3_w10,f8_w10,f9_w10,f6_w10,f2_w10,f4_w10",0.45572257774431457,0.3235620378776433,0.7906585327514274,0.2939415588054929,relevance_minus_redundancy,,
5,"f7_w10,f5_w10,f8_w10,f10_w10,f4_w10",0.455505652488385,0.3233048624237373,0.8931403725213071,0.29385322127651636,relevance_minus_redundancy,,
6,"f1_w10,f3_w10,f8_w10,f9_w10,f2_w10,f4_w10",0.4541911187966912,0.3215489344294101,0.7906585327514274,0.29341665158198615,relevance_minus_redundancy,,
6,"f1_w10,f7_w10,f8_w10,f9_w10,f10_w10,f2_w10",0.48567800141710843,0.38459793760799305,0.8931403725213071,0.29337903261311193,relevance_minus_redundancy,,
5,"f1_w10,f8_w10,f9_w10,f10_w10,f2_w10",0.43972183374648494,0.2934132659762569,0.7376574661746979,0.2930152007583565,relevance_minus_redundancy,,
4,"f1_w10,f9_w10,f10_w10,f2_w10",0.3962787240003111,0.20656816586846816,0.5535628093012784,0.29299464106607703,relevance_minus_redundancy,,
6,"f7_w10,f5_w10,f3_w10,f6_w10,f10_w10,f4_w10",0.42950906643679837,0.2730844184941195,0.651642574178619,0.2929668571897386,relevance_minus_redundancy,,
5,"f1_w10,f7_w10,f8_w10,f9_w10,f6_w10",0.5740815418478427,0.5622309576005273,0.8931403725213071,0.292966063047579,relevance_minus_redundancy,,
4,"f7_w10,f5_w10,f8_w10,f9_w10",0.6319089055979756,0.6779265625372268,0.8931403725213071,0.2929456243293622,relevance_minus_redundancy,,
7,"f1_w10,f5_w10,f3_w10,f9_w10,f6_w10,f2_w10,f4_w10",0.43318376417476223,0.2810173513676306,0.7906585327514274,0.2926750884909469,relevance_minus_redundancy,,
7,"f1_w10,f3_w10,f8_w10,f9_w10,f10_w10,f2_w10,f4_w10",0.41890839508491196,0.254085066093521,0.7906585327514274,0.29186586203815146,relevance_minus_redundancy,,
7,"f1_w10,f7_w10,f5_w10,f9_w10,f6_w10,f10_w10,f4_w10",0.45792694092122155,0.33218937593085573,0.8662910087756914,0.2918322529557937,relevance_minus_redundancy,,
6,"f1_w10,f5_w10,f8_w10,f6_w10,f10_w10,f4_w10",0.43560502128518835,0.2877216389806777,0.7376574661746979,0.2917442017948495,relevance_minus_redundancy,,
6,"f1_w10,f3_w10,f8_w10,f6_w10,f2_w10,f4_w10",0.4078496853440034,0.23223451257279534,0.7906585327514274,0.2917324290576057,relevance_minus_redundancy,,
5,"f7_w10,f3_w10,f6_w10,f10_w10,f2_w10",0.37679696778519156,0.1705058655116193,0.5398163224155659,0.2915440350293819,relevance_minus_redundancy,,
7,"f1_w10,f5_w10,f8_w10,f9_w10,f6_w10,f10_w10,f2_w10",0.44560615398668485,0.30851688066434485,0.7376574661746979,0.2913477136545124,relevance_minus_redundancy,,
4,"f7_w10,f3_w10,f6_w10,f4_w10",0.41526343190360837,0.2479411829829076,0.5398163224155659,0.2912928404121546,relevance_minus_redundancy,,
3,"f7_w10,f5_w10,f6_w10",0.5453642496481982,0.5086247090666847,0.6323689636125782,0.29105189511485585,relevance_minus_redundancy,,
8,"f1_w10,f7_w10,f3_w10,f8_w10,f6_w10,f10_w10,f2_w10,f4_w10",0.4212211255810603,0.2603403671156897,0.8931403725213071,0.29105094202321546,relevance_minus_redundancy,,
4,"f5_w10,f3_w10,f6_w10,f2_w10",0.417525641133404,0.25365998226842706,0.651642574178619,0.2906956499991905,relevance_minus_redundancy,,
5,"f7_w10,f3_w10,f8_w10,f9_w10,f4_w10",0.5105193202123484,0.43972931889813865,0.8931403725213071,0.29065466076327906,relevance_minus_redundancy,,
7,"f1_w10,f7_w10,f3_w10,f8_w10,f9_w10,f2_w10,f4_w10",0.49151507893576757,0.40211415490358615,0.8931403725213071,0.2904580014839745,relevance_minus_redundancy,,
6,"f7_w10,f5_w10,f3_w10,f9_w10,f6_w10,f4_w10",0.47662270625082165,0.3724637728573931,0.7835900884301347,0.2903908198221251,relevance_minus_redundancy,,
5,"f1_w10,f5_w10,f10_w10,f2_w10,f4_w10",0.3673168202858301,0.15432280855386835,0.6665474830829722,0.29015541600889594,relevance_minus_redundancy,,
6,"f7_w10,f5_w10,f3_w10,f9_w10,f2_w10,f4_w10",0.4493640806590218,0.31879541335222567,0.7835900884301347,0.2899663739829089,relevance_minus_redundancy,,
6,"f1_w10,f7_w10,f5_w10,f9_w10,f6_w10,f4_w10",0.4997127556057191,0.4198682862306672,0.8662910087756914,0.2897786124903855,relevance_minus_redundancy,,
9,"f1_w10,f5_w10,f3_w10,f8_w10,f9_w10,f6_w10,f10_w10,f2_w10,f4_w10",0.42811029719652816,0.2773031720460477,0.7906585327514274,0.2894587111735043,relevance_minus_redundancy,,
3,"f7_w10,f6_w10,f10_w10",0.3781720611889036,0.17797370051262215,0.2690374046018365,0.28918521093259253,relevance_minus_redundancy,,
7,"f7_w10,f5_w10,f3_w10,f9_w10,f6_w10,f10_w10,f4_w10",0.43813547004559517,0.29825075283597213,0.7835900884301347,0.2890100936276091,relevance_minus_redundancy,,
5,"f1_w10,f3_w10,f10_w10,f2_w10,f4_w10",0.3657941202329655,0.1536637688201305,0.7906585327514274,0.28896223582290026,relevance_minus_redundancy,,
7,"f1_w10,f7_w10,f3_w10,f6_w10,f10_w10,f2_w10,f4_w10",0.39375353313104305,0.20963640476553932,0.8662910087756914,0.2889353307482734,relevance_minus_redundancy,,
5,"f7_w10,f5_w10,f9_w10,f10_w10,f2_w10",0.4339293879812816,0.29000611413914373,0.7835900884301347,0.2889263309117097,relevance_minus_redundancy,,
6,"f1_w10,f3_w10,f9_w10,f10_w10,f2_w10,f4_w10",0.38647741547720055,0.19516785664428402,0.7906585327514274,0.2888934871550585,relevance_minus_redundancy,,
8,"f7_w10,f5_w10,f3_w10,f8_w10,f9_w10,f10_w10,f2_w10,f4_w10",0.43961135118744354,0.30144579579469116,0.8931403725213071,0.28888845329009794,relevance_minus_redundancy,,
8,"f7_w10,f5_w10,f3_w10,f8_w10,f9_w10,f6_w10,f10_w10,f4_w10",0.4600553203812934,0.34334022340272546,0.8931403725213071,0.28838520867993067,relevance_minus_redundancy,,
7,"f7_w10,f5_w10,f3_w10,f9_w10,f10_w10,f2_w10,f4_w10",0.41477093382405245,0.25323565204475257,0.7835900884301347,0.28815310780167613,relevance_minus_redundancy,,
7,"f5_w10,f3_w10,f8_w10,f9_w10,f6_w10,f10_w10,f2_w10",0.4258146831110584,0.2753482175840555,0.7348671056637521,0.2881405743190307,relevance_minus_redundancy,,
3,"f3_w10,f10_w10,f4_w10",0.3136538832253985,0.05128693536256334,0.10850436286209991,0.2880104155441168,relevance_minus_redundancy,,
5,"f1_w10,f5_w10,f6_w10,f10_w10,f4_w10",0.40002717099598983,0.22404399680080825,0.6665474830829722,0.2880051725955857,relevance_minus_redundancy,,
7,"f1_w10,f5_w10,f3_w10,f6_w10,f10_w10,f2_w10,f4_w10",0.39280064433417083,0.20959160562460674,0.7906585327514274,0.28800484152186745,relevance_minus_redundancy,,
7,"f1_w10,f7_w10,f5_w10,f9_w10,f10_w10,f2_w10,f4_w10",0.43456240469967883,0.2934130600688023,0.8662910087756914,0.2878558746652777,relevance_minus_redundancy,,
7,"f7_w10,f5_w10,f3_w10,f8_w10,f9_w10,f2_w10,f4_w10",0.4728112509550445,0.37024584830847707,0.8931403725213071,0.28768832680080597,relevance_minus_redundancy,,
4,"f7_w10,f5_w10,f8_w10,f6_w10",0.5623967554189439,0.5497367697320609,0.8931403725213071,0.2875283705529134,relevance_minus_redundancy,,
6,"f1_w10,f5_w10,f9_w10,f6_w10,f10_w10,f2_w10",0.4176248008626022,0.26031498071523185,0.6665474830829722,0.28746731050498625,relevance_minus_redundancy,,
5,"f5_w10,f3_w10,f9_w10,f6_w10,f2_w10",0.43199929124639835,0.2898146196811008,0.651642574178619,0.28709198140584796,relevance_minus_redundancy,,
6,"f7_w10,f5_w10,f8_w10,f9_w10,f10_w10,f2_w10",0.4638568687729314,0.3539366571303375,0.8931403725213071,0.28688854020776267,relevance_minus_redundancy,,
3,"f5_w10,f8_w10,f4_w10",0.4516191232858211,0.32988863265500484,0.5587821446652559,0.2866748069583187,relevance_minus_redundancy,,
8,"f1_w10,f7_w10,f5_w10,f8_w10,f9_w10,f6_w10,f10_w10,f4_w10",0.4773728573974665,0.38140603533696826,0.8931403725213071,0.28666983972898236,relevance_minus_redundancy,,
6,"f5_w10,f3_w10,f8_w10,f10_w10,f2_w10,f4_w10",0.38525634633849104,0.19717726955226292,0.651642574178619,0.2866677115623596,relevance_minus_redundancy,,
7,"f7_w10,f5_w10,f3_w10,f8_w10,f9_w10,f6_w10,f4_w10",0.4961757871765872,0.419424526831661,0.8931403725213071,0.28646352376075673,relevance_minus_redundancy,,
5,"f5_w10,f3_w10,f8_w10,f6_w10,f4_w10",0.45357555575350184,0.33446219938216515,0.651642574178619,0.28634445606241926,relevance_minus_redundancy,,
6,"f5_w10,f3_w10,f8_w10,f9_w10,f2_w10,f4_w10",0.4323699861525143,0.2925281082071317,0.7348671056637521,0.28610593204894846,relevance_minus_redundancy,,
5,"f1_w10,f3_w10,f6_w10,f2_w10,f4_w10",0.36672076786656793,0.16187942570671662,0.7906585327514274,0.2857810550132096,relevance_minus_redundancy,,
4,"f1_w10,f6_w10,f10_w10,f2_w10",0.32676657382127927,0.0826232718867306,0.20629680749542753,0.285454937877914,relevance_minus_redundancy,,
8,"f1_w10,f5_w10,f3_w10,f9_w10,f6_w10,f10_w10,f2_w10,f4_w10",0.40493730025469654,0.23911569773882255,0.7906585327514274,0.28537945138528525,relevance_minus_redundancy,,
5,"f7_w10,f3_w10,f9_w10,f6_w10,f2_w10",0.4333333355620194,0.2960631203160981,0.7835900884301347,0.2853017754039704,relevance_minus_redundancy,,
4,"f1_w10,f8_w10,f9_w10,f2_w10",0.49784927897954717,0.42510730390258095,0.7376574661746979,0.2852956270282567,relevance_minus_redundancy,,
6,"f1_w10,f7_w10,f5_w10,f9_w10,f2_w10,f4_w10",0.4724541300139193,0.37493422562633233,0.8662910087756914,0.28498701720075315,relevance_minus_redundancy,,
6,"f1_w10,f7_w10,f8_w10,f6_w10,f10_w10,f4_w10",0.4367167248815393,0.3034658414594551,0.8931403725213071,0.28498380415181174,relevance_minus_redundancy,,
8,"f1_w10,f7_w10,f5_w10,f8_w10,f9_w10,f10_w10,f2_w10,f4_w10",0.45692888820361666,0.34419069642580863,0.8931403725213071,0.28483353999071237,relevance_minus_redundancy,,
5,"f1_w10,f5_w10,f9_w10,f6_w10,f4_w10",0.4565635387728178,0.34416394288379015,0.6665474830829722,0.2844815673309227,relevance_minus_redundancy,,
2,"f8_w10,f2_w10",0.3308939050813154,0.09289711759639624,0.09289711759639624,0.28444534628311724,relevance_minus_redundancy,,
4,"f1_w10,f7_w10,f9_w10,f2_w10",0.5233404207393083,0.4780552127293427,0.8662910087756914,0.28431281437463696,relevance_minus_redundancy,,
6,"f1_w10,f7_w10,f8_w10,f9_w10,f10_w10,f4_w10",0.4830581583342271,0.3975914373008951,0.8931403725213071,0.28426243968377957,relevance_minus_redundancy,,
5,"f7_w10,f3_w10,f8_w10,f6_w10,f4_w10",0.4549096000691229,0.3414956318172422,0.8931403725213071,0.2841617841605018,relevance_minus_redundancy,,
4,"f5_w10,f3_w10,f2_w10,f4_w10",0.3727079381213823,0.1772893932431561,0.651642574178619,0.2840632414998043,relevance_minus_redundancy,,
5,"f7_w10,f5_w10,f9_w10,f10_w10,f4_w10",0.43078557628182407,0.2935272570023462,0.7835900884301347,0.28402194778065093,relevance_minus_redundancy,,
4,"f1_w10,f7_w10,f8_w10,f9_w10",0.6646406045642411,0.7615181418111435,0.8931403725213071,0.28388153365866936,relevance_minus_redundancy,,
6,"f7_w10,f3_w10,f8_w10,f9_w10,f6_w10,f2_w10",0.46336015842354633,0.3591123726637758,0.8931403725213071,0.2838039720916584,relevance_minus_redundancy,,
5,"f1_w10,f8_w10,f9_w10,f10_w10,f4_w10",0.4365780220470274,0.3057165801143826,0.7376574661746979,0.28371973198983613,relevance_minus_redundancy,,
5,"f1_w10,f5_w10,f9_w10,f2_w10,f4_w10",0.423853188062658,0.28034378791851244,0.6665474830829722,0.28368129410340176,relevance_minus_redundancy,,
4,"f7_w10,f8_w10,f9_w10,f10_w10",0.5065147642535047,0.44625341028166793,0.8931403725213071,0.28338805911267073,relevance_minus_redundancy,,
4,"f1_w10,f8_w10,f6_w10,f4_w10",0.4244073641761934,0.28225480752817195,0.7376574661746979,0.28327996041210746,relevance_minus_redundancy,,
3,"f3_w10,f6_w10,f2_w10",0.32043798211383184,0.07452791321791365,0.1460685047809008,0.283174025504875,relevance_minus_redundancy,,
7,"f7_w10,f3_w10,f8_w10,f9_w10,f6_w10,f10_w10,f2_w10",0.42676757190793063,0.28730546375458604,0.8931403725213071,0.2831148400306376,relevance_minus_redundancy,,
4,"f1_w10,f7_w10,f8_w10,f4_w10",0.5503107513731876,0.5348648443205047,0.8931403725213071,0.28287832921293526,relevance_minus_redundancy,,
4,"f7_w10,f5_w10,f9_w10,f2_w10",0.490608721773043,0.41551786398512075,0.7835900884301347,0.2828497897804826,relevance_minus_redundancy,,
4,"f7_w10,f5_w10,f8_w10,f4_w10",0.5175790524069221,0.4700454388834609,0.8931403725213071,0.28255633296519167,relevance_minus_redundancy,,
7,"f1_w10,f7_w10,f3_w10,f9_w10,f6_w10,f2_w10,f4_w10",0.43413665297163445,0.30318217206688153,0.8662910087756914,0.28254556693819366,relevance_minus_redundancy,,
6,"f7_w10,f3_w10,f8_w10,f6_w10,f10_w10,f4_w10",0.4136266755266418,0.2625470350267381,0.8931403725213071,0.28235315801327276,relevance_minus_redundancy,,
6,"f1_w10,f7_w10,f5_w10,f6_w10,f2_w10,f4_w10",0.4261126965612314,0.2875988759191641,0.8662910087756914,0.28231325860164935,relevance_minus_redundancy,,
5,"f5_w10,f3_w10,f9_w10,f2_w10,f4_w10",0.39614512883678105,0.22878303814336495,0.651642574178619,0.28175360976509856,relevance_minus_redundancy,,
7,"f5_w10,f3_w10,f8_w10,f9_w10,f10_w10,f2_w10,f4_w10",0.4002045671041889,0.23784067625903355,0.7348671056637521,0.2812842289746721,relevance_minus_redundancy,,
5,"f1_w10,f7_w10,f8_w10,f6_w10,f4_w10",0.4826176592949999,0.4027095030269733,0.8931403725213071,0.28126290778151325,relevance_minus_redundancy,,
9,"f1_w10,f7_w10,f3_w10,f8_w10,f9_w10,f6_w10,f10_w10,f2_w10,f4_w10",0.4288514329274287,0.29547201643258764,0.8931403725213071,0.28111542471113493,relevance_minus_redundancy,,
7,"f1_w10,f3_w10,f8_w10,f6_w10,f10_w10,f2_w10,f4_w10",0.3791871664111795,0.19639680176632618,0.7906585327514274,0.28098876552801644,relevance_minus_redundancy,,
6,"f1_w10,f7_w10,f9_w10,f6_w10,f10_w10,f2_w10",0.41873650445895305,0.2755358953272895,0.8662910087756914,0.2809685567953083,relevance_minus_redundancy,,
7,"f1_w10,f7_w10,f5_w10,f8_w10,f9_w10,f6_w10,f4_w10",0.5159672580522137,0.470100686344297,0.8931403725213071,0.28091691488006515,relevance_minus_redundancy,,
4,"f7_w10,f8_w10,f6_w10,f10_w10",0.437002614074473,0.31283123719697253,0.8931403725213071,0.28058699547598676,relevance_minus_redundancy,,
8,"f1_w10,f7_w10,f3_w10,f9_w10,f6_w10,f10_w10,f2_w10,f4_w10",0.40577107795195966,0.2505342752409435,0.8662910087756914,0.2805039403314879,relevance_minus_redundancy,,
8,"f1_w10,f7_w10,f3_w10,f8_w10,f9_w10,f6_w10,f2_w10,f4_w10",0.45655635544157774,0.3521270186826548,0.8931403725213071,0.2804928461002504,relevance_minus_redundancy,,
7,"f1_w10,f7_w10,f5_w10,f8_w10,f6_w10,f2_w10,f4_w10",0.4528814931569385,0.345052536690016,0.8931403725213071,0.2803552248119305,relevance_minus_redundancy,,
7,"f1_w10,f5_w10,f8_w10,f9_w10,f10_w10,f2_w10,f4_w10",0.4199960379798153,0.2792874634643271,0.7376574661746979,0.28035230624765173,relevance_minus_redundancy,,
5,"f1_w10,f7_w10,f9_w10,f6_w10,f2_w10",0.4610413947878964,0.3613967871743141,0.8662910087756914,0.28034300120073935,relevance_minus_redundancy,,
6,"f1_w10,f5_w10,f8_w10,f9_w10,f2_w10,f4_w10",0.4554600355074118,0.3504440513349797,0.7376574661746979,0.280238009839922,relevance_minus_redundancy,,
6,"f5_w10,f3_w10,f8_w10,f9_w10,f6_w10,f4_w10",0.4596286117443142,0.3589909675121062,0.7348671056637521,0.28013312798826107,relevance_minus_redundancy,,
4,"f1_w10,f7_w10,f9_w10,f4_w10",0.5194106561149864,0.4787596239617063,0.8662910087756914,0.28003084413413326,relevance_minus_redundancy,,
3,"f8_w10,f9_w10,f10_w10",0.43686673908126444,0.3140677037659877,0.7348671056637521,0.2798328871982706,relevance_minus_redundancy,,
5,"f3_w10,f8_w10,f6_w10,f10_w10,f2_w10",0.35640405437738265,0.15317388771961077,0.38452581700845295,0.2798171105175773,relevance_minus_redundancy,,
7,"f1_w10,f5_w10,f8_w10,f9_w10,f6_w10,f10_w10,f4_w10",0.44336057420135805,0.3272027077548142,0.7376574661746979,0.27975922032395095,relevance_minus_redundancy,,
6,"f7_w10,f3_w10,f9_w10,f6_w10,f10_w10,f2_w10",0.39564645510405555,0.23187055846224916,0.7835900884301347,0.279711175872931,relevance_minus_redundancy,,
6,"f1_w10,f5_w10,f9_w10,f6_w10,f10_w10,f4_w10",0.41500495777972085,0.2707336760323508,0.6665474830829722,0.27963811976354547,relevance_minus_redundancy,,
5,"f7_w10,f3_w10,f6_w10,f10_w10,f4_w10",0.373653156085734,0.18815943300091814,0.5398163224155659,0.2795734395852749,relevance_minus_redundancy,,
5,"f3_w10,f8_w10,f9_w10,f6_w10,f2_w10",0.41294042215421045,0.26678733567982016,0.7348671056637521,0.27954675431430037,relevance_minus_redundancy,,
4,"f5_w10,f8_w10,f9_w10,f2_w10",0.4651175800132818,0.37174440910063744,0.7348671056637521,0.2792453754629631,relevance_minus_redundancy,,
3,"f3_w10,f10_w10,f2_w10",0.31889356939116115,0.07965494565261616,0.10850436286209991,0.27906609656485304,relevance_minus_redundancy,,
7,"f1_w10,f7_w10,f5_w10,f8_w10,f9_w10,f2_w10,f4_w10",0.49260272183067094,0.4271607927502793,0.8931403725213071,0.2790223254555313,relevance_minus_redundancy,,
7,"f1_w10,f7_w10,f8_w10,f9_w10,f6_w10,f10_w10,f2_w10",0.446559042783557,0.3353107829041979,0.8931403725213071,0.27890365133145806,relevance_minus_redundancy,,
6,"f5_w10,f3_w10,f8_w10,f6_w10,f10_w10,f4_w10",0.4125149719302909,0.2675741510450122,0.651642574178619,0.27872789640778484,relevance_minus_redundancy,,
5,"f7_w10,f5_w10,f9_w10,f6_w10,f10_w10",0.46663973869144143,0.37596455542563356,0.7835900884301347,0.27865746097862465,relevance_minus_redundancy,,
6,"f1_w10,f5_w10,f8_w10,f9_w10,f6_w10,f4_w10",0.48271866109921163,0.4081726117391216,0.7376574661746979,0.2786323552296508,relevance_minus_redundancy,,
8,"f1_w10,f7_w10,f5_w10,f8_w10,f6_w10,f10_w10,f2_w10,f4_w10",0.4221728131141007,0.2871903178441158,0.8931403725213071,0.27857765419204283,relevance_minus_redundancy,,
4,"f5_w10,f8_w10,f10_w10,f4_w10",0.39051735566792495,0.22397583324350323,0.5587821446652559,0.27852943904617333,relevance_minus_redundancy,,
6,"f1_w10,f5_w10,f9_w10,f10_w10,f2_w10,f4_w10",0.38774633218792104,0.2188341244529591,0.6665474830829722,0.2783292699614415,relevance_minus_redundancy,,
5,"f5_w10,f8_w10,f9_w10,f10_w10,f2_w10",0.41353647457347265,0.2708135497760849,0.7348671056637521,0.2781296996854302,relevance_minus_redundancy,,
6,"f7_w10,f5_w10,f8_w10,f9_w10,f6_w10,f10_w10",0.4911154943647313,0.4264240750819541,0.8931403725213071,0.2779034568237542,relevance_minus_redundancy,,
7,"f5_w10,f3_w10,f8_w10,f9_w10,f6_w10,f10_w10,f4_w10",0.4235691033257316,0.2919947054786868,0.7348671056637521,0.2775717505863882,relevance_minus_redundancy,,
7,"f1_w10,f3_w10,f8_w10,f9_w10,f6_w10,f2_w10,f4_w10",0.4195702862517709,0.2842550419989686,0.7906585327514274,0.2774427652522866,relevance_minus_redundancy,,
5,"f7_w10,f5_w10,f8_w10,f6_w10,f2_w10",0.45957611182144503,0.3659871446205335,0.8931403725213071,0.2765825395111783,relevance_minus_redundancy,,
5,"f7_w10,f5_w10,f8_w10,f9_w10,f2_w10",0.5151858319646705,0.4772793924357436,0.8931403725213071,0.2765461357467987,relevance_minus_redundancy,,
7,"f1_w10,f7_w10,f5_w10,f6_w10,f10_w10,f2_w10,f4_w10",0.39484117602594637,0.2371384187054979,0.8662910087756914,0.2762719666731974,relevance_minus_redundancy,,
5,"f5_w10,f3_w10,f9_w10,f6_w10,f4_w10",0.4288554795469408,0.3057046414598917,0.651642574178619,0.276003158816995,relevance_minus_redundancy,,
6,"f5_w10,f3_w10,f9_w10,f6_w10,f10_w10,f2_w10",0.3945347515077047,0.23742096234724308,0.651642574178619,0.27582427033408313,relevance_minus_redundancy,,
7,"f7_w10,f5_w10,f3_w10,f8_w10,f6_w10,f2_w10,f4_w10",0.43309002228131205,0.31469996576205983,0.8931403725213071,0.27574003940028213,relevance_minus_redundancy,,
4,"f1_w10,f9_w10,f6_w10,f2_w10",0.3974370335423142,0.24363688745764786,0.5535628093012784,0.27561858981349024,relevance_minus_redundancy,,
6,"f7_w10,f5_w10,f8_w10,f9_w10,f10_w10,f4_w10",0.46123702569005015,0.3720255483153439,0.8931403725213071,0.2752242515323782,relevance_minus_redundancy,,
5,"f1_w10,f7_w10,f8_w10,f9_w10,f2_w10",0.5413711911376828,0.5326893338332209,0.8931403725213071,0.2750265242210724,relevance_minus_redundancy,,
3,"f5_w10,f9_w10,f2_w10",0.41565868244064874,0.28130669555947346,0.46481070033033334,0.27500533466091204,relevance_minus_redundancy,,
6,"f1_w10,f3_w10,f9_w10,f6_w10,f2_w10,f4_w10",0.38724962183853595,0.22465102298598844,0.7906585327514274,0.27492411034554176,relevance_minus_redundancy,,
5,"f7_w10,f3_w10,f9_w10,f6_w10,f4_w10",0.4301895238625619,0.3111801899193437,0.7835900884301347,0.27459942890289,relevance_minus_redundancy,,
6,"f1_w10,f5_w10,f8_w10,f6_w10,f2_w10,f4_w10",0.40911860205472395,0.269796005105831,0.7376574661746979,0.27422059950180844,relevance_minus_redundancy,,
8,"f1_w10,f3_w10,f8_w10,f9_w10,f6_w10,f10_w10,f2_w10,f4_w10",0.39302550707207906,0.2388644664641628,0.7906585327514274,0.27359327383999765,relevance_minus_redundancy,,
6,"f7_w10,f3_w10,f9_w10,f6_w10,f10_w10,f4_w10",0.3930266120211743,0.23891887745483137,0.7835900884301347,0.27356717329375857,relevance_minus_redundancy,,
6,"f1_w10,f7_w10,f9_w10,f6_w10,f10_w10,f4_w10",0.4161166613760718,0.2854392891940449,0.8662910087756914,0.2733970167790494,relevance_minus_redundancy,,
6,"f7_w10,f5_w10,f8_w10,f6_w10,f10_w10,f2_w10",0.41751543532024354,0.2882926770520729,0.8931403725213071,0.27336909679420707,relevance_minus_redundancy,,
4,"f7_w10,f8_w10,f10_w10,f2_w10",0.3961146756867733,0.24552658055368992,0.8931403725213071,0.2733513854099283,relevance_minus_redundancy,,
6,"f1_w10,f7_w10,f8_w10,f9_w10,f6_w10,f2_w10",0.48645020777844383,0.42621026051366945,0.8931403725213071,0.2733450775216091,relevance_minus_redundancy,,
5,"f1_w10,f8_w10,f9_w10,f6_w10,f2_w10",0.44064848138008744,0.3347866988186481,0.7376574661746979,0.2732551319707634,relevance_minus_redundancy,,
5,"f1_w10,f8_w10,f6_w10,f10_w10,f4_w10",0.38096830190380204,0.21598345473505237,0.7376574661746979,0.2729765745362759,relevance_minus_redundancy,,
7,"f7_w10,f3_w10,f8_w10,f9_w10,f6_w10,f10_w10,f4_w10",0.42452199212260383,0.30358387918467206,0.8931403725213071,0.27273005253026783,relevance_minus_redundancy,,
8,"f7_w10,f5_w10,f3_w10,f8_w10,f6_w10,f10_w10,f2_w10,f4_w10",0.4048552760979276,0.2643671973483828,0.8931403725213071,0.2726716774237362,relevance_minus_redundancy,,
3,"f5_w10,f10_w10,f2_w10",0.3214314028126022,0.09753295277179212,0.20432795406548496,0.27266492642670614,relevance_minus_redundancy,,
6,"f5_w10,f3_w10,f9_w10,f10_w10,f2_w10,f4_w10",0.36465628283302354,0.1843507323099644,0.651642574178619,0.2724809166780413,relevance_minus_redundancy,,
4,"f3_w10,f8_w10,f6_w10,f4_w10",0.3897722901438472,0.23464413657197447,0.38452581700845295,0.27245022185785994,relevance_minus_redundancy,,
4,"f7_w10,f5_w10,f9_w10,f4_w10",0.486678957148721,0.42896075394774513,0.7835900884301347,0.27219858017484844,relevance_minus_redundancy,,
4,"f7_w10,f5_w10,f6_w10,f2_w10",0.42109657159401115,0.29907130623610473,0.6323689636125782,0.27156091847595876,relevance_minus_redundancy,,
6,"f7_w10,f3_w10,f8_w10,f10_w10,f2_w10,f4_w10",0.3863680499348419,0.22990965878604414,0.8931403725213071,0.2714132205418198,relevance_minus_redundancy,,
6,"f1_w10,f8_w10,f9_w10,f6_w10,f10_w10,f2_w10",0.4017424099524456,0.26251017546859956,0.7376574661746979,0.2704873222181458,relevance_minus_redundancy,,
6,"f3_w10,f8_w10,f9_w10,f6_w10,f10_w10,f2_w10",0.3786523605975481,0.21706770774981798,0.7348671056637521,0.2701185067226391,relevance_minus_redundancy,,
5,"f5_w10,f3_w10,f6_w10,f10_w10,f2_w10",0.3754629234695705,0.21070941014909028,0.651642574178619,0.27010821839502536,relevance_minus_redundancy,,
6,"f1_w10,f7_w10,f8_w10,f10_w10,f2_w10,f4_w10",0.4094580992897394,0.27956276411959385,0.8931403725213071,0.26967671722994246,relevance_minus_redundancy,,
6,"f5_w10,f3_w10,f9_w10,f6_w10,f10_w10,f4_w10",0.3919149084248234,0.24498458279018884,0.651642574178619,0.269422617029729,relevance_minus_redundancy,,
4,"f1_w10,f6_w10,f10_w10,f4_w10",0.3228368091969573,0.10720534588561592,0.20629680749542753,0.2692341362541493,relevance_minus_redundancy,,
6,"f1_w10,f3_w10,f6_w10,f10_w10,f2_w10,f4_w10",0.3401359820245127,0.14202049536341152,0.7906585327514274,0.2691257343428069,relevance_minus_redundancy,,
5,"f7_w10,f3_w10,f8_w10,f2_w10,f4_w10",0.4221992493589631,0.30656873986001115,0.8931403725213071,0.26891487942895753,relevance_minus_redundancy,,
6,"f7_w10,f5_w10,f3_w10,f6_w10,f2_w10,f4_w10",0.4030226472063339,0.26864738656444176,0.651642574178619,0.268698953924113,relevance_minus_redundancy,,
3,"f5_w10,f9_w10,f4_w10",0.4104189962748861,0.28423602414729754,0.46481070033033334,0.2683009842012373,relevance_minus_redundancy,,
6,"f7_w10,f3_w10,f8_w10,f9_w10,f6_w10,f4_w10",0.46074031534066506,0.3849318816754777,0.8931403725213071,0.26827437450292624,relevance_minus_redundancy,,
4,"f3_w10,f9_w10,f6_w10,f2_w10",0.36280195950996796,0.18915989042064218,0.4381249567770016,0.26822201429964687,relevance_minus_redundancy,,
5,"f1_w10,f7_w10,f10_w10,f2_w10,f4_w10",0.3686508646014512,0.20114254736451245,0.8662910087756914,0.268079590919195,relevance_minus_redundancy,,
5,"f1_w10,f5_w10,f6_w10,f2_w10,f4_w10",0.3682434679194326,0.20079603174058985,0.6665474830829722,0.2678454520491377,relevance_minus_redundancy,,
4,"f5_w10,f3_w10,f6_w10,f4_w10",0.413595876509082,0.2919451669004544,0.651642574178619,0.2676232930588548,relevance_minus_redundancy,,
5,"f1_w10,f7_w10,f9_w10,f6_w10,f4_w10",0.45789758308843886,0.3807964690888195,0.8662910087756914,0.2674993485440291,relevance_minus_redundancy,,
7,"f1_w10,f7_w10,f8_w10,f9_w10,f6_w10,f10_w10,f4_w10",0.4443134629982302,0.35362853753012186,0.8931403725213071,0.26749919423316926,relevance_minus_redundancy,,
4,"f1_w10,f8_w10,f9_w10,f4_w10",0.4939195143552252,0.4531871459900774,0.7376574661746979,0.2673259413601865,relevance_minus_redundancy,,
7,"f1_w10,f3_w10,f9_w10,f6_w10,f10_w10,f2_w10,f4_w10",0.36152996912077884,0.18853869279481567,0.7906585327514274,0.26726062272337103,relevance_minus_redundancy,,
9,"f1_w10,f7_w10,f5_w10,f8_w10,f9_w10,f6_w10,f10_w10,f2_w10,f4_w10",0.4296973774012425,0.3260331897711621,0.8931403725213071,0.2666807825156614,relevance_minus_redundancy,,
3,"f7_w10,f8_w10,f6_w10",0.5135994678278851,0.4942672503762971,0.8931403725213071,0.2664658426397366,relevance_minus_redundancy,,
5,"f5_w10,f3_w10,f10_w10,f2_w10,f4_w10",0.33960876105995313,0.14631329321574554,0.651642574178619,0.2664521144520804,relevance_minus_redundancy,,
7,"f1_w10,f5_w10,f8_w10,f6_w10,f10_w10,f2_w10,f4_w10",0.3802748093060829,0.22778946744246525,0.7376574661746979,0.2663800755848502,relevance_minus_redundancy,,
9,"f7_w10,f5_w10,f3_w10,f8_w10,f9_w10,f6_w10,f10_w10,f2_w10,f4_w10",0.4143040111646441,0.29613865914215604,0.8931403725213071,0.2662346815935661,relevance_minus_redundancy,,
8,"f7_w10,f5_w10,f3_w10,f8_w10,f9_w10,f6_w10,f2_w10,f4_w10",0.44019050595844506,0.3496205519231735,0.8931403725213071,0.2653802299968583,relevance_minus_redundancy,,
2,"f7_w10,f2_w10",0.3818761886008377,0.23322804518959134,0.23322804518959134,0.265262166006042,relevance_minus_redundancy,,
4,"f5_w10,f8_w10,f6_w10,f10_w10",0.43533505867994665,0.3406334357224116,0.6244677589856393,0.26501834081874087,relevance_minus_redundancy,,
5,"f5_w10,f8_w10,f9_w10,f10_w10,f4_w10",0.4103926628740151,0.29075995115236714,0.7348671056637521,0.26501268729783156,relevance_minus_redundancy,,
8,"f1_w10,f7_w10,f5_w10,f9_w10,f6_w10,f10_w10,f2_w10,f4_w10",0.4067227654850001,0.28360377211708193,0.8662910087756914,0.26492087942645914,relevance_minus_redundancy,,
4,"f5_w10,f9_w10,f10_w10,f2_w10",0.3635470250340457,0.19871452578642182,0.46481070033033334,0.2641897621408348,relevance_minus_redundancy,,
3,"f7_w10,f10_w10,f2_w10",0.323654810005304,0.1192733393625074,0.23322804518959134,0.2640181403240503,relevance_minus_redundancy,,
7,"f1_w10,f7_w10,f5_w10,f9_w10,f6_w10,f2_w10,f4_w10",0.43522429586653777,0.3427118064158573,0.8662910087756914,0.2638683926586091,relevance_minus_redundancy,,
4,"f7_w10,f5_w10,f9_w10,f6_w10",0.5314966601607427,0.5353999787895872,0.7835900884301347,0.2637966707659491,relevance_minus_redundancy,,
8,"f1_w10,f7_w10,f5_w10,f8_w10,f9_w10,f6_w10,f2_w10,f4_w10",0.45750804297461817,0.38799768471784385,0.8931403725213071,0.26350920061569627,relevance_minus_redundancy,,
4,"f5_w10,f9_w10,f10_w10,f4_w10",0.3596172604097237,0.19260487155638006,0.46481070033033334,0.26331482463153366,relevance_minus_redundancy,,
7,"f7_w10,f5_w10,f3_w10,f6_w10,f10_w10,f2_w10,f4_w10",0.37504970515032,0.22352338419529413,0.651642574178619,0.2632880130526729,relevance_minus_redundancy,,
5,"f1_w10,f9_w10,f6_w10,f10_w10,f2_w10",0.35939203739669867,0.19223049934714848,0.5535628093012784,0.26327678772312446,relevance_minus_redundancy,,
7,"f7_w10,f3_w10,f8_w10,f9_w10,f10_w10,f2_w10,f4_w10",0.40115745590106106,0.2764009251450583,0.8931403725213071,0.2629569933285319,relevance_minus_redundancy,,
4,"f1_w10,f7_w10,f2_w10,f4_w10",0.4090105675482549,0.29268776352967385,0.8662910087756914,0.26266668578341795,relevance_minus_redundancy,,
5,"f7_w10,f5_w10,f8_w10,f9_w10,f6_w10",0.5478961826748303,0.5719813469593586,0.8931403725213071,0.261905509195151,relevance_minus_redundancy,,
5,"f7_w10,f5_w10,f6_w10,f10_w10,f2_w10",0.3783196678380562,0.23296445718754716,0.6323689636125782,0.2618374392442826,relevance_minus_redundancy,,
3,"f5_w10,f10_w10,f4_w10",0.31619171664683954,0.10891727431312703,0.20432795406548496,0.261733079490276,relevance_minus_redundancy,,
4,"f1_w10,f9_w10,f6_w10,f4_w10",0.3935072689179922,0.26399146497977777,0.5535628093012784,0.2615115364281033,relevance_minus_redundancy,,
6,"f5_w10,f3_w10,f8_w10,f6_w10,f2_w10,f4_w10",0.38602855269982644,0.24906738489736738,0.651642574178619,0.26149486025114277,relevance_minus_redundancy,,
7,"f7_w10,f5_w10,f3_w10,f9_w10,f6_w10,f2_w10,f4_w10",0.41543282499091133,0.3083580888404036,0.7835900884301347,0.2612537805707095,relevance_minus_redundancy,,
3,"f5_w10,f8_w10,f6_w10",0.5113760606351834,0.5012912925522143,0.6244677589856393,0.26073041435907623,relevance_minus_redundancy,,
5,"f3_w10,f8_w10,f9_w10,f6_w10,f4_w10",0.4097966104547529,0.29832966379614556,0.7348671056637521,0.2606317785566801,relevance_minus_redundancy,,
4,"f7_w10,f3_w10,f2_w10,f4_w10",0.37437549351590865,0.2276841724557479,0.5398163224155659,0.2605334072880347,relevance_minus_redundancy,,
8,"f7_w10,f5_w10,f3_w10,f9_w10,f6_w10,f10_w10,f2_w10,f4_w10",0.38940522846882697,0.2577797916357258,0.7835900884301347,0.26051533265096405,relevance_minus_redundancy,,
5,"f7_w10,f3_w10,f10_w10,f2_w10,f4_w10",0.3409428053755742,0.16197605428081235,0.5398163224155659,0.259954778235168,relevance_minus_redundancy,,
5,"f1_w10,f7_w10,f8_w10,f9_w10,f4_w10",0.5382273794382253,0.5567241744869463,0.8931403725213071,0.25986529219475213,relevance_minus_redundancy,,
5,"f3_w10,f8_w10,f6_w10,f10_w10,f4_w10",0.35326024267792505,0.18725271372198937,0.38452581700845295,0.25963388581693037,relevance_minus_redundancy,,
4,"f5_w10,f8_w10,f6_w10,f2_w10",0.39560542983425,0.2720161100466704,0.6244677589856393,0.2595973748109148,relevance_minus_redundancy,,
5,"f1_w10,f7_w10,f8_w10,f2_w10,f4_w10",0.44990730858484007,0.38088405942099124,0.8931403725213071,0.25946527887434445,relevance_minus_redundancy,,
6,"f7_w10,f5_w10,f8_w10,f10_w10,f2_w10,f4_w10",0.3876369666455624,0.2564103531766874,0.8931403725213071,0.2594317900572187,relevance_minus_redundancy,,
6,"f3_w10,f8_w10,f9_w10,f6_w10,f10_w10,f4_w10",0.3760325175146668,0.23506619908445334,0.7348671056637521,0.25849941797244014,relevance_minus_redundancy,,
5,"f5_w10,f8_w10,f9_w10,f6_w10,f10_w10",0.44624682528363246,0.3759637407622854,0.7348671056637521,0.2582649549024898,relevance_minus_redundancy,,
5,"f5_w10,f3_w10,f6_w10,f10_w10,f4_w10",0.3723191117701129,0.22913592981393446,0.651642574178619,0.25775114686314565,relevance_minus_redundancy,,
6,"f7_w10,f3_w10,f9_w10,f10_w10,f2_w10,f4_w10",0.3657679864293744,0.21604453222666237,0.7835900884301347,0.25774572031604326,relevance_minus_redundancy,,
4,"f3_w10,f8_w10,f2_w10,f4_w10",0.34888435175614746,0.182400876545297,0.38452581700845295,0.25768391348349895,relevance_minus_redundancy,,
4,"f3_w10,f9_w10,f6_w10,f4_w10",0.358872194885646,0.20237678075733911,0.4381249567770016,0.2576838045069764,relevance_minus_redundancy,,
4,"f1_w10,f8_w10,f2_w10,f4_w10",0.3835194257884937,0.2518472947535762,0.7376574661746979,0.25759577841170556,relevance_minus_redundancy,,
5,"f7_w10,f5_w10,f8_w10,f9_w10,f4_w10",0.512042020265213,0.5089573203276254,0.8931403725213071,0.25756336010140024,relevance_minus_redundancy,,
6,"f1_w10,f8_w10,f9_w10,f6_w10,f10_w10,f4_w10",0.3991225668695643,0.28336374167740813,0.7376574661746979,0.2574406960308603,relevance_minus_redundancy,,
7,"f7_w10,f5_w10,f8_w10,f9_w10,f6_w10,f10_w10,f2_w10",0.4278552148028339,0.3419362191931017,0.8931403725213071,0.25688710520628305,relevance_minus_redundancy,,
7,"f1_w10,f5_w10,f8_w10,f9_w10,f6_w10,f2_w10,f4_w10",0.4206579291466742,0.3276753280841249,0.7376574661746979,0.25682026510461176,relevance_minus_redundancy,,
7,"f1_w10,f7_w10,f8_w10,f6_w10,f10_w10,f2_w10,f4_w10",0.38122769810295504,0.24908114656525995,0.8931403725213071,0.2566871248203251,relevance_minus_redundancy,,
8,"f1_w10,f5_w10,f8_w10,f9_w10,f6_w10,f10_w10,f2_w10,f4_w10",0.3939771946051195,0.27485195214243663,0.7376574661746979,0.25655121853390117,relevance_minus_redundancy,,
5,"f1_w10,f8_w10,f10_w10,f2_w10,f4_w10",0.3482579511936422,0.18370977466648497,0.7376574661746979,0.25640306386039974,relevance_minus_redundancy,,
6,"f1_w10,f7_w10,f8_w10,f9_w10,f6_w10,f4_w10",0.48383036469556256,0.4548848443995446,0.8931403725213071,0.2563879424957903,relevance_minus_redundancy,,
5,"f1_w10,f9_w10,f6_w10,f10_w10,f4_w10",0.35624822569724107,0.19989865474605414,0.5535628093012784,0.256298898324214,relevance_minus_redundancy,,
5,"f1_w10,f7_w10,f6_w10,f2_w10,f4_w10",0.36957751223505364,0.2266468415753419,0.8662910087756914,0.2562540914473827,relevance_minus_redundancy,,
3,"f7_w10,f8_w10,f2_w10",0.45908221664428556,0.4064218451024315,0.8931403725213071,0.2558712940930698,relevance_minus_redundancy,,
6,"f1_w10,f7_w10,f8_w10,f6_w10,f2_w10,f4_w10",0.4102303056510748,0.30932042685273575,0.8931403725213071,0.25557009222470695,relevance_minus_redundancy,,
6,"f7_w10,f3_w10,f8_w10,f9_w10,f2_w10,f4_w10",0.4334816897488652,0.3562285276225586,0.8931403725213071,0.2553674259375859,relevance_minus_redundancy,,
5,"f7_w10,f5_w10,f8_w10,f2_w10,f4_w10",0.42372194941182767,0.3367374223256375,0.8931403725213071,0.2553532382490089,relevance_minus_redundancy,,
4,"f5_w10,f8_w10,f9_w10,f4_w10",0.4611878153889598,0.41256272991839477,0.7348671056637521,0.25490645042976245,relevance_minus_redundancy,,
7,"f5_w10,f3_w10,f8_w10,f9_w10,f6_w10,f2_w10,f4_w10",0.40086645827104783,0.29205223132742747,0.7348671056637521,0.2548403426073341,relevance_minus_redundancy,,
7,"f1_w10,f7_w10,f8_w10,f9_w10,f10_w10,f2_w10,f4_w10",0.4209489267766875,0.3326843684196744,0.8931403725213071,0.2546067425668503,relevance_minus_redundancy,,
3,"f7_w10,f10_w10,f4_w10",0.31841512383954135,0.1280811536520247,0.30509739920186574,0.254374547013529,relevance_minus_redundancy,,
6,"f1_w10,f5_w10,f6_w10,f10_w10,f2_w10,f4_w10",0.3414048987352332,0.17435313879955266,0.6665474830829722,0.2542283293354569,relevance_minus_redundancy,,
7,"f5_w10,f3_w10,f8_w10,f6_w10,f10_w10,f2_w10,f4_w10",0.36048333843045643,0.21290505375101768,0.651642574178619,0.2540308115549476,relevance_minus_redundancy,,
4,"f7_w10,f9_w10,f6_w10,f10_w10",0.40610251881627174,0.30561169621038325,0.7835900884301347,0.2532966707110801,relevance_minus_redundancy,,
6,"f7_w10,f3_w10,f8_w10,f6_w10,f2_w10,f4_w10",0.3871402562961774,0.26782048814722065,0.8931403725213071,0.253230012222567,relevance_minus_redundancy,,
6,"f1_w10,f7_w10,f9_w10,f10_w10,f2_w10,f4_w10",0.3888580357842719,0.27129924286670865,0.8662910087756914,0.25320841435091757,relevance_minus_redundancy,,
6,"f7_w10,f5_w10,f8_w10,f6_w10,f10_w10,f4_w10",0.4148955922373623,0.3237536510207545,0.8931403725213071,0.25301876672698503,relevance_minus_redundancy,,
3,"f3_w10,f6_w10,f4_w10",0.3151982959480692,0.12456532389272586,0.20283019598529256,0.25291563400170625,relevance_minus_redundancy,,
8,"f5_w10,f3_w10,f8_w10,f9_w10,f6_w10,f10_w10,f2_w10,f4_w10",0.3766596575889464,0.24807593727514768,0.7348671056637521,0.25262168895137255,relevance_minus_redundancy,,
2,"f8_w10,f6_w10",0.4126697818567149,0.3206239740057478,0.3206239740057478,0.25235779485384097,relevance_minus_redundancy,,
5,"f1_w10,f8_w10,f9_w10,f6_w10,f4_w10",0.4375046696806299,0.37061163924623325,0.7376574661746979,0.2521988500575133,relevance_minus_redundancy,,
5,"f7_w10,f3_w10,f9_w10,f2_w10,f4_w10",0.3974791731524021,0.29089784448090017,0.7835900884301347,0.252030250911952,relevance_minus_redundancy,,
5,"f7_w10,f8_w10,f9_w10,f6_w10,f10_w10",0.44758086959925353,0.3911603604570021,0.8931403725213071,0.2520006893707525,relevance_minus_redundancy,,
5,"f3_w10,f9_w10,f6_w10,f10_w10,f2_w10",0.3316839781708217,0.15937996268560062,0.4381249567770016,0.25199399682802137,relevance_minus_redundancy,,
4,"f7_w10,f5_w10,f2_w10,f4_w10",0.37627886858198945,0.24892258862232475,0.6323689636125782,0.25181757427082707,relevance_minus_redundancy,,
7,"f7_w10,f3_w10,f8_w10,f6_w10,f10_w10,f2_w10,f4_w10",0.36143622722732865,0.21936007680448988,0.8931403725213071,0.2517561888250837,relevance_minus_redundancy,,
6,"f1_w10,f5_w10,f9_w10,f6_w10,f2_w10,f4_w10",0.38851853854925644,0.2738223349947537,0.6665474830829722,0.2516073710518796,relevance_minus_redundancy,,
6,"f1_w10,f7_w10,f6_w10,f10_w10,f2_w10,f4_w10",0.34251660233158415,0.18187094104772852,0.8662910087756914,0.2515811318077199,relevance_minus_redundancy,,
5,"f7_w10,f5_w10,f10_w10,f2_w10,f4_w10",0.34246550542843884,0.18430146310109702,0.6323689636125782,0.25031477387789036,relevance_minus_redundancy,,
6,"f7_w10,f5_w10,f8_w10,f9_w10,f6_w10,f2_w10",0.4646290751342668,0.4292071908641387,0.8931403725213071,0.25002547970219746,relevance_minus_redundancy,,
5,"f3_w10,f8_w10,f10_w10,f2_w10,f4_w10",0.3205498919677653,0.141877585302173,0.38452581700845295,0.2496110993166788,relevance_minus_redundancy,,
6,"f3_w10,f8_w10,f9_w10,f10_w10,f2_w10,f4_w10",0.34877389192286695,0.1993973540564773,0.7348671056637521,0.2490752148946283,relevance_minus_redundancy,,
6,"f7_w10,f5_w10,f9_w10,f6_w10,f10_w10,f2_w10",0.39691537181477615,0.29673652756571756,0.7835900884301347,0.24854710803191737,relevance_minus_redundancy,,
7,"f1_w10,f5_w10,f9_w10,f6_w10,f10_w10,f2_w10,f4_w10",0.36261761201568216,0.22822408666790445,0.6665474830829722,0.24850556868172993,relevance_minus_redundancy,,
3,"f1_w10,f2_w10,f4_w10",0.3068611434742646,0.11717004267029822,0.19871060637705992,0.24827612213911546,relevance_minus_redundancy,,
5,"f3_w10,f8_w10,f9_w10,f2_w10,f4_w10",0.37708625974459314,0.2588555686579913,0.7348671056637521,0.2476584754155975,relevance_minus_redundancy,,
4,"f7_w10,f8_w10,f10_w10,f4_w10",0.3921849110624513,0.2892841442222939,0.8931403725213071,0.24754283895130433,relevance_minus_redundancy,,
5,"f3_w10,f9_w10,f6_w10,f10_w10,f4_w10",0.3285401664713641,0.1627655057732465,0.4381249567770016,0.24715741358474083,relevance_minus_redundancy,,
7,"f7_w10,f5_w10,f8_w10,f9_w10,f10_w10,f2_w10,f4_w10",0.4022450987959644,0.31192064112850576,0.8931403725213071,0.2462847782317115,relevance_minus_redundancy,,
5,"f5_w10,f8_w10,f6_w10,f10_w10,f2_w10",0.3579267544302473,0.22380284804151768,0.6244677589856393,0.24602533040948846,relevance_minus_redundancy,,
5,"f1_w10,f8_w10,f6_w10,f2_w10,f4_w10",0.34918459882724473,0.20730121725007442,0.7376574661746979,0.2455339902022075,relevance_minus_redundancy,,
4,"f7_w10,f8_w10,f6_w10,f2_w10",0.39727298522877635,0.30366445969154987,0.8931403725213071,0.24544075538300142,relevance_minus_redundancy,,
8,"f7_w10,f3_w10,f8_w10,f9_w10,f6_w10,f10_w10,f2_w10,f4_w10",0.37749343528620954,0.26430218271167333,0.8931403725213071,0.24534234393037288,relevance_minus_redundancy,,
5,"f7_w10,f8_w10,f6_w10,f10_w10,f2_w10",0.35926079874586836,0.22821775136595707,0.8931403725213071,0.24515192306288983,relevance_minus_redundancy,,
5,"f7_w10,f5_w10,f8_w10,f6_w10,f4_w10",0.4564323001219875,0.4237231966879282,0.8931403725213071,0.2445707017780234,relevance_minus_redundancy,,
4,"f5_w10,f8_w10,f9_w10,f6_w10",0.5060055184009815,0.5236127734046216,0.7348671056637521,0.2441991316986707,relevance_minus_redundancy,,
5,"f7_w10,f5_w10,f6_w10,f10_w10,f4_w10",0.3751758561385986,0.2625437242262624,0.6323689636125782,0.24390399402546742,relevance_minus_redundancy,,
8,"f1_w10,f7_w10,f8_w10,f9_w10,f6_w10,f10_w10,f2_w10,f4_w10",0.39481097230238266,0.30220568963095423,0.8931403725213071,0.24370812748690554,relevance_minus_redundancy,,
7,"f7_w10,f5_w10,f8_w10,f9_w10,f6_w10,f10_w10,f4_w10",0.4256096350175071,0.36389353917052875,0.8931403725213071,0.24366286543224272,relevance_minus_redundancy,,
6,"f1_w10,f8_w10,f9_w10,f10_w10,f2_w10,f4_w10",0.37186394127776445,0.2564291955502648,0.7376574661746979,0.24364934350263207,relevance_minus_redundancy,,
5,"f7_w10,f8_w10,f9_w10,f10_w10,f2_w10",0.4148705188890937,0.34264942734888476,0.8931403725213071,0.24354580521465133,relevance_minus_redundancy,,
5,"f7_w10,f5_w10,f9_w10,f6_w10,f2_w10",0.4348560356148841,0.3837797148509622,0.7835900884301347,0.24296617818940303,relevance_minus_redundancy,,
4,"f5_w10,f8_w10,f2_w10,f4_w10",0.3507877268222283,0.2172565737885056,0.5587821446652559,0.2421594399279755,relevance_minus_redundancy,,
5,"f7_w10,f3_w10,f6_w10,f2_w10,f4_w10",0.3418694530091767,0.1997100984336937,0.5398163224155659,0.24201440379232986,relevance_minus_redundancy,,
4,"f3_w10,f6_w10,f10_w10,f2_w10",0.29213149978893305,0.10073166557809948,0.20629680749542753,0.2417656669998833,relevance_minus_redundancy,,
6,"f5_w10,f3_w10,f9_w10,f6_w10,f2_w10,f4_w10",0.36542848919435894,0.24749210947979358,0.651642574178619,0.24168243445446214,relevance_minus_redundancy,,
3,"f8_w10,f10_w10,f2_w10",0.28966662099228907,0.09606805872354622,0.1293019751169139,0.24163259163051595,relevance_minus_redundancy,,
7,"f7_w10,f3_w10,f8_w10,f9_w10,f6_w10,f2_w10,f4_w10",0.40181934706792,0.3206272759392179,0.8931403725213071,0.24150570909831104,relevance_minus_redundancy,,
6,"f7_w10,f5_w10,f9_w10,f10_w10,f2_w10,f4_w10",0.367036903140095,0.25415504609303524,0.7835900884301347,0.2399593800935774,relevance_minus_redundancy,,
3,"f7_w10,f6_w10,f2_w10",0.3251992227279747,0.17177509800861598,0.2690374046018365,0.23931167372366668,relevance_minus_redundancy,,
4,"f7_w10,f5_w10,f6_w10,f4_w10",0.41716680696968916,0.3559444031579171,0.6323689636125782,0.23919460539073062,relevance_minus_redundancy,,
7,"f1_w10,f7_w10,f9_w10,f6_w10,f10_w10,f2_w10,f4_w10",0.3635705008125543,0.2487739162784968,0.8662910087756914,0.23918354267330594,relevance_minus_redundancy,,
6,"f1_w10,f7_w10,f8_w10,f9_w10,f2_w10,f4_w10",0.4565717391037627,0.434915789247458,0.8931403725213071,0.2391138444800337,relevance_minus_redundancy,,
6,"f1_w10,f8_w10,f6_w10,f10_w10,f2_w10,f4_w10",0.3255225078250767,0.1736881972093043,0.7376574661746979,0.23867840922042455,relevance_minus_redundancy,,
6,"f7_w10,f5_w10,f9_w10,f6_w10,f10_w10,f4_w10",0.39429552873189483,0.3117353129245773,0.7835900884301347,0.23842787226960618,relevance_minus_redundancy,,
5,"f1_w10,f7_w10,f9_w10,f2_w10,f4_w10",0.42518723237827905,0.37361557200162493,0.8662910087756914,0.23837944637746658,relevance_minus_redundancy,,
7,"f5_w10,f3_w10,f9_w10,f6_w10,f10_w10,f2_w10,f4_w10",0.3428261411400557,0.20933852632895938,0.651642574178619,0.23815687797557603,relevance_minus_redundancy,,
5,"f5_w10,f3_w10,f6_w10,f2_w10,f4_w10",0.3405354086935556,0.20501626634451892,0.651642574178619,0.23802727552129613,relevance_minus_redundancy,,
6,"f7_w10,f3_w10,f6_w10,f10_w10,f2_w10,f4_w10",0.31942655297668665,0.16380355332706673,0.5398163224155659,0.23752477631315327,relevance_minus_redundancy,,
4,"f5_w10,f9_w10,f6_w10,f10_w10",0.4044349634217454,0.3360103680285306,0.6244677589856393,0.23642977940748008,relevance_minus_redundancy,,
4,"f1_w10,f10_w10,f2_w10,f4_w10",0.28194887080925757,0.09137035517289559,0.19871060637705992,0.23626369322280977,relevance_minus_redundancy,,
7,"f7_w10,f3_w10,f9_w10,f6_w10,f10_w10,f2_w10,f4_w10",0.34377902993692794,0.21505169987022926,0.7835900884301347,0.2362531800018133,relevance_minus_redundancy,,
6,"f5_w10,f8_w10,f9_w10,f6_w10,f10_w10,f2_w10",0.3799212773082687,0.2873805892839391,0.7348671056637521,0.23623098266629913,relevance_minus_redundancy,,
7,"f1_w10,f7_w10,f8_w10,f9_w10,f6_w10,f2_w10,f4_w10",0.42161081794354643,0.3710870287652379,0.8931403725213071,0.23606730356092748,relevance_minus_redundancy,,
5,"f5_w10,f8_w10,f10_w10,f2_w10,f4_w10",0.32207259202062993,0.17237336276843668,0.5587821446652559,0.2358859106364116,relevance_minus_redundancy,,
6,"f7_w10,f5_w10,f8_w10,f9_w10,f2_w10,f4_w10",0.4347506064595857,0.39956789058582587,0.8931403725213071,0.23496666116667275,relevance_minus_redundancy,,
3,"f8_w10,f6_w10,f10_w10",0.34418387217588875,0.21874091887269642,0.3206239740057478,0.23481341273954054,relevance_minus_redundancy,,
6,"f7_w10,f3_w10,f9_w10,f6_w10,f2_w10,f4_w10",0.3665401927907099,0.26520662341256357,0.7835900884301347,0.2339368810844281,relevance_minus_redundancy,,
4,"f7_w10,f9_w10,f10_w10,f2_w10",0.365214580428572,0.262714617098413,0.7835900884301347,0.23385727187936553,relevance_minus_redundancy,,
4,"f1_w10,f6_w10,f2_w10,f4_w10",0.28310718035126065,0.09880242633073899,0.20283019598529256,0.23370596718589115,relevance_minus_redundancy,,
4,"f7_w10,f9_w10,f10_w10,f4_w10",0.36128481580425004,0.25531670924246247,0.7835900884301347,0.2336264611830188,relevance_minus_redundancy,,
6,"f1_w10,f7_w10,f9_w10,f6_w10,f2_w10,f4_w10",0.3896302421456073,0.3123081674245752,0.8662910087756914,0.23347615843331973,relevance_minus_redundancy,,
5,"f5_w10,f8_w10,f9_w10,f6_w10,f2_w10",0.41446312220707515,0.3626742988606633,0.7348671056637521,0.2331259727767435,relevance_minus_redundancy,,
5,"f1_w10,f8_w10,f9_w10,f2_w10,f4_w10",0.4047943189704701,0.34423899245932804,0.7376574661746979,0.23267482274080606,relevance_minus_redundancy,,
5,"f3_w10,f8_w10,f6_w10,f2_w10,f4_w10",0.32147653960136774,0.1776987778278143,0.38452581700845295,0.2326271506874606,relevance_minus_redundancy,,
5,"f1_w10,f9_w10,f10_w10,f2_w10,f4_w10",0.3235378749870813,0.18226952119627418,0.5535628093012784,0.23240311438894423,relevance_minus_redundancy,,
7,"f7_w10,f5_w10,f8_w10,f6_w10,f10_w10,f2_w10,f4_w10",0.3625238701222319,0.26107006109327024,0.8931403725213071,0.2319888395755968,relevance_minus_redundancy,,
5,"f7_w10,f8_w10,f9_w10,f10_w10,f4_w10",0.41172670718963617,0.36182287654962164,0.8931403725213071,0.23081526891482534,relevance_minus_redundancy,,
4,"f3_w10,f9_w10,f2_w10,f4_w10",0.31798425649794626,0.17454109826197395,0.35684356555552404,0.2307137073669593,relevance_minus_redundancy,,
6,"f7_w10,f5_w10,f8_w10,f9_w10,f6_w10,f4_w10",0.46200923205138555,0.46297716624211815,0.8931403725213071,0.23052064893032648,relevance_minus_redundancy,,
5,"f3_w10,f9_w10,f10_w10,f2_w10,f4_w10",0.2958298157612043,0.1320349238722175,0.35684356555552404,0.22981235382509557,relevance_minus_redundancy,,
6,"f5_w10,f3_w10,f6_w10,f10_w10,f2_w10,f4_w10",0.3183148493803358,0.17705706957594242,0.651642574178619,0.22978631459236457,relevance_minus_redundancy,,
5,"f7_w10,f5_w10,f9_w10,f2_w10,f4_w10",0.3990018732052668,0.3384812561601209,0.7835900884301347,0.22976124512520635,relevance_minus_redundancy,,
4,"f3_w10,f6_w10,f10_w10,f4_w10",0.28820173516461106,0.11817605239155182,0.20629680749542753,0.22911370896883515,relevance_minus_redundancy,,
7,"f1_w10,f8_w10,f9_w10,f6_w10,f10_w10,f2_w10,f4_w10",0.34900413409269077,0.24060895721455652,0.7376574661746979,0.2286996554854125,relevance_minus_redundancy,,
6,"f5_w10,f8_w10,f9_w10,f10_w10,f2_w10,f4_w10",0.35004280863358755,0.2429547803535029,0.7348671056637521,0.2285654184568361,relevance_minus_redundancy,,
6,"f7_w10,f5_w10,f8_w10,f6_w10,f2_w10,f4_w10",0.38840917300689787,0.3198262267379542,0.8931403725213071,0.22849605963792077,relevance_minus_redundancy,,
7,"f3_w10,f8_w10,f9_w10,f6_w10,f10_w10,f2_w10,f4_w10",0.3292126632170644,0.2056173616250452,0.7348671056637521,0.2264039824045418,relevance_minus_redundancy,,
5,"f7_w10,f5_w10,f9_w10,f6_w10,f4_w10",0.4317122239154266,0.41082248400362403,0.7835900884301347,0.22630098191361456,relevance_minus_redundancy,,
6,"f3_w10,f8_w10,f9_w10,f6_w10,f2_w10,f4_w10",0.3495460982842024,0.24728421082421842,0.7348671056637521,0.2259039928720932,relevance_minus_redundancy,,
6,"f3_w10,f8_w10,f6_w10,f10_w10,f2_w10,f4_w10",0.3024324584701792,0.15384367863490125,0.38452581700845295,0.22551061915272858,relevance_minus_redundancy,,
6,"f7_w10,f8_w10,f9_w10,f6_w10,f10_w10,f2_w10",0.38103298090461957,0.3115758173735521,0.8931403725213071,0.2252450722178435,relevance_minus_redundancy,,
4,"f7_w10,f6_w10,f10_w10,f2_w10",0.2957024302495402,0.14103567906986772,0.2690374046018365,0.22518459071460634,relevance_minus_redundancy,,
6,"f1_w10,f8_w10,f9_w10,f6_w10,f2_w10,f4_w10",0.37263614763909986,0.2961628856899713,0.7376574661746979,0.2245547047941142,relevance_minus_redundancy,,
8,"f7_w10,f5_w10,f8_w10,f9_w10,f6_w10,f10_w10,f2_w10,f4_w10",0.3784451228192499,0.30802765734942816,0.8931403725213071,0.22443129414453583,relevance_minus_redundancy,,
3,"f7_w10,f9_w10,f6_w10",0.4723993408169502,0.4969174832696576,0.7835900884301347,0.22394059918212136,relevance_minus_redundancy,,
4,"f1_w10,f9_w10,f2_w10,f4_w10",0.3526193305302925,0.25799152973649436,0.5535628093012784,0.2236235656620453,relevance_minus_redundancy,,
4,"f8_w10,f9_w10,f6_w10,f10_w10",0.38061137705651055,0.31787480826269,0.7348671056637521,0.22167397292516555,relevance_minus_redundancy,,
2,"f7_w10,f4_w10",0.37401665935219375,0.30509739920186574,0.30509739920186574,0.22146795975126088,relevance_minus_redundancy,,
5,"f5_w10,f8_w10,f9_w10,f2_w10,f4_w10",0.37860895979745784,0.31460934898319126,0.7348671056637521,0.22130428530586221,relevance_minus_redundancy,,
4,"f7_w10,f8_w10,f9_w10,f6_w10",0.5076730737955079,0.5732306503332967,0.8931403725213071,0.22105774862885952,relevance_minus_redundancy,,
6,"f5_w10,f8_w10,f9_w10,f6_w10,f10_w10,f4_w10",0.37730143422538737,0.313329546984852,0.7348671056637521,0.22063666073296137,relevance_minus_redundancy,,
3,"f8_w10,f6_w10,f2_w10",0.2912110337149599,0.1421936452788547,0.3206239740057478,0.22011421107553253,relevance_minus_redundancy,,
5,"f5_w10,f8_w10,f6_w10,f10_w10,f4_w10",0.3547829427307897,0.2698073735933127,0.6244677589856393,0.21987925593413335,relevance_minus_redundancy,,
5,"f7_w10,f8_w10,f6_w10,f10_w10,f4_w10",0.3561169870464108,0.2734493247422068,0.8931403725213071,0.21939232467530742,relevance_minus_redundancy,,
4,"f8_w10,f9_w10,f10_w10,f2_w10",0.33972343866881083,0.24299147965120196,0.7348671056637521,0.21822769884320986,relevance_minus_redundancy,,
5,"f1_w10,f6_w10,f10_w10,f2_w10,f4_w10",0.2679281548438558,0.09958233685063403,0.20629680749542753,0.2181369864185388,relevance_minus_redundancy,,
2,"f7_w10,f8_w10",0.6644765562507033,0.8931403725213071,0.8931403725213071,0.2179063699900498,relevance_minus_redundancy,,
7,"f7_w10,f5_w10,f8_w10,f9_w10,f6_w10,f2_w10,f4_w10",0.4029069899628233,0.37436488063701556,0.8931403725213071,0.21572454964431553,relevance_minus_redundancy,,
3,"f5_w10,f9_w10,f6_w10",0.47017593362424837,0.5091344720309914,0.6244677589856393,0.21560869760875268,relevance_minus_redundancy,,
6,"f7_w10,f5_w10,f6_w10,f10_w10,f2_w10,f4_w10",0.3206954696874072,0.21058044282090577,0.6323689636125782,0.21540524827695431,relevance_minus_redundancy,,
6,"f1_w10,f9_w10,f6_w10,f10_w10,f2_w10,f4_w10",0.3049224443196092,0.18056142708058068,0.5535628093012784,0.21464173077931886,relevance_minus_redundancy,,
4,"f5_w10,f8_w10,f6_w10,f4_w10",0.391675665209928,0.35626463782361567,0.6244677589856393,0.2135433462981202,relevance_minus_redundancy,,
5,"f7_w10,f5_w10,f6_w10,f2_w10,f4_w10",0.3433921530620413,0.2602930735541137,0.6323689636125782,0.21324561628498445,relevance_minus_redundancy,,
5,"f1_w10,f9_w10,f6_w10,f2_w10,f4_w10",0.32446452262068376,0.22273785651695072,0.5535628093012784,0.2130955943622084,relevance_minus_redundancy,,
3,"f5_w10,f6_w10,f2_w10",0.32297581553527294,0.2199311413375408,0.6244677589856393,0.21301024486650255,relevance_minus_redundancy,,
3,"f3_w10,f2_w10,f4_w10",0.26068104476446957,0.09598775597582143,0.19871060637705992,0.21268716677655886,relevance_minus_redundancy,,
7,"f7_w10,f5_w10,f9_w10,f6_w10,f10_w10,f2_w10,f4_w10",0.34486667283183126,0.26505441235595933,0.7835900884301347,0.2123394666538516,relevance_minus_redundancy,,
1,f6_w10,0.21184529098224875,0.0,0.0,0.21184529098224875,relevance_minus_redundancy,,
2,"f7_w10,f9_w10",0.6026763657343008,0.7835900884301347,0.7835900884301347,0.2108813215192335,relevance_minus_redundancy,,
6,"f7_w10,f8_w10,f9_w10,f6_w10,f10_w10,f4_w10",0.3784131378217383,0.33700947362410144,0.8931403725213071,0.20990840100968758,relevance_minus_redundancy,,
5,"f5_w10,f9_w10,f6_w10,f10_w10,f2_w10",0.3332066782236863,0.24742365222110188,0.6244677589856393,0.2094948521131354,relevance_minus_redundancy,,
3,"f5_w10,f2_w10,f4_w10",0.26321887818591067,0.10761370790997105,0.19871060637705992,0.20941202423092514,relevance_minus_redundancy,,
5,"f7_w10,f9_w10,f6_w10,f10_w10,f2_w10",0.3345407225393074,0.25028067156991635,0.7835900884301347,0.20940038675434922,relevance_minus_redundancy,,
5,"f7_w10,f8_w10,f9_w10,f6_w10,f2_w10",0.4157971665226962,0.41354124745757115,0.8931403725213071,0.20902654279391064,relevance_minus_redundancy,,
4,"f7_w10,f8_w10,f9_w10,f2_w10",0.46678513540780814,0.515761049159451,0.8931403725213071,0.20890461082808265,relevance_minus_redundancy,,
5,"f5_w10,f8_w10,f9_w10,f6_w10,f4_w10",0.4113193105076176,0.40614232652640503,0.7348671056637521,0.2082481472444151,relevance_minus_redundancy,,
5,"f5_w10,f9_w10,f10_w10,f2_w10,f4_w10",0.29735251581406896,0.1799454305520756,0.46481070033033334,0.20737980053803118,relevance_minus_redundancy,,
1,f10_w10,0.20721205281423646,0.0,0.0,0.20721205281423646,relevance_minus_redundancy,,
5,"f7_w10,f8_w10,f10_w10,f2_w10,f4_w10",0.323406636336251,0.23265457179541396,0.8931403725213071,0.20707935043854403,relevance_minus_redundancy,,
4,"f3_w10,f10_w10,f2_w10,f4_w10",0.24731379677691132,0.08050531442674976,0.19871060637705992,0.20706113956353644,relevance_minus_redundancy,,
4,"f5_w10,f9_w10,f6_w10,f2_w10",0.36470533457604876,0.31992877444591356,0.6244677589856393,0.20474094735309198,relevance_minus_redundancy,,
3,"f8_w10,f10_w10,f4_w10",0.2844269348265264,0.1596267347233294,0.3290190567394684,0.20461356746486173,relevance_minus_redundancy,,
5,"f3_w10,f9_w10,f6_w10,f2_w10,f4_w10",0.29675646339480677,0.18473300913494586,0.4381249567770016,0.20438995882733385,relevance_minus_redundancy,,
3,"f7_w10,f8_w10,f9_w10",0.6062823347332609,0.803865855538398,0.8931403725213071,0.2043494069640619,relevance_minus_redundancy,,
4,"f8_w10,f9_w10,f10_w10,f4_w10",0.33579367404448884,0.2629690026503844,0.7348671056637521,0.20430917271929663,relevance_minus_redundancy,,
6,"f3_w10,f9_w10,f6_w10,f10_w10,f2_w10,f4_w10",0.28183239496471174,0.1551153031996812,0.4381249567770016,0.20427474336487114,relevance_minus_redundancy,,
3,"f5_w10,f6_w10,f10_w10",0.3759486539962018,0.34503084018218394,0.6244677589856393,0.20343323390510984,relevance_minus_redundancy,,
6,"f7_w10,f5_w10,f9_w10,f6_w10,f2_w10,f4_w10",0.3678091095014304,0.3288221814790266,0.7835900884301347,0.20339801876191713,relevance_minus_redundancy,,
4,"f7_w10,f6_w10,f10_w10,f4_w10",0.2917726656252182,0.17706797817310513,0.30509739920186574,0.20323867653866562,relevance_minus_redundancy,,
4,"f8_w10,f6_w10,f10_w10,f2_w10",0.27021128848977904,0.13803080031770568,0.3206239740057478,0.20119588833092622,relevance_minus_redundancy,,
4,"f5_w10,f9_w10,f2_w10,f4_w10",0.31988763156402705,0.23842134419450656,0.46481070033033334,0.20067695946677377,relevance_minus_redundancy,,
6,"f5_w10,f8_w10,f6_w10,f10_w10,f2_w10,f4_w10",0.30370137518089974,0.2060674805593929,0.6244677589856393,0.2006676349012033,relevance_minus_redundancy,,
7,"f5_w10,f8_w10,f9_w10,f6_w10,f10_w10,f2_w10,f4_w10",0.3303003061119677,0.2595107258469558,0.7348671056637521,0.2005449431884898,relevance_minus_redundancy,,
4,"f7_w10,f8_w10,f6_w10,f4_w10",0.39334322060445437,0.38662473384258633,0.8931403725213071,0.2000308536831612,relevance_minus_redundancy,,
5,"f5_w10,f8_w10,f6_w10,f2_w10,f4_w10",0.3229992396542324,0.24645212159421334,0.6244677589856393,0.1997731788571257,relevance_minus_redundancy,,
4,"f5_w10,f6_w10,f10_w10,f2_w10",0.29403487485501384,0.18940387817181056,0.6244677589856393,0.19933293576910854,relevance_minus_redundancy,,
3,"f7_w10,f8_w10,f4_w10",0.4538425304785229,0.509085609487547,0.8931403725213071,0.1992997257347494,relevance_minus_redundancy,,
5,"f7_w10,f9_w10,f6_w10,f10_w10,f4_w10",0.3313969108398498,0.2648189620314333,0.7835900884301347,0.19898742982413314,relevance_minus_redundancy,,
6,"f7_w10,f8_w10,f9_w10,f10_w10,f2_w10,f4_w10",0.35115451222993843,0.3043942122448078,0.8931403725213071,0.19895740610753454,relevance_minus_redundancy,,
5,"f5_w10,f9_w10,f6_w10,f10_w10,f4_w10",0.3300628665242287,0.26273489485816415,0.6244677589856393,0.19869541909514665,relevance_minus_redundancy,,
4,"f5_w10,f10_w10,f2_w10,f4_w10",0.2492171718429921,0.10228888892772207,0.20432795406548496,0.19807272737913106,relevance_minus_redundancy,,
4,"f3_w10,f6_w10,f2_w10,f4_w10",0.24847210631891437,0.10832030215467962,0.20283019598529256,0.19431195524157455,relevance_minus_redundancy,,
6,"f7_w10,f8_w10,f6_w10,f10_w10,f2_w10,f4_w10",0.30481307877725067,0.22255959628512423,0.8931403725213071,0.19353328063468855,relevance_minus_redundancy,,
6,"f5_w10,f8_w10,f9_w10,f6_w10,f2_w10,f4_w10",0.35081501499492296,0.3163466813213342,0.7348671056637521,0.19264167433425586,relevance_minus_redundancy,,
5,"f8_w10,f9_w10,f6_w10,f10_w10,f2_w10",0.3141478091314984,0.24360544604198084,0.7348671056637521,0.192345086110508,relevance_minus_redundancy,,
4,"f7_w10,f9_w10,f6_w10,f2_w10",0.3663728899705751,0.34898065079808466,0.7835900884301347,0.19188256457153277,relevance_minus_redundancy,,
3,"f7_w10,f6_w10,f4_w10",0.31995953656221204,0.25898833326299825,0.30509739920186574,0.19046536993071292,relevance_minus_redundancy,,
3,"f8_w10,f9_w10,f6_w10",0.43841115180393525,0.4978720121488338,0.7348671056637521,0.18947514572951835,relevance_minus_redundancy,,
3,"f7_w10,f9_w10,f2_w10",0.41788208963335055,0.45788723305841666,0.7835900884301347,0.18893847310414222,relevance_minus_redundancy,,
7,"f7_w10,f8_w10,f9_w10,f6_w10,f10_w10,f2_w10,f4_w10",0.3312531949088399,0.28647077937008775,0.8931403725213071,0.18801780522379605,relevance_minus_redundancy,,
5,"f3_w10,f6_w10,f10_w10,f2_w10,f4_w10",0.24022009561797883,0.10512872390565393,0.20629680749542753,0.18765573366515187,relevance_minus_redundancy,,
3,"f8_w10,f9_w10,f2_w10",0.3838939006203356,0.39486926293855745,0.7348671056637521,0.1864592691510569,relevance_minus_redundancy,,
4,"f7_w10,f8_w10,f9_w10,f4_w10",0.46285537078348615,0.5552911163512996,0.8931403725213071,0.18520981260783637,relevance_minus_redundancy,,
5,"f7_w10,f8_w10,f9_w10,f6_w10,f4_w10",0.41265335482323867,0.45623632294776756,0.8931403725213071,0.1845351933493549,relevance_minus_redundancy,,
4,"f5_w10,f9_w10,f6_w10,f4_w10",0.36077556995172677,0.35302183069830434,0.6244677589856393,0.1842646546025746,relevance_minus_redundancy,,
2,"f8_w10,f9_w10",0.5516940822147784,0.7348671056637521,0.7348671056637521,0.18426052938290238,relevance_minus_redundancy,,
3,"f7_w10,f9_w10,f4_w10",0.4126424034675879,0.4582400543944231,0.7835900884301347,0.18352237627037635,relevance_minus_redundancy,,
3,"f9_w10,f6_w10,f10_w10",0.30298374516495374,0.24081859826324206,0.4381249567770016,0.18257444603333273,relevance_minus_redundancy,,
5,"f7_w10,f8_w10,f6_w10,f2_w10,f4_w10",0.3243332839698535,0.2857644016452986,0.8931403725213071,0.1814510831472042,relevance_minus_redundancy,,
4,"f7_w10,f8_w10,f2_w10,f4_w10",0.35245528221675465,0.34201543293761477,0.8931403725213071,0.18144756574794726,relevance_minus_redundancy,,
5,"f7_w10,f9_w10,f10_w10,f2_w10,f4_w10",0.29868656012969,0.23866875560342787,0.7835900884301347,0.1793521823279761,relevance_minus_redundancy,,
3,"f9_w10,f10_w10,f4_w10",0.24322680781559147,0.12820862612739067,0.286032675551269,0.17912249475189612,relevance_minus_redundancy,,
4,"f8_w10,f9_w10,f6_w10,f2_w10",0.3408817482108139,0.3260694273054736,0.7348671056637521,0.1778470345580771,relevance_minus_redundancy,,
4,"f7_w10,f10_w10,f2_w10,f4_w10",0.2508847272375185,0.14703119933000894,0.30509739920186574,0.177369127572514,relevance_minus_redundancy,,
4,"f5_w10,f6_w10,f10_w10,f4_w10",0.29010511023069185,0.22672443090095673,0.6244677589856393,0.1767428947802135,relevance_minus_redundancy,,
5,"f8_w10,f9_w10,f6_w10,f10_w10,f4_w10",0.3110039974320408,0.2745689950165776,0.7348671056637521,0.17371949992375202,relevance_minus_redundancy,,
6,"f5_w10,f9_w10,f6_w10,f10_w10,f2_w10,f4_w10",0.28310131167543223,0.21894892459990248,0.6244677589856393,0.173626849375481,relevance_minus_redundancy,,
4,"f7_w10,f9_w10,f6_w10,f4_w10",0.3624431253462531,0.3807854534245667,0.7835900884301347,0.17205039863396976,relevance_minus_redundancy,,
6,"f7_w10,f8_w10,f9_w10,f6_w10,f2_w10,f4_w10",0.35192671859127383,0.3638068272287111,0.8931403725213071,0.17002330497691828,relevance_minus_redundancy,,
5,"f7_w10,f8_w10,f9_w10,f2_w10,f4_w10",0.3799430041130789,0.42134260328263684,0.8931403725213071,0.1692717024717605,relevance_minus_redundancy,,
6,"f7_w10,f9_w10,f6_w10,f10_w10,f2_w10,f4_w10",0.28421301527178316,0.23440245100855045,0.7835900884301347,0.16701178976750794,relevance_minus_redundancy,,
4,"f8_w10,f6_w10,f10_w10,f4_w10",0.26628152386545706,0.20143853027607603,0.3290190567394684,0.16556225872741903,relevance_minus_redundancy,,
3,"f9_w10,f10_w10,f2_w10",0.24846649398135412,0.16696089317671656,0.35684356555552404,0.16498604739299583,relevance_minus_redundancy,,
5,"f7_w10,f6_w10,f10_w10,f2_w10,f4_w10",0.24307683998646454,0.15734114482970304,0.30509739920186574,0.16440626757161303,relevance_minus_redundancy,,
5,"f8_w10,f9_w10,f10_w10,f2_w10,f4_w10",0.27829364672188106,0.22922703888886153,0.7348671056637521,0.1636801272774503,relevance_minus_redundancy,,
3,"f5_w10,f6_w10,f4_w10",0.3177361293695103,0.3097208838437407,0.6244677589856393,0.16287568744763994,relevance_minus_redundancy,,
5,"f5_w10,f9_w10,f6_w10,f2_w10,f4_w10",0.2982791634476714,0.2709010821149393,0.6244677589856393,0.16282862239020177,relevance_minus_redundancy,,
5,"f5_w10,f6_w10,f10_w10,f2_w10,f4_w10",0.24174279567084347,0.16603879402671118,0.6244677589856393,0.15872339865748789,relevance_minus_redundancy,,
2,"f8_w10,f4_w10",0.3230343758326714,0.3290190567394684,0.3290190567394684,0.1585248474629372,relevance_minus_redundancy,,
4,"f8_w10,f10_w10,f2_w10,f4_w10",0.22539358547775729,0.13941550193346214,0.3290190567394684,0.15568583451102622,relevance_minus_redundancy,,
3,"f8_w10,f9_w10,f4_w10",0.378654214454573,0.44997294598482984,0.7348671056637521,0.15366774146215806,relevance_minus_redundancy,,
4,"f5_w10,f6_w10,f2_w10,f4_w10",0.25037548138499516,0.1938664871558775,0.6244677589856393,0.1534422378070564,relevance_minus_redundancy,,
6,"f8_w10,f9_w10,f6_w10,f10_w10,f2_w10,f4_w10",0.2672189207652757,0.23154707782576697,0.7348671056637521,0.1514453818523922,relevance_minus_redundancy,,
4,"f7_w10,f6_w10,f2_w10,f4_w10",0.2520430367795215,0.20366058259834433,0.30509739920186574,0.15021274548034935,relevance_minus_redundancy,,
2,"f5_w10,f6_w10",0.46031695458718447,0.6244677589856393,0.6244677589856393,0.1480830750943648,relevance_minus_redundancy,,
5,"f7_w10,f9_w10,f6_w10,f2_w10,f4_w10",0.2996132077632925,0.3086554781903995,0.7835900884301347,0.14528546866809272,relevance_minus_redundancy,,
4,"f8_w10,f9_w10,f6_w10,f4_w10",0.3369519835864919,0.38524966078708855,0.7348671056637521,0.14432715319294764,relevance_minus_redundancy,,
3,"f8_w10,f6_w10,f4_w10",0.28597134754919723,0.28415774224350293,0.3290190567394684,0.14389247642744576,relevance_minus_redundancy,,
5,"f8_w10,f6_w10,f10_w10,f2_w10,f4_w10",0.22268392657865563,0.15793038333216608,0.3290190567394684,0.1437187349125726,relevance_minus_redundancy,,
4,"f9_w10,f6_w10,f10_w10,f2_w10",0.23931119323157776,0.19306071467283312,0.4381249567770016,0.14278083589516122,relevance_minus_redundancy,,
3,"f7_w10,f2_w10,f4_w10",0.2654422853786124,0.2456786835895057,0.30509739920186574,0.14260294358385955,relevance_minus_redundancy,,
4,"f7_w10,f9_w10,f2_w10,f4_w10",0.3215551869585534,0.36058373005090744,0.7835900884301347,0.14126332193309968,relevance_minus_redundancy,,
4,"f9_w10,f6_w10,f10_w10,f4_w10",0.23538142860725578,0.2053129731066489,0.4381249567770016,0.13272494205393132,relevance_minus_redundancy,,
2,"f9_w10,f6_w10",0.35086959134031237,0.4381249567770016,0.4381249567770016,0.13180711295181158,relevance_minus_redundancy,,
5,"f8_w10,f9_w10,f6_w10,f2_w10,f4_w10",0.2792202943554835,0.29730090984859314,0.7348671056637521,0.13056983943118694,relevance_minus_redundancy,,
4,"f8_w10,f6_w10,f2_w10,f4_w10",0.22655189501976036,0.1928567991563975,0.3290190567394684,0.1301234954415616,relevance_minus_redundancy,,
4,"f8_w10,f9_w10,f2_w10,f4_w10",0.2960640451987922,0.3330616879139116,0.7348671056637521,0.1295332012418364,relevance_minus_redundancy,,
3,"f8_w10,f2_w10,f4_w10",0.23145409636559755,0.20687559357097485,0.3290190567394684,0.12801629958011013,relevance_minus_redundancy,,
2,"f6_w10,f2_w10",0.1300694142068493,0.013059844234420035,0.013059844234420035,0.1235394920896393,relevance_minus_redundancy,,
2,"f9_w10,f4_w10",0.26123418531626896,0.286032675551269,0.286032675551269,0.11821784754063447,relevance_minus_redundancy,,
3,"f9_w10,f6_w10,f2_w10",0.25001090670402487,0.26934278885564855,0.4381249567770016,0.1153395122762006,relevance_minus_redundancy,,
4,"f9_w10,f10_w10,f2_w10,f4_w10",0.19449349021955606,0.1676975222953474,0.35684356555552404,0.11064472907188236,relevance_minus_redundancy,,
2,"f10_w10,f4_w10",0.11989326587419918,0.02055917231360586,0.02055917231360586,0.10961367971739626,relevance_minus_redundancy,,
3,"f6_w10,f10_w10,f2_w10",0.15578362707597834,0.09512057839572534,0.20629680749542753,0.10822333787811567,relevance_minus_redundancy,,
2,"f6_w10,f10_w10",0.2095286718982426,0.20629680749542753,0.20629680749542753,0.10638026815052883,relevance_minus_redundancy,,
5,"f9_w10,f6_w10,f10_w10,f2_w10,f4_w10",0.19796385037209457,0.18664969382642257,0.4381249567770016,0.10463900345888329,relevance_minus_redundancy,,
2,"f10_w10,f2_w10",0.12775279512284315,0.06600508345732847,0.06600508345732847,0.09475025339417892,relevance_minus_redundancy,,
2,"f9_w10,f2_w10",0.26909371456491293,0.35684356555552404,0.35684356555552404,0.09067193178715091,relevance_minus_redundancy,,
3,"f9_w10,f6_w10,f4_w10",0.2447712205382622,0.3089959427711877,0.4381249567770016,0.09027324915266835,relevance_minus_redundancy,,
3,"f6_w10,f10_w10,f4_w10",0.1505439409102157,0.14322872526477531,0.20629680749542753,0.07892957827782804,relevance_minus_redundancy,,
4,"f9_w10,f6_w10,f2_w10,f4_w10",0.1956517997615591,0.2492669740800945,0.4381249567770016,0.07101831272151186,relevance_minus_redundancy,,
4,"f6_w10,f10_w10,f2_w10,f4_w10",0.12498134004052422,0.11791028497718907,0.20629680749542753,0.06602619755192968,relevance_minus_redundancy,,
3,"f9_w10,f2_w10,f4_w10",0.19025396935466257,0.2805289491612843,0.35684356555552404,0.049989494774020427,relevance_minus_redundancy,,
3,"f10_w10,f2_w10,f4_w10",0.09602668972661606,0.09509162071599808,0.19871060637705992,0.048480879368617016,relevance_minus_redundancy,,
1,f2_w10,0.048293537431449846,0.0,0.0,0.048293537431449846,relevance_minus_redundancy,,
1,f4_w10,0.0325744789341619,0.0,0.0,0.0325744789341619,relevance_minus_redundancy,,
3,"f6_w10,f2_w10,f4_w10",0.09757110244928684,0.1382002155322575,0.20283019598529256,0.028470994683158085,relevance_minus_redundancy,,
2,"f6_w10,f4_w10",0.12220988495820533,0.20283019598529256,0.20283019598529256,0.020794786965559045,relevance_minus_redundancy,,
2,"f2_w10,f4_w10",0.040434008182805875,0.19871060637705992,0.19871060637705992,-0.058921295005724086,relevance_minus_redundancy,,
