combo_size,features,relevance_mean_abs_pearson,redundancy_mean_abs_pearson,redundancy_max_abs_pearson,score,selector,mrmr_last_added,mrmr_score
1,f1_w9,0.837365454246301,0.0,0.0,0.837365454246301,relevance_minus_redundancy,,
1,f5_w9,0.7087886181921202,0.0,0.0,0.7087886181921202,relevance_minus_redundancy,,
1,f3_w9,0.7011751179277971,0.0,0.0,0.7011751179277971,relevance_minus_redundancy,,
1,f7_w9,0.6840923352481468,0.0,0.0,0.6840923352481468,relevance_minus_redundancy,,
1,f8_w9,0.6013736879136552,0.0,0.0,0.6013736879136552,relevance_minus_redundancy,,
2,"f3_w9,f9_w9",0.5849187946627743,0.09182546983022934,0.09182546983022934,0.5390060597476596,relevance_minus_redundancy,,
2,"f1_w9,f6_w9",0.5246053726142749,0.018256081452480057,0.018256081452480057,0.5154773318880348,relevance_minus_redundancy,,
2,"f3_w9,f8_w9",0.6512744029207261,0.35378711499708065,0.35378711499708065,0.47438084542218584,relevance_minus_redundancy,,
2,"f1_w9,f2_w9",0.4986965948838691,0.05819865385549497,0.05819865385549497,0.4695972679561216,relevance_minus_redundancy,,
1,f9_w9,0.4686624713977515,0.0,0.0,0.4686624713977515,relevance_minus_redundancy,,
2,"f1_w9,f10_w9",0.5222887535302687,0.1287085107519018,0.1287085107519018,0.4579344981543178,relevance_minus_redundancy,,
2,"f1_w9,f4_w9",0.45579436064493833,0.013863701368744654,0.013863701368744654,0.448862509960566,relevance_minus_redundancy,,
2,"f3_w9,f7_w9",0.692633726587972,0.49624414012729073,0.49624414012729073,0.44451165652432656,relevance_minus_redundancy,,
2,"f1_w9,f5_w9",0.7730770362192106,0.6693695012149643,0.6693695012149643,0.4383922856117285,relevance_minus_redundancy,,
3,"f1_w9,f3_w9,f9_w9",0.6690676811906165,0.4647778061154518,0.7940016895008435,0.4366787781328907,relevance_minus_redundancy,,
3,"f5_w9,f3_w9,f9_w9",0.626208735839223,0.39739264869581253,0.651642574178619,0.4275124114913167,relevance_minus_redundancy,,
3,"f1_w9,f3_w9,f6_w9",0.583461954385449,0.3194420919114081,0.7940016895008435,0.423740908429745,relevance_minus_redundancy,,
3,"f1_w9,f5_w9,f2_w9",0.5687272693199528,0.29354333061054894,0.6693695012149643,0.4219556040146783,relevance_minus_redundancy,,
3,"f1_w9,f5_w9,f10_w9",0.5844553750842193,0.33413532201078366,0.6693695012149643,0.41738771407882747,relevance_minus_redundancy,,
3,"f3_w9,f7_w9,f10_w9",0.5308265019967268,0.22930554549767393,0.49624414012729073,0.4161737292478898,relevance_minus_redundancy,,
4,"f1_w9,f5_w9,f3_w9,f9_w9",0.6789979154409925,0.5273425659697547,0.7940016895008435,0.4153266324561152,relevance_minus_redundancy,,
3,"f1_w9,f5_w9,f4_w9",0.5401257798273323,0.2529482766840408,0.6693695012149643,0.41365164148531197,relevance_minus_redundancy,,
3,"f3_w9,f9_w9,f10_w9",0.45901654737992836,0.09385575763978311,0.10850436286209991,0.4120886685600368,relevance_minus_redundancy,,
4,"f1_w9,f3_w9,f9_w9,f10_w9",0.5536037740965215,0.28546395536456287,0.7940016895008435,0.4108717964142401,relevance_minus_redundancy,,
3,"f5_w9,f3_w9,f8_w9",0.6704458080111908,0.5193714526945359,0.651642574178619,0.41076008166392286,relevance_minus_redundancy,,
3,"f1_w9,f3_w9,f10_w9",0.5819175416627782,0.3437381877049484,0.7940016895008435,0.41004844781030403,relevance_minus_redundancy,,
4,"f1_w9,f3_w9,f7_w9,f10_w9",0.6074612400591203,0.4063973084556494,0.8277570139881301,0.4042625858312956,relevance_minus_redundancy,,
2,"f7_w9,f10_w9",0.44565219403119166,0.08316813350363117,0.08316813350363117,0.4040681272793761,relevance_minus_redundancy,,
3,"f1_w9,f3_w9,f8_w9",0.7133047533625844,0.6194389413721447,0.7940016895008435,0.403585282676512,relevance_minus_redundancy,,
3,"f1_w9,f7_w9,f10_w9",0.5762232807695614,0.34654455274788765,0.8277570139881301,0.4029510043956176,relevance_minus_redundancy,,
3,"f5_w9,f3_w9,f7_w9",0.6980186904560214,0.5924131518588601,0.651642574178619,0.4018121145265913,relevance_minus_redundancy,,
4,"f1_w9,f5_w9,f3_w9,f8_w9",0.7121757195699684,0.6220022614029876,0.7940016895008435,0.40117458886847457,relevance_minus_redundancy,,
4,"f1_w9,f5_w9,f3_w9,f10_w9",0.6136353107951137,0.42609243209565223,0.7940016895008435,0.40058909474728754,relevance_minus_redundancy,,
3,"f1_w9,f5_w9,f9_w9",0.6716055146120575,0.542195220769612,0.6693695012149643,0.4005079042272515,relevance_minus_redundancy,,
5,"f1_w9,f5_w9,f3_w9,f9_w9,f10_w9",0.5846407429156413,0.36868336637250343,0.7940016895008435,0.40029905972938956,relevance_minus_redundancy,,
2,"f3_w9,f10_w9",0.4541935853710168,0.10850436286209991,0.10850436286209991,0.3999414039399668,relevance_minus_redundancy,,
2,"f1_w9,f9_w9",0.6530139628220263,0.5085062590152825,0.5085062590152825,0.39876083331438505,relevance_minus_redundancy,,
5,"f1_w9,f5_w9,f3_w9,f7_w9,f10_w9",0.6277267156857202,0.4593076621463636,0.8277570139881301,0.3980728846125384,relevance_minus_redundancy,,
3,"f1_w9,f8_w9,f2_w9",0.5329222925604644,0.2700712587904172,0.7105280196185103,0.3978866631652558,relevance_minus_redundancy,,
3,"f1_w9,f3_w9,f4_w9",0.5375879464058912,0.2798624381949914,0.7940016895008435,0.3976567273083955,relevance_minus_redundancy,,
4,"f1_w9,f5_w9,f7_w9,f10_w9",0.6093646151252011,0.4237806424657971,0.8277570139881301,0.3974742938923026,relevance_minus_redundancy,,
4,"f1_w9,f3_w9,f8_w9,f10_w9",0.5867815782254974,0.38028338546218726,0.7940016895008435,0.39663988549440377,relevance_minus_redundancy,,
3,"f1_w9,f5_w9,f3_w9",0.7491097301220728,0.7050045882981423,0.7940016895008435,0.3966074359730017,relevance_minus_redundancy,,
3,"f3_w9,f8_w9,f9_w9",0.5904037590797345,0.3879766548874511,0.7183173798350433,0.396415431636009,relevance_minus_redundancy,,
3,"f3_w9,f8_w9,f10_w9",0.5032536195518963,0.21615403096728936,0.35378711499708065,0.3951766040682516,relevance_minus_redundancy,,
4,"f1_w9,f5_w9,f8_w9,f2_w9",0.5768888739683784,0.3642216305425519,0.7105280196185103,0.3947780586971025,relevance_minus_redundancy,,
4,"f1_w9,f3_w9,f8_w9,f2_w9",0.5749854989022976,0.36089939922485614,0.7940016895008435,0.3945357992898695,relevance_minus_redundancy,,
4,"f5_w9,f3_w9,f7_w9,f10_w9",0.5753170310455751,0.3622066510012994,0.651642574178619,0.3942137055449254,relevance_minus_redundancy,,
4,"f1_w9,f5_w9,f3_w9,f4_w9",0.5803881143524485,0.37270183624116177,0.7940016895008435,0.3940371962318676,relevance_minus_redundancy,,
4,"f1_w9,f5_w9,f3_w9,f7_w9",0.7328553814035913,0.6780612767134198,0.8277570139881301,0.3938247430468814,relevance_minus_redundancy,,
3,"f1_w9,f5_w9,f8_w9",0.7158425867840256,0.6441940632471276,0.7105280196185103,0.3937455551604618,relevance_minus_redundancy,,
3,"f1_w9,f7_w9,f2_w9",0.560495175005295,0.33388354855999824,0.8277570139881301,0.3935534007252959,relevance_minus_redundancy,,
5,"f1_w9,f5_w9,f3_w9,f8_w9,f10_w9",0.6111829862188219,0.43597250111401004,0.7940016895008435,0.3931967356618169,relevance_minus_redundancy,,
4,"f1_w9,f5_w9,f7_w9,f2_w9",0.5975685358020013,0.4089057874878029,0.8277570139881301,0.3931156420580999,relevance_minus_redundancy,,
4,"f1_w9,f3_w9,f7_w9,f6_w9",0.6086195496011234,0.43227803336991805,0.8277570139881301,0.39248053291616436,relevance_minus_redundancy,,
5,"f1_w9,f5_w9,f3_w9,f8_w9,f2_w9",0.6017461227602621,0.4192154976411816,0.7940016895008435,0.39213837393967127,relevance_minus_redundancy,,
4,"f1_w9,f5_w9,f3_w9,f2_w9",0.6018392314719139,0.42227801166517837,0.7940016895008435,0.3907002256393247,relevance_minus_redundancy,,
3,"f3_w9,f7_w9,f9_w9",0.6179766415245651,0.45509076921352776,0.7772026976830633,0.39043125691780123,relevance_minus_redundancy,,
4,"f1_w9,f3_w9,f8_w9,f6_w9",0.5879398877675005,0.3956688099195454,0.7940016895008435,0.39010548280772783,relevance_minus_redundancy,,
3,"f1_w9,f3_w9,f2_w9",0.5661894358985117,0.35319805261209986,0.7940016895008435,0.3895904095924617,relevance_minus_redundancy,,
4,"f5_w9,f3_w9,f9_w9,f10_w9",0.5214595650829763,0.2643746172070071,0.651642574178619,0.3892722564794727,relevance_minus_redundancy,,
3,"f1_w9,f5_w9,f7_w9",0.743415469228856,0.7088264188245884,0.8277570139881301,0.38900225981656184,relevance_minus_redundancy,,
5,"f1_w9,f5_w9,f3_w9,f8_w9,f9_w9",0.663473069935525,0.5499372579177069,0.7940016895008435,0.3885044409766716,relevance_minus_redundancy,,
5,"f1_w9,f5_w9,f3_w9,f7_w9,f2_w9",0.6182898522271605,0.46027169432135323,0.8277570139881301,0.3881540050664839,relevance_minus_redundancy,,
3,"f1_w9,f3_w9,f7_w9",0.740877635807415,0.706000947872088,0.8277570139881301,0.38787716187137095,relevance_minus_redundancy,,
4,"f1_w9,f3_w9,f8_w9,f9_w9",0.6521441828713762,0.5294943221328315,0.7940016895008435,0.38739702180496044,relevance_minus_redundancy,,
4,"f1_w9,f3_w9,f7_w9,f2_w9",0.5956651607359205,0.4165483816313483,0.8277570139881301,0.38739096992024635,relevance_minus_redundancy,,
4,"f1_w9,f3_w9,f9_w9,f4_w9",0.5203565776538563,0.26613551817648323,0.7940016895008435,0.3872888185656147,relevance_minus_redundancy,,
3,"f3_w9,f8_w9,f2_w9",0.48752551378762976,0.20088934412476275,0.35378711499708065,0.38708084172524837,relevance_minus_redundancy,,
4,"f1_w9,f3_w9,f9_w9,f6_w9",0.5547620836385246,0.3358255234399357,0.7940016895008435,0.3868493219185568,relevance_minus_redundancy,,
5,"f1_w9,f5_w9,f3_w9,f9_w9,f4_w9",0.5580429857615091,0.3442146713999485,0.7940016895008435,0.38593565006153485,relevance_minus_redundancy,,
4,"f1_w9,f5_w9,f9_w9,f10_w9",0.5555071491626022,0.34014326122554045,0.6693695012149643,0.38543551854983205,relevance_minus_redundancy,,
5,"f1_w9,f5_w9,f3_w9,f7_w9,f9_w9",0.6800167994024233,0.5894611988887682,0.8277570139881301,0.3852861999580392,relevance_minus_redundancy,,
4,"f5_w9,f3_w9,f8_w9,f9_w9",0.619999973857831,0.4694945183045783,0.7183173798350433,0.3852527147055419,relevance_minus_redundancy,,
3,"f1_w9,f7_w9,f6_w9",0.5777676934922322,0.3857846219368244,0.8277570139881301,0.38487538252382003,relevance_minus_redundancy,,
5,"f1_w9,f3_w9,f7_w9,f9_w9,f10_w9",0.5797014863268466,0.3897155717489492,0.8277570139881301,0.384843700452372,relevance_minus_redundancy,,
3,"f1_w9,f9_w9,f10_w9",0.504413326152763,0.23948406999806815,0.5085062590152825,0.38467129115372894,relevance_minus_redundancy,,
3,"f1_w9,f6_w9,f2_w9",0.4030794935833289,0.03703584645377345,0.05819865385549497,0.3845615703564422,relevance_minus_redundancy,,
6,"f1_w9,f5_w9,f3_w9,f7_w9,f9_w9,f10_w9",0.6012160083043921,0.433370559353188,0.8277570139881301,0.38453072862779814,relevance_minus_redundancy,,
4,"f1_w9,f5_w9,f8_w9,f10_w9",0.5886849532915782,0.4086315449335762,0.7105280196185103,0.3843691808247901,relevance_minus_redundancy,,
5,"f1_w9,f5_w9,f3_w9,f7_w9,f4_w9",0.6011289585315882,0.4349361200948187,0.8277570139881301,0.38366089848417884,relevance_minus_redundancy,,
2,"f3_w9,f6_w9",0.4565102044550229,0.1460685047809008,0.1460685047809008,0.38347595206457247,relevance_minus_redundancy,,
4,"f5_w9,f3_w9,f8_w9,f10_w9",0.5546373692119522,0.34285288167564665,0.651642574178619,0.38321092837412885,relevance_minus_redundancy,,
4,"f5_w9,f3_w9,f7_w9,f9_w9",0.6406796356914539,0.5158295875280771,0.7772026976830633,0.3827648419274154,relevance_minus_redundancy,,
5,"f1_w9,f5_w9,f3_w9,f9_w9,f2_w9",0.5752038794570814,0.386271649747085,0.7940016895008435,0.3820680545835389,relevance_minus_redundancy,,
2,"f5_w9,f7_w9",0.6964404767201335,0.6293527412706708,0.6293527412706708,0.38176410608479816,relevance_minus_redundancy,,
4,"f1_w9,f3_w9,f7_w9,f9_w9",0.6728238447049991,0.58258954502414,0.8277570139881301,0.38152907219292914,relevance_minus_redundancy,,
5,"f1_w9,f5_w9,f3_w9,f8_w9,f4_w9",0.5845852290646898,0.40775060964500076,0.7940016895008435,0.3807099242421894,relevance_minus_redundancy,,
4,"f1_w9,f3_w9,f7_w9,f4_w9",0.5742140436164551,0.3872307928025866,0.8277570139881301,0.3805986472151618,relevance_minus_redundancy,,
3,"f5_w9,f7_w9,f10_w9",0.5333643354181679,0.305616276279929,0.6293527412706708,0.38055619727820333,relevance_minus_redundancy,,
6,"f1_w9,f5_w9,f3_w9,f8_w9,f9_w9,f10_w9",0.5874295670819769,0.4138880974750842,0.7940016895008435,0.3804855183444348,relevance_minus_redundancy,,
6,"f1_w9,f5_w9,f3_w9,f7_w9,f8_w9,f10_w9",0.623334544390376,0.4861882551946334,0.8965767878896765,0.38024041679305937,relevance_minus_redundancy,,
4,"f1_w9,f3_w9,f9_w9,f2_w9",0.5418076947733217,0.3233221138729151,0.7940016895008435,0.38014663783686414,relevance_minus_redundancy,,
4,"f5_w9,f3_w9,f8_w9,f2_w9",0.5428412898887524,0.32667618537033377,0.651642574178619,0.3795031972035855,relevance_minus_redundancy,,
2,"f5_w9,f3_w9",0.7049818680599587,0.651642574178619,0.651642574178619,0.37916058097064914,relevance_minus_redundancy,,
5,"f1_w9,f3_w9,f8_w9,f9_w9,f10_w9",0.5631577568599482,0.36815868616806985,0.7940016895008435,0.3790784137759132,relevance_minus_redundancy,,
4,"f3_w9,f7_w9,f9_w9,f10_w9",0.5152854943469829,0.27303037403888913,0.7772026976830633,0.37877030732753836,relevance_minus_redundancy,,
2,"f5_w9,f8_w9",0.6550811530528877,0.552684668907908,0.552684668907908,0.3787388185989337,relevance_minus_redundancy,,
3,"f3_w9,f7_w9,f2_w9",0.5150983962324603,0.2731109774812072,0.49624414012729073,0.3785429074918567,relevance_minus_redundancy,,
3,"f5_w9,f3_w9,f10_w9",0.5390585963113846,0.3214916303687347,0.651642574178619,0.3783127811270173,relevance_minus_redundancy,,
4,"f1_w9,f5_w9,f7_w9,f4_w9",0.576117418682536,0.39595847890434127,0.8277570139881301,0.3781381792303653,relevance_minus_redundancy,,
3,"f1_w9,f8_w9,f10_w9",0.548650398324731,0.3418023818043665,0.7105280196185103,0.3777492074225477,relevance_minus_redundancy,,
5,"f1_w9,f5_w9,f3_w9,f7_w9,f8_w9",0.7065590427056041,0.6581944251693694,0.8965767878896765,0.3774618301209194,relevance_minus_redundancy,,
5,"f1_w9,f3_w9,f7_w9,f8_w9,f10_w9",0.6062437296300273,0.4585446388281852,0.8965767878896765,0.37697141021593467,relevance_minus_redundancy,,
6,"f1_w9,f5_w9,f3_w9,f7_w9,f8_w9,f2_w9",0.6154704915082428,0.4771853758349303,0.8965767878896765,0.3768778035907777,relevance_minus_redundancy,,
4,"f1_w9,f3_w9,f8_w9,f4_w9",0.5535343817828322,0.3546996207800172,0.7940016895008435,0.3761845713928236,relevance_minus_redundancy,,
4,"f5_w9,f3_w9,f7_w9,f2_w9",0.5635209517223753,0.3755650141090165,0.651642574178619,0.375738444667867,relevance_minus_redundancy,,
4,"f5_w9,f3_w9,f7_w9,f8_w9",0.6738574398204298,0.5967146712285409,0.8965767878896765,0.3755001042061593,relevance_minus_redundancy,,
5,"f5_w9,f3_w9,f7_w9,f9_w9,f10_w9",0.5539861191160104,0.35722154158266983,0.7772026976830633,0.37537534832467545,relevance_minus_redundancy,,
6,"f1_w9,f5_w9,f3_w9,f7_w9,f10_w9,f2_w9",0.5497768856583397,0.35132398470424314,0.8277570139881301,0.37411489330621817,relevance_minus_redundancy,,
3,"f3_w9,f7_w9,f6_w9",0.5323709147193976,0.3178844717593515,0.49624414012729073,0.37342867883972186,relevance_minus_redundancy,,
4,"f1_w9,f5_w9,f3_w9,f6_w9",0.6147936203371168,0.48396768501890786,0.7940016895008435,0.3728097778276629,relevance_minus_redundancy,,
4,"f1_w9,f3_w9,f6_w9,f2_w9",0.477603399669446,0.20976192468717095,0.7940016895008435,0.3727224373258605,relevance_minus_redundancy,,
4,"f1_w9,f3_w9,f6_w9,f10_w9",0.48939947899264585,0.2336393261406089,0.7940016895008435,0.3725798159223414,relevance_minus_redundancy,,
5,"f5_w9,f3_w9,f7_w9,f8_w9,f10_w9",0.580528362419191,0.41624590928451494,0.8965767878896765,0.37240540777693354,relevance_minus_redundancy,,
5,"f1_w9,f3_w9,f7_w9,f6_w9,f10_w9",0.528338050243746,0.3120346014832568,0.8277570139881301,0.37232074950211763,relevance_minus_redundancy,,
6,"f1_w9,f5_w9,f3_w9,f7_w9,f10_w9,f4_w9",0.5354761409120296,0.3263421254964761,0.8277570139881301,0.3723050781637915,relevance_minus_redundancy,,
2,"f1_w9,f3_w9",0.7692702860870491,0.7940016895008435,0.7940016895008435,0.3722694413366273,relevance_minus_redundancy,,
3,"f3_w9,f7_w9,f4_w9",0.48649690673983986,0.22925411731926718,0.49624414012729073,0.3718698480802063,relevance_minus_redundancy,,
2,"f3_w9,f4_w9",0.38769919248568635,0.03172192371538611,0.03172192371538611,0.3718382306279933,relevance_minus_redundancy,,
5,"f1_w9,f3_w9,f7_w9,f8_w9,f2_w9",0.5968068661714674,0.4501669315190604,0.8965767878896765,0.3717234004119372,relevance_minus_redundancy,,
4,"f5_w9,f3_w9,f7_w9,f4_w9",0.5420698346029099,0.3407282158125841,0.651642574178619,0.37170572669661783,relevance_minus_redundancy,,
6,"f1_w9,f5_w9,f3_w9,f8_w9,f9_w9,f2_w9",0.5795655141998437,0.4159680522484426,0.7940016895008435,0.3715814880756224,relevance_minus_redundancy,,
4,"f3_w9,f7_w9,f8_w9,f10_w9",0.5484632984759589,0.3540751924037444,0.8965767878896765,0.37142570227408667,relevance_minus_redundancy,,
3,"f3_w9,f7_w9,f8_w9",0.662213713696533,0.5822026810046826,0.8965767878896765,0.3711123731941917,relevance_minus_redundancy,,
5,"f1_w9,f5_w9,f3_w9,f10_w9,f4_w9",0.505752902044806,0.26988135654422957,0.7940016895008435,0.3708122237726913,relevance_minus_redundancy,,
6,"f1_w9,f5_w9,f3_w9,f8_w9,f10_w9,f2_w9",0.5359904444359245,0.33082001902006586,0.7940016895008435,0.37058043492589154,relevance_minus_redundancy,,
5,"f1_w9,f5_w9,f3_w9,f7_w9,f6_w9",0.6286533633193228,0.5168500775869402,0.8277570139881301,0.37022832452585264,relevance_minus_redundancy,,
3,"f1_w9,f8_w9,f6_w9",0.5501948110474016,0.36005185007948254,0.7105280196185103,0.3701688860076604,relevance_minus_redundancy,,
5,"f1_w9,f3_w9,f7_w9,f10_w9,f2_w9",0.5179745391515836,0.296210516307272,0.8277570139881301,0.36986928099794764,relevance_minus_redundancy,,
6,"f1_w9,f5_w9,f3_w9,f7_w9,f9_w9,f2_w9",0.5933519554222589,0.4472645378917584,0.8277570139881301,0.36971968647637976,relevance_minus_redundancy,,
5,"f1_w9,f5_w9,f7_w9,f10_w9,f2_w9",0.5194972392044483,0.3012073189414833,0.8277570139881301,0.36889357973370673,relevance_minus_redundancy,,
5,"f1_w9,f5_w9,f3_w9,f8_w9,f6_w9",0.6121096338524245,0.4872177362804403,0.7940016895008435,0.3685007657122043,relevance_minus_redundancy,,
5,"f1_w9,f3_w9,f7_w9,f6_w9,f2_w9",0.5189011867851862,0.3009608450444679,0.8277570139881301,0.3684207642629522,relevance_minus_redundancy,,
4,"f1_w9,f5_w9,f8_w9,f4_w9",0.5554377568489131,0.37439213234301305,0.7105280196185103,0.36824169067740653,relevance_minus_redundancy,,
3,"f5_w9,f3_w9,f4_w9",0.49472900105449763,0.2529920417874728,0.651642574178619,0.3682329801607612,relevance_minus_redundancy,,
6,"f1_w9,f5_w9,f3_w9,f7_w9,f9_w9,f4_w9",0.5790512106759488,0.42216663967891765,0.8277570139881301,0.36796789083648995,relevance_minus_redundancy,,
3,"f5_w9,f7_w9,f2_w9",0.5176362296539013,0.299369851956076,0.6293527412706708,0.3679513036758633,relevance_minus_redundancy,,
3,"f3_w9,f9_w9,f4_w9",0.4146869521230414,0.09348048639134299,0.1568940656284135,0.3679467089273699,relevance_minus_redundancy,,
5,"f5_w9,f3_w9,f8_w9,f9_w9,f10_w9",0.5374423896491121,0.3397207482024762,0.7183173798350433,0.36758201554787395,relevance_minus_redundancy,,
5,"f1_w9,f3_w9,f7_w9,f10_w9,f4_w9",0.5008136454560114,0.26648274842489905,0.8277570139881301,0.36757227124356184,relevance_minus_redundancy,,
3,"f1_w9,f5_w9,f6_w9",0.58599978780689,0.4373644472176945,0.6693695012149643,0.36731756419804273,relevance_minus_redundancy,,
4,"f1_w9,f5_w9,f9_w9,f2_w9",0.5437110698394024,0.35297549158019964,0.6693695012149643,0.3672233240493026,relevance_minus_redundancy,,
5,"f1_w9,f5_w9,f3_w9,f10_w9,f2_w9",0.5229137957403783,0.3117642763837555,0.7940016895008435,0.3670316575485006,relevance_minus_redundancy,,
4,"f5_w9,f3_w9,f9_w9,f4_w9",0.48821236864031115,0.24273426048327507,0.651642574178619,0.3668452383986736,relevance_minus_redundancy,,
6,"f1_w9,f5_w9,f3_w9,f9_w9,f10_w9,f4_w9",0.49957116360363035,0.2657324468147887,0.7940016895008435,0.366704940196236,relevance_minus_redundancy,,
5,"f1_w9,f3_w9,f8_w9,f6_w9,f2_w9",0.5023574573182878,0.271574523480332,0.7940016895008435,0.36657019557812187,relevance_minus_redundancy,,
7,"f1_w9,f5_w9,f3_w9,f7_w9,f8_w9,f10_w9,f2_w9",0.5571478574090991,0.38148067047222645,0.8965767878896765,0.3664075221729859,relevance_minus_redundancy,,
4,"f3_w9,f8_w9,f9_w9,f10_w9",0.49460583251336004,0.25664039713236014,0.7183173798350433,0.36628563394717994,relevance_minus_redundancy,,
5,"f5_w9,f3_w9,f7_w9,f8_w9,f2_w9",0.5710914989606313,0.409792575934601,0.8965767878896765,0.36619521099333074,relevance_minus_redundancy,,
4,"f1_w9,f5_w9,f9_w9,f4_w9",0.5222599527199371,0.3121591761290679,0.6693695012149643,0.36618036465540316,relevance_minus_redundancy,,
4,"f1_w9,f3_w9,f7_w9,f8_w9",0.706001648833975,0.6798157943535886,0.8965767878896765,0.36609375165718067,relevance_minus_redundancy,,
5,"f1_w9,f5_w9,f7_w9,f8_w9,f2_w9",0.5983295662243321,0.46547113042401583,0.8965767878896765,0.3655940010123242,relevance_minus_redundancy,,
3,"f5_w9,f8_w9,f2_w9",0.4900633472090708,0.249077869522114,0.552684668907908,0.3655244124480138,relevance_minus_redundancy,,
5,"f1_w9,f3_w9,f8_w9,f9_w9,f2_w9",0.5537208934013884,0.3764052300585371,0.7940016895008435,0.36551827837211986,relevance_minus_redundancy,,
4,"f1_w9,f5_w9,f10_w9,f2_w9",0.4783484651935237,0.22601672046933854,0.6693695012149643,0.36534010495885444,relevance_minus_redundancy,,
6,"f1_w9,f5_w9,f3_w9,f8_w9,f9_w9,f4_w9",0.5652647694535334,0.40011727818917103,0.7940016895008435,0.3652061303589479,relevance_minus_redundancy,,
5,"f1_w9,f5_w9,f3_w9,f9_w9,f6_w9",0.5855673905492438,0.4409142877097426,0.7940016895008435,0.3651102466943725,relevance_minus_redundancy,,
7,"f1_w9,f5_w9,f3_w9,f7_w9,f8_w9,f9_w9,f10_w9",0.6012385339628583,0.4723153798375585,0.8965767878896765,0.36508084404407903,relevance_minus_redundancy,,
3,"f1_w9,f7_w9,f4_w9",0.5318936855126745,0.33380566782399984,0.8277570139881301,0.36499085160067457,relevance_minus_redundancy,,
6,"f1_w9,f5_w9,f3_w9,f7_w9,f8_w9,f4_w9",0.6011697467619327,0.4724822045227268,0.8965767878896765,0.3649286445005693,relevance_minus_redundancy,,
5,"f1_w9,f3_w9,f8_w9,f10_w9,f2_w9",0.5014308096846853,0.2731213750172824,0.7940016895008435,0.36487012217604414,relevance_minus_redundancy,,
2,"f5_w9,f9_w9",0.5887255447949359,0.44870990207858913,0.44870990207858913,0.3643705937556413,relevance_minus_redundancy,,
2,"f7_w9,f2_w9",0.422060035384792,0.11569497783636977,0.11569497783636977,0.3642125464666071,relevance_minus_redundancy,,
4,"f1_w9,f5_w9,f10_w9,f4_w9",0.45689734807405835,0.18549050253089117,0.6693695012149643,0.36415209680861277,relevance_minus_redundancy,,
6,"f1_w9,f5_w9,f3_w9,f8_w9,f10_w9,f4_w9",0.5216896996896142,0.31508528396586805,0.7940016895008435,0.3641470577066802,relevance_minus_redundancy,,
2,"f1_w9,f8_w9",0.7193695710799781,0.7105280196185103,0.7105280196185103,0.36410556127072297,relevance_minus_redundancy,,
4,"f5_w9,f3_w9,f8_w9,f4_w9",0.521390172769287,0.3149571974578242,0.651642574178619,0.3639115740403749,relevance_minus_redundancy,,
4,"f1_w9,f3_w9,f10_w9,f4_w9",0.45499397300797756,0.18297698475246896,0.7940016895008435,0.3635054806317431,relevance_minus_redundancy,,
5,"f1_w9,f5_w9,f7_w9,f8_w9,f10_w9",0.607766429682892,0.4888643946253565,0.8965767878896765,0.3633342323702137,relevance_minus_redundancy,,
5,"f1_w9,f5_w9,f7_w9,f9_w9,f10_w9",0.5812241863797112,0.43583401537987376,0.8277570139881301,0.3633071786897743,relevance_minus_redundancy,,
6,"f1_w9,f5_w9,f3_w9,f9_w9,f10_w9,f2_w9",0.5138719083499406,0.30186190876962365,0.7940016895008435,0.3629409539651287,relevance_minus_redundancy,,
3,"f3_w9,f8_w9,f6_w9",0.504798032274567,0.28374235631514627,0.35378711499708065,0.3629268541169939,relevance_minus_redundancy,,
6,"f1_w9,f5_w9,f3_w9,f7_w9,f8_w9,f9_w9",0.6669096141542953,0.6084337306757267,0.8965767878896765,0.36269274881643193,relevance_minus_redundancy,,
5,"f1_w9,f3_w9,f7_w9,f9_w9,f2_w9",0.5702646228682867,0.41568315128723443,0.8277570139881301,0.3624230472246695,relevance_minus_redundancy,,
5,"f1_w9,f3_w9,f7_w9,f8_w9,f6_w9",0.6071703772636298,0.49059315718922336,0.8965767878896765,0.3618737986690181,relevance_minus_redundancy,,
6,"f1_w9,f5_w9,f3_w9,f7_w9,f6_w9,f10_w9",0.5584131449018084,0.3933004363031965,0.8277570139881301,0.36176292675021016,relevance_minus_redundancy,,
5,"f1_w9,f5_w9,f7_w9,f10_w9,f4_w9",0.5023363455088761,0.28130171920629043,0.8277570139881301,0.36168548590573085,relevance_minus_redundancy,,
5,"f1_w9,f3_w9,f8_w9,f6_w9,f10_w9",0.5117943207768476,0.3003693155669389,0.7940016895008435,0.36160966299337816,relevance_minus_redundancy,,
5,"f1_w9,f3_w9,f9_w9,f10_w9,f4_w9",0.45772767268593234,0.19363251432157594,0.7940016895008435,0.3609114155251444,relevance_minus_redundancy,,
4,"f3_w9,f7_w9,f8_w9,f2_w9",0.5366672191527591,0.35186398970460414,0.8965767878896765,0.360735224300457,relevance_minus_redundancy,,
7,"f1_w9,f5_w9,f3_w9,f7_w9,f9_w9,f10_w9,f2_w9",0.5381891121925414,0.35511182552159576,0.8277570139881301,0.36063319943174355,relevance_minus_redundancy,,
5,"f1_w9,f5_w9,f8_w9,f10_w9,f2_w9",0.5029535097375499,0.28469707292823837,0.7105280196185103,0.3606049732734308,relevance_minus_redundancy,,
6,"f1_w9,f5_w9,f3_w9,f7_w9,f2_w9,f4_w9",0.5276120880298963,0.3345553228481598,0.8277570139881301,0.36033442660581644,relevance_minus_redundancy,,
7,"f1_w9,f5_w9,f3_w9,f7_w9,f9_w9,f10_w9,f4_w9",0.5259313309814184,0.33140512937665423,0.8277570139881301,0.3602287662930913,relevance_minus_redundancy,,
5,"f1_w9,f3_w9,f7_w9,f9_w9,f4_w9",0.5531037291727144,0.38578132489725087,0.8277570139881301,0.36021306672408904,relevance_minus_redundancy,,
6,"f1_w9,f3_w9,f7_w9,f8_w9,f10_w9,f2_w9",0.5318743972785955,0.3433769869011947,0.8965767878896765,0.3601859038279982,relevance_minus_redundancy,,
2,"f8_w9,f2_w9",0.38070071171754616,0.041487102897246435,0.041487102897246435,0.35995716026892294,relevance_minus_redundancy,,
3,"f1_w9,f6_w9,f10_w9",0.4188075993475954,0.11775379989993646,0.20629680749542753,0.3599306993976272,relevance_minus_redundancy,,
4,"f1_w9,f3_w9,f6_w9,f4_w9",0.45615228254998064,0.1927462433041847,0.7940016895008435,0.3597791608978883,relevance_minus_redundancy,,
4,"f1_w9,f7_w9,f6_w9,f2_w9",0.4733327039995334,0.22765005025928053,0.8277570139881301,0.35950767886989315,relevance_minus_redundancy,,
6,"f1_w9,f5_w9,f3_w9,f7_w9,f6_w9,f2_w9",0.5505490920196752,0.3825001908570507,0.8277570139881301,0.35929899659114983,relevance_minus_redundancy,,
5,"f1_w9,f3_w9,f7_w9,f9_w9,f6_w9",0.5806281339604491,0.44274977628079615,0.8277570139881301,0.359253245820051,relevance_minus_redundancy,,
4,"f1_w9,f7_w9,f10_w9,f2_w9",0.47217439445753034,0.22599352601708758,0.8277570139881301,0.35917763144898657,relevance_minus_redundancy,,
7,"f1_w9,f5_w9,f3_w9,f7_w9,f8_w9,f10_w9,f4_w9",0.544890076197976,0.37234163639916873,0.8965767878896765,0.35871925799839166,relevance_minus_redundancy,,
5,"f1_w9,f3_w9,f9_w9,f6_w9,f10_w9",0.48525207747366694,0.25397002619760634,0.7940016895008435,0.3582670643748638,relevance_minus_redundancy,,
6,"f1_w9,f5_w9,f3_w9,f8_w9,f2_w9,f4_w9",0.513825646807481,0.3114844575523396,0.7940016895008435,0.35808341803131116,relevance_minus_redundancy,,
6,"f1_w9,f3_w9,f7_w9,f8_w9,f9_w9,f10_w9",0.583313519924648,0.45083570899149933,0.8965767878896765,0.3578956654288983,relevance_minus_redundancy,,
2,"f5_w9,f2_w9",0.4344081768567787,0.15306183676118754,0.15306183676118754,0.3578772584761849,relevance_minus_redundancy,,
6,"f1_w9,f5_w9,f3_w9,f8_w9,f6_w9,f2_w9",0.5367626507972599,0.3577981049901092,0.7940016895008435,0.3578635983022053,relevance_minus_redundancy,,
7,"f1_w9,f5_w9,f3_w9,f8_w9,f9_w9,f10_w9,f2_w9",0.5263721625733283,0.33766207299251577,0.7940016895008435,0.35754112607707045,relevance_minus_redundancy,,
3,"f3_w9,f8_w9,f4_w9",0.4589240242950093,0.20326810473066828,0.35378711499708065,0.35728997192967515,relevance_minus_redundancy,,
4,"f5_w9,f3_w9,f9_w9,f2_w9",0.5096634857597765,0.3054400656473775,0.651642574178619,0.35694345293608776,relevance_minus_redundancy,,
5,"f1_w9,f5_w9,f3_w9,f2_w9,f4_w9",0.49631603858624623,0.2789484681384812,0.7940016895008435,0.35684180451700565,relevance_minus_redundancy,,
7,"f1_w9,f5_w9,f3_w9,f7_w9,f8_w9,f9_w9,f2_w9",0.594497917206744,0.4753499591677065,0.8965767878896765,0.3568229376228908,relevance_minus_redundancy,,
5,"f1_w9,f3_w9,f8_w9,f9_w9,f6_w9",0.5640844044935507,0.41489571042577056,0.7940016895008435,0.3566365492806654,relevance_minus_redundancy,,
4,"f1_w9,f3_w9,f10_w9,f2_w9",0.4764450901274429,0.2398734829362165,0.7940016895008435,0.3565083486593347,relevance_minus_redundancy,,
5,"f1_w9,f3_w9,f8_w9,f9_w9,f4_w9",0.5365599997058161,0.3603740898989072,0.7940016895008435,0.35637295475636255,relevance_minus_redundancy,,
6,"f1_w9,f5_w9,f3_w9,f7_w9,f8_w9,f6_w9",0.6241067507517115,0.5355632544300024,0.8965767878896765,0.3563251235367103,relevance_minus_redundancy,,
5,"f1_w9,f5_w9,f3_w9,f6_w9,f2_w9",0.5238404433739808,0.33571132192634356,0.7940016895008435,0.35598478241080905,relevance_minus_redundancy,,
2,"f5_w9,f10_w9",0.45800033550317837,0.20432795406548496,0.20432795406548496,0.3558363584704359,relevance_minus_redundancy,,
5,"f1_w9,f5_w9,f3_w9,f6_w9,f10_w9",0.5332773068325407,0.3551643745288361,0.7940016895008435,0.35569511956812266,relevance_minus_redundancy,,
5,"f1_w9,f3_w9,f8_w9,f10_w9,f4_w9",0.484269915989113,0.257264293365263,0.7940016895008435,0.3556377693064815,relevance_minus_redundancy,,
5,"f1_w9,f3_w9,f9_w9,f10_w9,f2_w9",0.4748885663815046,0.240081686324551,0.7940016895008435,0.3548477232192291,relevance_minus_redundancy,,
3,"f5_w9,f3_w9,f2_w9",0.5233304905471181,0.33736607513992256,0.651642574178619,0.35464745297715683,relevance_minus_redundancy,,
6,"f1_w9,f5_w9,f3_w9,f8_w9,f6_w9,f10_w9",0.5446267036793931,0.380412374201467,0.7940016895008435,0.35442051657865964,relevance_minus_redundancy,,
5,"f1_w9,f5_w9,f8_w9,f9_w9,f10_w9",0.5646804569128129,0.4208560250757392,0.7183173798350433,0.3542524443749433,relevance_minus_redundancy,,
5,"f1_w9,f3_w9,f7_w9,f8_w9,f4_w9",0.5796459724758951,0.45085719548003256,0.8965767878896765,0.35421737473587883,relevance_minus_redundancy,,
5,"f1_w9,f3_w9,f7_w9,f6_w9,f4_w9",0.5017402930896139,0.29516156724255166,0.8277570139881301,0.3541595094683381,relevance_minus_redundancy,,
6,"f1_w9,f3_w9,f7_w9,f8_w9,f6_w9,f2_w9",0.532646603639931,0.35755726166764334,0.8965767878896765,0.3538679728061093,relevance_minus_redundancy,,
4,"f1_w9,f7_w9,f6_w9,f10_w9",0.4851287833227333,0.26258788626023893,0.8277570139881301,0.3538348401926138,relevance_minus_redundancy,,
7,"f1_w9,f5_w9,f3_w9,f8_w9,f9_w9,f10_w9,f4_w9",0.5141143813622053,0.3205604655286951,0.7940016895008435,0.3538341485978578,relevance_minus_redundancy,,
4,"f1_w9,f5_w9,f7_w9,f6_w9",0.6105229246672043,0.5134239778802913,0.8277570139881301,0.35381093572705863,relevance_minus_redundancy,,
2,"f5_w9,f4_w9",0.39150594261784794,0.07561162746841328,0.07561162746841328,0.3537001288836413,relevance_minus_redundancy,,
6,"f1_w9,f5_w9,f3_w9,f7_w9,f9_w9,f6_w9",0.6019882146657276,0.496736016035763,0.8277570139881301,0.3536202066478461,relevance_minus_redundancy,,
4,"f1_w9,f5_w9,f8_w9,f9_w9",0.6540475579374571,0.601352621778383,0.7183173798350433,0.35337124704826556,relevance_minus_redundancy,,
6,"f1_w9,f3_w9,f7_w9,f8_w9,f6_w9,f10_w9",0.5405106565220642,0.3745853334365321,0.8965767878896765,0.35321798980379815,relevance_minus_redundancy,,
6,"f1_w9,f5_w9,f7_w9,f8_w9,f10_w9,f2_w9",0.5331433139893161,0.35996802558472407,0.8965767878896765,0.3531593011969541,relevance_minus_redundancy,,
6,"f1_w9,f3_w9,f7_w9,f9_w9,f10_w9,f2_w9",0.5097558611926116,0.31339225509226626,0.8277570139881301,0.35305973364647847,relevance_minus_redundancy,,
5,"f5_w9,f3_w9,f8_w9,f9_w9,f2_w9",0.5280055261905522,0.3498916660521544,0.7183173798350433,0.353059693164475,relevance_minus_redundancy,,
4,"f1_w9,f5_w9,f2_w9,f4_w9",0.4451012687508585,0.18412077991833362,0.6693695012149643,0.35304087879169166,relevance_minus_redundancy,,
4,"f1_w9,f5_w9,f7_w9,f9_w9",0.67472721977108,0.64348301920845,0.8277570139881301,0.352985710166855,relevance_minus_redundancy,,
6,"f1_w9,f3_w9,f7_w9,f9_w9,f10_w9,f4_w9",0.4954551164463014,0.2853662277755332,0.8277570139881301,0.3527720025585348,relevance_minus_redundancy,,
5,"f5_w9,f3_w9,f7_w9,f10_w9,f2_w9",0.4922591719407475,0.2791824401252313,0.651642574178619,0.3526679518781318,relevance_minus_redundancy,,
6,"f5_w9,f3_w9,f7_w9,f8_w9,f9_w9,f10_w9",0.5618840472489511,0.41865013216660624,0.8965767878896765,0.352558981165648,relevance_minus_redundancy,,
7,"f1_w9,f5_w9,f3_w9,f7_w9,f8_w9,f2_w9,f4_w9",0.5381494594418619,0.37131851488154083,0.8965767878896765,0.3524902020010915,relevance_minus_redundancy,,
5,"f5_w9,f3_w9,f7_w9,f10_w9,f4_w9",0.4750982782451752,0.2461431465622559,0.651642574178619,0.35202670496404725,relevance_minus_redundancy,,
7,"f1_w9,f5_w9,f3_w9,f7_w9,f8_w9,f6_w9,f2_w9",0.557809748575958,0.41161609553969714,0.8965767878896765,0.35200170080610943,relevance_minus_redundancy,,
5,"f5_w9,f3_w9,f7_w9,f8_w9,f9_w9",0.6328184461358941,0.561634347679817,0.8965767878896765,0.3520012722959856,relevance_minus_redundancy,,
5,"f5_w9,f3_w9,f7_w9,f9_w9,f2_w9",0.5445492556574505,0.38511349508016596,0.7772026976830633,0.3519925081173675,relevance_minus_redundancy,,
6,"f1_w9,f5_w9,f3_w9,f8_w9,f9_w9,f6_w9",0.5882017734433124,0.473055433974895,0.7940016895008435,0.35167405645586486,relevance_minus_redundancy,,
4,"f1_w9,f8_w9,f6_w9,f2_w9",0.4526530421659105,0.20241568517408906,0.7105280196185103,0.351445199578866,relevance_minus_redundancy,,
7,"f1_w9,f5_w9,f3_w9,f7_w9,f8_w9,f6_w9,f10_w9",0.5645503653320721,0.4262202476272032,0.8965767878896765,0.35144024151847053,relevance_minus_redundancy,,
5,"f5_w9,f3_w9,f7_w9,f9_w9,f4_w9",0.5273883619618782,0.35190014300957995,0.7772026976830633,0.35143829045708824,relevance_minus_redundancy,,
6,"f1_w9,f5_w9,f3_w9,f9_w9,f6_w9,f10_w9",0.5225081675934092,0.34254786349995736,0.7940016895008435,0.35123423584343055,relevance_minus_redundancy,,
8,"f1_w9,f5_w9,f3_w9,f7_w9,f8_w9,f9_w9,f10_w9,f2_w9",0.5460871841576806,0.3898892866122023,0.8965767878896765,0.3511425408515795,relevance_minus_redundancy,,
5,"f1_w9,f5_w9,f7_w9,f2_w9,f4_w9",0.4928994820503162,0.28373257007202973,0.8277570139881301,0.35103319701430136,relevance_minus_redundancy,,
4,"f1_w9,f5_w9,f7_w9,f8_w9",0.7079050239000558,0.71437812214831,0.8965767878896765,0.35071596282590084,relevance_minus_redundancy,,
6,"f1_w9,f3_w9,f7_w9,f9_w9,f6_w9,f10_w9",0.5183921204360803,0.3356942011765361,0.8277570139881301,0.3505450198478123,relevance_minus_redundancy,,
5,"f5_w9,f3_w9,f7_w9,f8_w9,f4_w9",0.553930605265059,0.40717131421497077,0.8965767878896765,0.3503449481575736,relevance_minus_redundancy,,
4,"f1_w9,f7_w9,f8_w9,f2_w9",0.570714803232385,0.44170709268090463,0.8965767878896765,0.3498612568919327,relevance_minus_redundancy,,
5,"f1_w9,f3_w9,f7_w9,f8_w9,f9_w9",0.6585338133467303,0.617474657248515,0.8965767878896765,0.3497964847224728,relevance_minus_redundancy,,
6,"f1_w9,f3_w9,f7_w9,f8_w9,f10_w9,f4_w9",0.5175736525322853,0.3357456864850989,0.8965767878896765,0.3497008092897358,relevance_minus_redundancy,,
6,"f5_w9,f3_w9,f7_w9,f8_w9,f10_w9,f2_w9",0.5104449246028987,0.3215020460657941,0.8965767878896765,0.3496939015700017,relevance_minus_redundancy,,
4,"f1_w9,f5_w9,f6_w9,f2_w9",0.4795067747355268,0.2596677727205186,0.6693695012149643,0.34967288837526744,relevance_minus_redundancy,,
6,"f1_w9,f5_w9,f3_w9,f7_w9,f6_w9,f4_w9",0.5362483472733649,0.3734706583695883,0.8277570139881301,0.3495130180885707,relevance_minus_redundancy,,
5,"f1_w9,f3_w9,f7_w9,f2_w9,f4_w9",0.4913767819974515,0.28392915618285425,0.8277570139881301,0.34941220390602434,relevance_minus_redundancy,,
6,"f1_w9,f5_w9,f3_w9,f9_w9,f2_w9,f4_w9",0.49170711072149714,0.28502847829953365,0.7940016895008435,0.3491928715717303,relevance_minus_redundancy,,
7,"f1_w9,f5_w9,f3_w9,f7_w9,f8_w9,f9_w9,f4_w9",0.582240135995621,0.4661280400910249,0.8965767878896765,0.34917611595010856,relevance_minus_redundancy,,
6,"f1_w9,f3_w9,f8_w9,f9_w9,f10_w9,f2_w9",0.49596941997019633,0.2940738063757385,0.7940016895008435,0.34893251678232706,relevance_minus_redundancy,,
7,"f1_w9,f5_w9,f3_w9,f7_w9,f9_w9,f6_w9,f10_w9",0.5455916201155145,0.39348968806866713,0.8277570139881301,0.348846776081181,relevance_minus_redundancy,,
4,"f1_w9,f7_w9,f9_w9,f10_w9",0.549333078426609,0.4010966758615047,0.8277570139881301,0.3487847404958566,relevance_minus_redundancy,,
3,"f5_w9,f8_w9,f10_w9",0.5057914529733373,0.31439441267202684,0.552684668907908,0.34859424663732386,relevance_minus_redundancy,,
5,"f1_w9,f5_w9,f7_w9,f9_w9,f2_w9",0.5717873229211514,0.4467860380259432,0.8277570139881301,0.3483943039081798,relevance_minus_redundancy,,
5,"f1_w9,f5_w9,f7_w9,f6_w9,f2_w9",0.5204238868380509,0.3442152139788145,0.8277570139881301,0.3483162798486436,relevance_minus_redundancy,,
5,"f1_w9,f5_w9,f8_w9,f9_w9,f2_w9",0.555243593454253,0.41408701207399057,0.7183173798350433,0.3482000874172577,relevance_minus_redundancy,,
4,"f1_w9,f7_w9,f10_w9,f4_w9",0.450723277338065,0.20572589467389504,0.8277570139881301,0.3478603300011175,relevance_minus_redundancy,,
5,"f1_w9,f5_w9,f3_w9,f6_w9,f4_w9",0.5066795496784086,0.31775689216727443,0.7940016895008435,0.34780110359477134,relevance_minus_redundancy,,
3,"f1_w9,f9_w9,f2_w9",0.48868522038849654,0.2822372364754855,0.5085062590152825,0.3475666021507538,relevance_minus_redundancy,,
3,"f1_w9,f9_w9,f4_w9",0.46008373089587606,0.22642134200414687,0.5085062590152825,0.3468730598938026,relevance_minus_redundancy,,
2,"f1_w9,f7_w9",0.7607288947472239,0.8277570139881301,0.8277570139881301,0.3468503877531589,relevance_minus_redundancy,,
3,"f3_w9,f9_w9,f2_w9",0.4432884416156619,0.19307536028862318,0.280006796555679,0.3467507614713503,relevance_minus_redundancy,,
3,"f1_w9,f10_w9,f2_w9",0.40153508086065814,0.10978034359146482,0.14243386616699769,0.34664490906492573,relevance_minus_redundancy,,
5,"f1_w9,f5_w9,f8_w9,f10_w9,f4_w9",0.4857926160419777,0.2786621594233991,0.7105280196185103,0.34646153633027815,relevance_minus_redundancy,,
4,"f1_w9,f7_w9,f8_w9,f10_w9",0.5825108825555848,0.4721515134657562,0.8965767878896765,0.34643512582270675,relevance_minus_redundancy,,
5,"f1_w9,f3_w9,f8_w9,f2_w9,f4_w9",0.4748330525305532,0.25698966547540025,0.7940016895008435,0.34633821979285306,relevance_minus_redundancy,,
3,"f1_w9,f8_w9,f4_w9",0.504320803067844,0.31622899882226435,0.7105280196185103,0.3462063036567118,relevance_minus_redundancy,,
6,"f1_w9,f3_w9,f7_w9,f8_w9,f9_w9,f2_w9",0.5754494670425148,0.4585018612073268,0.8965767878896765,0.34619853643885135,relevance_minus_redundancy,,
5,"f1_w9,f3_w9,f9_w9,f6_w9,f2_w9",0.4758152140151071,0.25952052095840944,0.7940016895008435,0.34605495353590243,relevance_minus_redundancy,,
8,"f1_w9,f5_w9,f3_w9,f7_w9,f8_w9,f9_w9,f10_w9,f4_w9",0.535361625597948,0.37863812781000666,0.8965767878896765,0.3460425616929447,relevance_minus_redundancy,,
7,"f1_w9,f5_w9,f3_w9,f7_w9,f10_w9,f2_w9,f4_w9",0.48184065442765917,0.2717397328756357,0.8277570139881301,0.3459707879898413,relevance_minus_redundancy,,
4,"f1_w9,f5_w9,f8_w9,f6_w9",0.5898432628335813,0.48777957989115994,0.7105280196185103,0.3459534728880014,relevance_minus_redundancy,,
4,"f1_w9,f8_w9,f10_w9,f2_w9",0.45149473262390744,0.21125446138880644,0.7105280196185103,0.3458675019295042,relevance_minus_redundancy,,
7,"f1_w9,f5_w9,f3_w9,f7_w9,f9_w9,f2_w9,f4_w9",0.5191907142253042,0.34673690635779303,0.8277570139881301,0.3458222610464077,relevance_minus_redundancy,,
3,"f1_w9,f10_w9,f4_w9",0.37293359136803766,0.054544644145494765,0.1287085107519018,0.3456612692952903,relevance_minus_redundancy,,
5,"f5_w9,f3_w9,f8_w9,f10_w9,f2_w9",0.4757154424738491,0.26014939103592727,0.651642574178619,0.3456407469558855,relevance_minus_redundancy,,
5,"f5_w9,f3_w9,f8_w9,f9_w9,f4_w9",0.5108446324949799,0.330549000211922,0.7183173798350433,0.3455701323890189,relevance_minus_redundancy,,
5,"f1_w9,f3_w9,f8_w9,f6_w9,f4_w9",0.4851965636227155,0.2796459319087694,0.7940016895008435,0.3453735976683308,relevance_minus_redundancy,,
3,"f5_w9,f7_w9,f4_w9",0.4890347401612809,0.28825355228473626,0.6293527412706708,0.34490796401891277,relevance_minus_redundancy,,
3,"f3_w9,f9_w9,f6_w9",0.4605609601025991,0.23139637022366935,0.456295136059878,0.34486277499076445,relevance_minus_redundancy,,
5,"f1_w9,f5_w9,f7_w9,f6_w9,f10_w9",0.5298607502966106,0.3703045273098193,0.8277570139881301,0.34470848664170095,relevance_minus_redundancy,,
5,"f1_w9,f5_w9,f8_w9,f2_w9,f4_w9",0.47635575258341784,0.26337197464132045,0.7105280196185103,0.3446697652627576,relevance_minus_redundancy,,
6,"f1_w9,f3_w9,f7_w9,f6_w9,f10_w9,f2_w9",0.4669529977900278,0.24524800874831582,0.8277570139881301,0.34432899341586987,relevance_minus_redundancy,,
7,"f1_w9,f5_w9,f3_w9,f7_w9,f6_w9,f10_w9,f2_w9",0.5015009435617553,0.31480678560482395,0.8277570139881301,0.34409755075934334,relevance_minus_redundancy,,
6,"f1_w9,f3_w9,f8_w9,f9_w9,f10_w9,f4_w9",0.4816686752238861,0.2752949032125746,0.7940016895008435,0.3440212236175988,relevance_minus_redundancy,,
5,"f1_w9,f5_w9,f9_w9,f10_w9,f4_w9",0.45925037273879693,0.23082906821346522,0.6693695012149643,0.34383583863206435,relevance_minus_redundancy,,
3,"f1_w9,f6_w9,f4_w9",0.37447800409070847,0.061561780609325885,0.15256555900675295,0.3436971137860455,relevance_minus_redundancy,,
7,"f1_w9,f5_w9,f3_w9,f8_w9,f9_w9,f2_w9,f4_w9",0.5073737646060911,0.32745365410611105,0.7940016895008435,0.34364693755303555,relevance_minus_redundancy,,
6,"f1_w9,f5_w9,f3_w9,f8_w9,f6_w9,f4_w9",0.5224619060509497,0.35801569665621596,0.7940016895008435,0.34345405772284165,relevance_minus_redundancy,,
6,"f1_w9,f5_w9,f3_w9,f9_w9,f6_w9,f2_w9",0.514644114711276,0.34283045218687297,0.7940016895008435,0.3432288886178395,relevance_minus_redundancy,,
5,"f1_w9,f5_w9,f7_w9,f8_w9,f4_w9",0.5811686725287598,0.4759835625321681,0.8965767878896765,0.34317689126267575,relevance_minus_redundancy,,
5,"f1_w9,f5_w9,f8_w9,f6_w9,f2_w9",0.5038801573711524,0.3214077876914233,0.7105280196185103,0.3431762635254408,relevance_minus_redundancy,,
7,"f1_w9,f5_w9,f3_w9,f8_w9,f9_w9,f6_w9,f10_w9",0.5337746704963015,0.381479866669907,0.7940016895008435,0.3430347371613479,relevance_minus_redundancy,,
5,"f3_w9,f7_w9,f8_w9,f9_w9,f10_w9",0.5325031330603174,0.37930341419978225,0.8965767878896765,0.3428514259604263,relevance_minus_redundancy,,
5,"f1_w9,f5_w9,f9_w9,f10_w9,f2_w9",0.4764112664343692,0.2674560720692602,0.6693695012149643,0.34268323039973914,relevance_minus_redundancy,,
6,"f1_w9,f3_w9,f8_w9,f9_w9,f6_w9,f10_w9",0.504605679213665,0.32399165604245617,0.7940016895008435,0.34260985119243687,relevance_minus_redundancy,,
3,"f1_w9,f9_w9,f6_w9",0.5059577388754338,0.3276858255092135,0.5085062590152825,0.3421148261208271,relevance_minus_redundancy,,
4,"f3_w9,f7_w9,f10_w9,f2_w9",0.43812681037790435,0.19223988249605842,0.49624414012729073,0.34200686912987516,relevance_minus_redundancy,,
8,"f1_w9,f5_w9,f3_w9,f7_w9,f8_w9,f10_w9,f2_w9,f4_w9",0.4967822836134087,0.3097165705436072,0.8965767878896765,0.34192399834160514,relevance_minus_redundancy,,
4,"f3_w9,f8_w9,f9_w9,f2_w9",0.4828097531901602,0.2821362797658733,0.7183173798350433,0.3417416133072235,relevance_minus_redundancy,,
7,"f1_w9,f3_w9,f7_w9,f8_w9,f9_w9,f10_w9,f2_w9",0.5228441221527607,0.36227384984115424,0.8965767878896765,0.34170719723218357,relevance_minus_redundancy,,
4,"f3_w9,f7_w9,f10_w9,f4_w9",0.416675693258439,0.15008276143989507,0.49624414012729073,0.34163431253849147,relevance_minus_redundancy,,
5,"f1_w9,f5_w9,f7_w9,f9_w9,f4_w9",0.5546264292255791,0.4267063797831396,0.8277570139881301,0.3412732393340093,relevance_minus_redundancy,,
7,"f1_w9,f5_w9,f3_w9,f7_w9,f9_w9,f6_w9,f2_w9",0.5388510033594004,0.3952404344799278,0.8277570139881301,0.34123078611943647,relevance_minus_redundancy,,
6,"f1_w9,f3_w9,f7_w9,f8_w9,f2_w9,f4_w9",0.5097095996501521,0.33773105751403965,0.8965767878896765,0.34084407089313223,relevance_minus_redundancy,,
6,"f1_w9,f5_w9,f7_w9,f9_w9,f10_w9,f2_w9",0.5110247779033322,0.34051575233163106,0.8277570139881301,0.34076690173751667,relevance_minus_redundancy,,
8,"f1_w9,f5_w9,f3_w9,f7_w9,f8_w9,f6_w9,f10_w9,f2_w9",0.5139850366057428,0.34655529486506687,0.8965767878896765,0.34070738917320936,relevance_minus_redundancy,,
6,"f5_w9,f3_w9,f7_w9,f8_w9,f10_w9,f4_w9",0.4961441798565885,0.31166306186262993,0.8965767878896765,0.3403126489252735,relevance_minus_redundancy,,
6,"f5_w9,f3_w9,f7_w9,f8_w9,f9_w9,f2_w9",0.5540199943668179,0.4275992003552409,0.8965767878896765,0.3402203941891975,relevance_minus_redundancy,,
5,"f1_w9,f3_w9,f9_w9,f6_w9,f4_w9",0.45865432031953485,0.23699983903589117,0.7940016895008435,0.34015440080158926,relevance_minus_redundancy,,
6,"f5_w9,f3_w9,f7_w9,f9_w9,f10_w9,f4_w9",0.4740256437706046,0.26782006940465825,0.7772026976830633,0.3401156090682754,relevance_minus_redundancy,,
7,"f1_w9,f5_w9,f3_w9,f8_w9,f10_w9,f2_w9,f4_w9",0.4700237048084461,0.26016542345190974,0.7940016895008435,0.3399409930824912,relevance_minus_redundancy,,
4,"f1_w9,f3_w9,f2_w9,f4_w9",0.4431978936847777,0.20663319029360452,0.7940016895008435,0.33988129853797544,relevance_minus_redundancy,,
6,"f1_w9,f3_w9,f7_w9,f9_w9,f6_w9,f2_w9",0.5105280675539471,0.3415629873059208,0.8277570139881301,0.3397465739009867,relevance_minus_redundancy,,
7,"f1_w9,f5_w9,f3_w9,f8_w9,f9_w9,f6_w9,f2_w9",0.5270340537401873,0.37479202467744477,0.7940016895008435,0.3396380414014649,relevance_minus_redundancy,,
4,"f5_w9,f7_w9,f8_w9,f2_w9",0.5385705942188398,0.3981430192605098,0.8965767878896765,0.3394990845885849,relevance_minus_redundancy,,
4,"f3_w9,f7_w9,f9_w9,f2_w9",0.5034894150237831,0.32806131608543226,0.7772026976830633,0.339458756981067,relevance_minus_redundancy,,
6,"f1_w9,f5_w9,f7_w9,f8_w9,f10_w9,f4_w9",0.5188425692430059,0.35888483726674825,0.8965767878896765,0.33940015060963175,relevance_minus_redundancy,,
6,"f5_w9,f3_w9,f7_w9,f9_w9,f10_w9,f2_w9",0.48832638851691484,0.2980537805084595,0.7772026976830633,0.33929949826268513,relevance_minus_redundancy,,
4,"f3_w9,f7_w9,f9_w9,f4_w9",0.48203829790431774,0.28561409751658456,0.7772026976830633,0.3392312491460254,relevance_minus_redundancy,,
5,"f3_w9,f7_w9,f8_w9,f10_w9,f2_w9",0.4707761858850545,0.26314609158030416,0.8965767878896765,0.3392031400949024,relevance_minus_redundancy,,
7,"f1_w9,f5_w9,f3_w9,f7_w9,f8_w9,f9_w9,f6_w9",0.6019004251297171,0.5254431267120057,0.8965767878896765,0.33917886177371426,relevance_minus_redundancy,,
3,"f5_w9,f9_w9,f10_w9",0.4615543808013694,0.24475843212369808,0.44870990207858913,0.33917516473952036,relevance_minus_redundancy,,
6,"f1_w9,f5_w9,f3_w9,f9_w9,f6_w9,f4_w9",0.5003433699649658,0.3226533169523424,0.7940016895008435,0.33901671148879453,relevance_minus_redundancy,,
7,"f1_w9,f5_w9,f3_w9,f8_w9,f6_w9,f10_w9,f2_w9",0.48968399394254225,0.30206731863029707,0.7940016895008435,0.3386503346273937,relevance_minus_redundancy,,
7,"f1_w9,f5_w9,f3_w9,f7_w9,f8_w9,f6_w9,f4_w9",0.5455519673648349,0.41387158055257106,0.8965767878896765,0.3386161770885494,relevance_minus_redundancy,,
5,"f1_w9,f7_w9,f8_w9,f10_w9,f2_w9",0.49801425314875525,0.31907236815506457,0.8965767878896765,0.33847806907122296,relevance_minus_redundancy,,
4,"f3_w9,f7_w9,f6_w9,f10_w9",0.4510811992431073,0.22527045318986882,0.49624414012729073,0.3384459726481729,relevance_minus_redundancy,,
5,"f5_w9,f3_w9,f9_w9,f10_w9,f4_w9",0.43201230547509617,0.18715370403700932,0.651642574178619,0.33843545345659154,relevance_minus_redundancy,,
4,"f5_w9,f3_w9,f7_w9,f6_w9",0.5764753405875782,0.4765194149521639,0.651642574178619,0.33821563311149627,relevance_minus_redundancy,,
7,"f1_w9,f3_w9,f7_w9,f8_w9,f6_w9,f10_w9,f2_w9",0.48615595352197455,0.2961257724208284,0.8965767878896765,0.33809306731156036,relevance_minus_redundancy,,
5,"f5_w9,f3_w9,f8_w9,f10_w9,f4_w9",0.45855454877827684,0.24098078370330556,0.651642574178619,0.33806415692662406,relevance_minus_redundancy,,
7,"f1_w9,f5_w9,f3_w9,f7_w9,f6_w9,f10_w9,f4_w9",0.48924316235063225,0.3025774935494384,0.8277570139881301,0.33795441557591305,relevance_minus_redundancy,,
6,"f1_w9,f3_w9,f8_w9,f9_w9,f6_w9,f2_w9",0.4967416263315318,0.3180464184066289,0.7940016895008435,0.3377184171282174,relevance_minus_redundancy,,
8,"f1_w9,f5_w9,f3_w9,f7_w9,f8_w9,f9_w9,f6_w9,f10_w9",0.5525643785902821,0.4297399816035848,0.8965767878896765,0.3376943877884897,relevance_minus_redundancy,,
4,"f5_w9,f7_w9,f8_w9,f10_w9",0.5503666735420396,0.4253801501133432,0.8965767878896765,0.337676598485368,relevance_minus_redundancy,,
6,"f1_w9,f5_w9,f7_w9,f9_w9,f10_w9,f4_w9",0.49672403315702196,0.3190378371130181,0.8277570139881301,0.33720511460051295,relevance_minus_redundancy,,
6,"f1_w9,f5_w9,f7_w9,f8_w9,f9_w9,f10_w9",0.5845824366353686,0.49484117500617086,0.8965767878896765,0.33716184913228314,relevance_minus_redundancy,,
4,"f1_w9,f5_w9,f6_w9,f10_w9",0.49130285405872665,0.30857110232764967,0.6693695012149643,0.33701730289490184,relevance_minus_redundancy,,
8,"f1_w9,f5_w9,f3_w9,f7_w9,f8_w9,f9_w9,f2_w9,f4_w9",0.5294635859363481,0.3849696922549521,0.8965767878896765,0.33697873980887205,relevance_minus_redundancy,,
6,"f1_w9,f3_w9,f8_w9,f6_w9,f10_w9,f2_w9",0.45316655656761257,0.2325239598081623,0.7940016895008435,0.3369045766635314,relevance_minus_redundancy,,
4,"f3_w9,f7_w9,f8_w9,f6_w9",0.549621608017962,0.4258981278887115,0.8965767878896765,0.33667254407360625,relevance_minus_redundancy,,
8,"f1_w9,f5_w9,f3_w9,f7_w9,f9_w9,f10_w9,f2_w9,f4_w9",0.4801933815489207,0.2875327507645224,0.8277570139881301,0.33642700616665955,relevance_minus_redundancy,,
6,"f1_w9,f3_w9,f7_w9,f6_w9,f10_w9,f4_w9",0.4526522530437176,0.233290347156961,0.8277570139881301,0.3360070794652371,relevance_minus_redundancy,,
4,"f3_w9,f7_w9,f8_w9,f9_w9",0.6138259031218377,0.555658931727064,0.8965767878896765,0.3359964372583057,relevance_minus_redundancy,,
6,"f1_w9,f3_w9,f7_w9,f8_w9,f9_w9,f4_w9",0.5611487222962045,0.45075452178615716,0.8965767878896765,0.3357714614031259,relevance_minus_redundancy,,
6,"f1_w9,f5_w9,f7_w9,f8_w9,f2_w9,f4_w9",0.5109785163608727,0.3508598370342117,0.8965767878896765,0.3355485978437668,relevance_minus_redundancy,,
6,"f1_w9,f3_w9,f7_w9,f8_w9,f9_w9,f6_w9",0.5840857262859834,0.4972052342877153,0.8965767878896765,0.33548310914212576,relevance_minus_redundancy,,
6,"f1_w9,f3_w9,f7_w9,f8_w9,f6_w9,f4_w9",0.5183458588936207,0.365878287971852,0.8965767878896765,0.3354067149076947,relevance_minus_redundancy,,
7,"f1_w9,f5_w9,f3_w9,f7_w9,f9_w9,f6_w9,f4_w9",0.5265932221482773,0.3829282574209181,0.8277570139881301,0.33512909343781827,relevance_minus_redundancy,,
7,"f1_w9,f3_w9,f7_w9,f8_w9,f9_w9,f10_w9,f4_w9",0.5105863409416377,0.3509604099759779,0.8965767878896765,0.33510613595364874,relevance_minus_redundancy,,
4,"f3_w9,f7_w9,f8_w9,f4_w9",0.5152161020332937,0.3604035883873495,0.8965767878896765,0.33501430783961894,relevance_minus_redundancy,,
6,"f1_w9,f5_w9,f3_w9,f10_w9,f2_w9,f4_w9",0.4481320409575779,0.22630140636980892,0.7940016895008435,0.33498133777267347,relevance_minus_redundancy,,
6,"f1_w9,f5_w9,f8_w9,f9_w9,f10_w9,f2_w9",0.49723833668091694,0.32558323379959986,0.7183173798350433,0.334446719781117,relevance_minus_redundancy,,
5,"f1_w9,f3_w9,f9_w9,f2_w9,f4_w9",0.44829080922737247,0.22770317327912318,0.7940016895008435,0.3344392225878109,relevance_minus_redundancy,,
4,"f1_w9,f8_w9,f9_w9,f10_w9",0.528653416592986,0.38891137074840754,0.7183173798350433,0.33419773121878227,relevance_minus_redundancy,,
5,"f1_w9,f5_w9,f8_w9,f9_w9,f4_w9",0.5380826997586807,0.40787804006154077,0.7183173798350433,0.33414367972791037,relevance_minus_redundancy,,
6,"f1_w9,f5_w9,f7_w9,f8_w9,f6_w9,f2_w9",0.5339155203506515,0.39965334455126295,0.8965767878896765,0.33408884807502004,relevance_minus_redundancy,,
6,"f5_w9,f3_w9,f8_w9,f9_w9,f10_w9,f2_w9",0.47453994729449955,0.28143939325905554,0.7183173798350433,0.3338202506649718,relevance_minus_redundancy,,
7,"f1_w9,f3_w9,f7_w9,f8_w9,f9_w9,f6_w9,f10_w9",0.5302466300757338,0.392960208771357,0.8965767878896765,0.33376652569005527,relevance_minus_redundancy,,
8,"f1_w9,f5_w9,f3_w9,f7_w9,f8_w9,f9_w9,f6_w9,f2_w9",0.5466663389286822,0.4258857731211216,0.8965767878896765,0.3337234523681214,relevance_minus_redundancy,,
6,"f1_w9,f3_w9,f7_w9,f10_w9,f2_w9,f4_w9",0.444015993800249,0.2215445436952674,0.8277570139881301,0.33324372195261526,relevance_minus_redundancy,,
7,"f1_w9,f5_w9,f3_w9,f9_w9,f10_w9,f2_w9,f4_w9",0.4510649595918884,0.236271477565826,0.7940016895008435,0.3329292208089754,relevance_minus_redundancy,,
5,"f5_w9,f3_w9,f7_w9,f2_w9,f4_w9",0.4656614147866153,0.265513928279422,0.651642574178619,0.3329044506469043,relevance_minus_redundancy,,
6,"f1_w9,f5_w9,f3_w9,f6_w9,f10_w9,f2_w9",0.47106904494735674,0.2764923147070231,0.7940016895008435,0.33282288759384515,relevance_minus_redundancy,,
7,"f5_w9,f3_w9,f7_w9,f8_w9,f9_w9,f10_w9,f2_w9",0.5044760027164491,0.34380144653316835,0.8965767878896765,0.3325752794498649,relevance_minus_redundancy,,
6,"f1_w9,f3_w9,f7_w9,f9_w9,f2_w9,f4_w9",0.4875910635641682,0.3102484567027473,0.8277570139881301,0.3324668352127945,relevance_minus_redundancy,,
4,"f5_w9,f3_w9,f8_w9,f6_w9",0.5557956787539553,0.44667034516960086,0.651642574178619,0.3324605061691549,relevance_minus_redundancy,,
7,"f1_w9,f5_w9,f3_w9,f7_w9,f6_w9,f2_w9,f4_w9",0.4825025455945181,0.30027053911292273,0.8277570139881301,0.3323672760380567,relevance_minus_redundancy,,
8,"f1_w9,f5_w9,f3_w9,f7_w9,f9_w9,f6_w9,f10_w9,f2_w9",0.49739613454125486,0.33052593568396593,0.8277570139881301,0.3321331666992719,relevance_minus_redundancy,,
4,"f5_w9,f7_w9,f9_w9,f10_w9",0.5171888694130637,0.37066647813807646,0.7772026976830633,0.33185563034402554,relevance_minus_redundancy,,
4,"f5_w9,f3_w9,f10_w9,f4_w9",0.42284976399443236,0.18214502710097355,0.651642574178619,0.33177725044394557,relevance_minus_redundancy,,
6,"f1_w9,f3_w9,f7_w9,f9_w9,f6_w9,f4_w9",0.4962273228076368,0.32948928670949224,0.8277570139881301,0.33148267945289067,relevance_minus_redundancy,,
8,"f1_w9,f5_w9,f3_w9,f8_w9,f9_w9,f10_w9,f2_w9,f4_w9",0.46985355063210926,0.27674897163072715,0.7940016895008435,0.3314790648167457,relevance_minus_redundancy,,
6,"f1_w9,f5_w9,f7_w9,f10_w9,f2_w9,f4_w9",0.4452849105109695,0.22780172570161,0.8277570139881301,0.3313840476601645,relevance_minus_redundancy,,
8,"f1_w9,f5_w9,f3_w9,f7_w9,f8_w9,f6_w9,f10_w9,f4_w9",0.5032594780460101,0.343912189130038,0.8965767878896765,0.3313033834809911,relevance_minus_redundancy,,
5,"f1_w9,f3_w9,f6_w9,f10_w9,f2_w9",0.4235251302984041,0.1844515095399453,0.7940016895008435,0.3312993755284315,relevance_minus_redundancy,,
4,"f1_w9,f8_w9,f6_w9,f10_w9",0.4644491214891104,0.2668885805880774,0.7105280196185103,0.3310048311950717,relevance_minus_redundancy,,
6,"f5_w9,f3_w9,f7_w9,f8_w9,f9_w9,f4_w9",0.5397192496205078,0.4176441771470031,0.8965767878896765,0.3308971610470062,relevance_minus_redundancy,,
6,"f5_w9,f3_w9,f7_w9,f8_w9,f2_w9,f4_w9",0.4882801269744553,0.31493134886437796,0.8965767878896765,0.33081445254226627,relevance_minus_redundancy,,
4,"f3_w9,f8_w9,f10_w9,f2_w9",0.41744714854428144,0.17329614607434554,0.35378711499708065,0.3307990755071087,relevance_minus_redundancy,,
5,"f5_w9,f3_w9,f7_w9,f8_w9,f6_w9",0.5814550100527935,0.5013536510675106,0.8965767878896765,0.33077818451903823,relevance_minus_redundancy,,
5,"f5_w9,f3_w9,f9_w9,f10_w9,f2_w9",0.44917319917066845,0.23691440172058678,0.651642574178619,0.33071599831037507,relevance_minus_redundancy,,
5,"f1_w9,f5_w9,f8_w9,f6_w9,f10_w9",0.5133170208297123,0.36521813667024616,0.7105280196185103,0.33070795249458923,relevance_minus_redundancy,,
9,"f1_w9,f5_w9,f3_w9,f7_w9,f8_w9,f9_w9,f10_w9,f2_w9,f4_w9",0.4936578600338912,0.32596566627984225,0.8965767878896765,0.3306750268939701,relevance_minus_redundancy,,
5,"f1_w9,f7_w9,f8_w9,f6_w9,f2_w9",0.49894090078235775,0.3365863661128573,0.8965767878896765,0.3306477177259291,relevance_minus_redundancy,,
6,"f1_w9,f5_w9,f7_w9,f8_w9,f9_w9,f2_w9",0.5767183837532354,0.4924969559605211,0.8965767878896765,0.3304699057729748,relevance_minus_redundancy,,
7,"f1_w9,f5_w9,f3_w9,f8_w9,f9_w9,f6_w9,f4_w9",0.5147762725290642,0.3690849362995559,0.7940016895008435,0.3302338043792863,relevance_minus_redundancy,,
6,"f5_w9,f3_w9,f8_w9,f9_w9,f10_w9,f4_w9",0.46023920254818934,0.2604528063088234,0.7183173798350433,0.33001279939377764,relevance_minus_redundancy,,
4,"f3_w9,f7_w9,f6_w9,f2_w9",0.43928511991990743,0.2185658352746218,0.49624414012729073,0.3300022022825965,relevance_minus_redundancy,,
4,"f3_w9,f8_w9,f9_w9,f4_w9",0.4613586360706948,0.2628068715809485,0.7183173798350433,0.3299552002802206,relevance_minus_redundancy,,
7,"f1_w9,f3_w9,f7_w9,f8_w9,f10_w9,f2_w9,f4_w9",0.46649566438787843,0.2731434795882738,0.8965767878896765,0.32992392459374154,relevance_minus_redundancy,,
4,"f1_w9,f7_w9,f2_w9,f4_w9",0.4389271980148651,0.21832166566751018,0.8277570139881301,0.32976636518111,relevance_minus_redundancy,,
6,"f1_w9,f3_w9,f8_w9,f9_w9,f2_w9,f4_w9",0.4738046223417529,0.2883631083745766,0.7940016895008435,0.3296230681544646,relevance_minus_redundancy,,
5,"f5_w9,f3_w9,f7_w9,f6_w9,f10_w9",0.5026226830329098,0.34614137476396273,0.651642574178619,0.3295519956509284,relevance_minus_redundancy,,
4,"f1_w9,f5_w9,f9_w9,f6_w9",0.5566654587046054,0.4542674398011389,0.6693695012149643,0.32953173880403597,relevance_minus_redundancy,,
4,"f5_w9,f7_w9,f10_w9,f2_w9",0.44003018544398514,0.22133991826739033,0.6293527412706708,0.32936022631029,relevance_minus_redundancy,,
7,"f1_w9,f5_w9,f3_w9,f8_w9,f6_w9,f10_w9,f4_w9",0.47742621273141916,0.29644311525603234,0.7940016895008435,0.329204655103403,relevance_minus_redundancy,,
5,"f1_w9,f5_w9,f7_w9,f6_w9,f4_w9",0.5032629931424786,0.3482381043240783,0.8277570139881301,0.3291439409804394,relevance_minus_redundancy,,
5,"f1_w9,f5_w9,f7_w9,f8_w9,f6_w9",0.6086930773164945,0.5591704792865301,0.8965767878896765,0.32910783767322943,relevance_minus_redundancy,,
8,"f1_w9,f5_w9,f3_w9,f7_w9,f8_w9,f6_w9,f2_w9,f4_w9",0.4973614383844102,0.33701470501174274,0.8965767878896765,0.3288540858785388,relevance_minus_redundancy,,
6,"f1_w9,f5_w9,f3_w9,f6_w9,f10_w9,f4_w9",0.45676830020104653,0.2564312184775664,0.7940016895008435,0.32855269096226336,relevance_minus_redundancy,,
4,"f1_w9,f5_w9,f6_w9,f4_w9",0.45805565761606143,0.2590223715828324,0.6693695012149643,0.3285444718246452,relevance_minus_redundancy,,
6,"f1_w9,f5_w9,f7_w9,f8_w9,f6_w9,f10_w9",0.5417795732327847,0.4266917875816289,0.8965767878896765,0.3284336794419702,relevance_minus_redundancy,,
7,"f1_w9,f3_w9,f7_w9,f8_w9,f9_w9,f6_w9,f2_w9",0.5235060133196197,0.39026250780922983,0.8965767878896765,0.3283747594150047,relevance_minus_redundancy,,
7,"f1_w9,f5_w9,f7_w9,f8_w9,f9_w9,f10_w9,f2_w9",0.523931765047664,0.3911190885316923,0.8965767878896765,0.3283722207818179,relevance_minus_redundancy,,
4,"f1_w9,f7_w9,f6_w9,f4_w9",0.4518815868800681,0.24726323571684924,0.8277570139881301,0.32824996902164344,relevance_minus_redundancy,,
8,"f1_w9,f5_w9,f3_w9,f7_w9,f9_w9,f6_w9,f10_w9,f4_w9",0.4866705759815222,0.31695708339502443,0.8277570139881301,0.32819203428401,relevance_minus_redundancy,,
6,"f1_w9,f3_w9,f7_w9,f6_w9,f2_w9,f4_w9",0.4447882001615844,0.23347835209945894,0.8277570139881301,0.3280490241118549,relevance_minus_redundancy,,
6,"f1_w9,f5_w9,f7_w9,f6_w9,f10_w9,f2_w9",0.4682219145007484,0.2804724941181059,0.8277570139881301,0.32798566744169544,relevance_minus_redundancy,,
7,"f1_w9,f5_w9,f3_w9,f8_w9,f6_w9,f2_w9,f4_w9",0.470685595975305,0.28569757241579385,0.7940016895008435,0.3278368097674081,relevance_minus_redundancy,,
5,"f5_w9,f3_w9,f8_w9,f2_w9,f4_w9",0.449117685319717,0.24263052977265373,0.651642574178619,0.32780242043339014,relevance_minus_redundancy,,
8,"f1_w9,f5_w9,f3_w9,f8_w9,f9_w9,f6_w9,f10_w9,f2_w9",0.4870563036244434,0.31886828838707,0.7940016895008435,0.32762215943090844,relevance_minus_redundancy,,
7,"f1_w9,f5_w9,f3_w9,f9_w9,f6_w9,f10_w9,f2_w9",0.4707252487259846,0.28637932020819173,0.7940016895008435,0.3275355886218887,relevance_minus_redundancy,,
9,"f1_w9,f5_w9,f3_w9,f7_w9,f8_w9,f9_w9,f6_w9,f10_w9,f2_w9",0.5089491960270771,0.36293470381962933,0.8965767878896765,0.32748184411726244,relevance_minus_redundancy,,
7,"f1_w9,f3_w9,f7_w9,f9_w9,f6_w9,f10_w9,f2_w9",0.46719720830541694,0.27970447288551853,0.8277570139881301,0.32734497186265765,relevance_minus_redundancy,,
2,"f3_w9,f2_w9",0.4306014267246171,0.20739381447996116,0.20739381447996116,0.3269045194846365,relevance_minus_redundancy,,
7,"f5_w9,f3_w9,f7_w9,f8_w9,f9_w9,f10_w9,f4_w9",0.49221822150532607,0.33091108967722893,0.8965767878896765,0.3267626766667116,relevance_minus_redundancy,,
5,"f3_w9,f7_w9,f9_w9,f10_w9,f4_w9",0.42707304888630143,0.2007656242008097,0.7772026976830633,0.3266902367858966,relevance_minus_redundancy,,
4,"f3_w9,f7_w9,f9_w9,f6_w9",0.516443803888986,0.3798294531418709,0.7772026976830633,0.3265290773180506,relevance_minus_redundancy,,
6,"f1_w9,f5_w9,f8_w9,f9_w9,f10_w9,f4_w9",0.48293759193460667,0.3133524427345559,0.7183173798350433,0.32626137056732873,relevance_minus_redundancy,,
7,"f1_w9,f3_w9,f7_w9,f8_w9,f6_w9,f10_w9,f4_w9",0.4738981723108515,0.2962897366452079,0.8965767878896765,0.32575330398824753,relevance_minus_redundancy,,
6,"f5_w9,f3_w9,f7_w9,f8_w9,f6_w9,f2_w9",0.5112171309642342,0.3710551364468811,0.8965767878896765,0.32568956274079364,relevance_minus_redundancy,,
6,"f5_w9,f3_w9,f7_w9,f8_w9,f6_w9,f10_w9",0.5190811838463674,0.3868002922429625,0.8965767878896765,0.3256810377248861,relevance_minus_redundancy,,
5,"f3_w9,f7_w9,f8_w9,f10_w9,f4_w9",0.4536152921894822,0.25613263620483534,0.8965767878896765,0.3255489740870645,relevance_minus_redundancy,,
7,"f1_w9,f5_w9,f3_w9,f9_w9,f6_w9,f10_w9,f4_w9",0.45846746751486156,0.26618745476204325,0.7940016895008435,0.3253737401338399,relevance_minus_redundancy,,
5,"f1_w9,f3_w9,f6_w9,f10_w9,f4_w9",0.4063642366028318,0.1621048861250375,0.7940016895008435,0.32531179354031303,relevance_minus_redundancy,,
5,"f3_w9,f7_w9,f9_w9,f10_w9,f2_w9",0.4442339425818737,0.23837116992723423,0.7772026976830633,0.32504835761825657,relevance_minus_redundancy,,
6,"f1_w9,f3_w9,f8_w9,f10_w9,f2_w9,f4_w9",0.4302295525778337,0.21045171532623516,0.7940016895008435,0.3250036949147161,relevance_minus_redundancy,,
5,"f1_w9,f5_w9,f9_w9,f2_w9,f4_w9",0.44981350928023706,0.2498841702787966,0.6693695012149643,0.32487142414083875,relevance_minus_redundancy,,
6,"f1_w9,f3_w9,f8_w9,f9_w9,f6_w9,f4_w9",0.4824408815852215,0.3152198419637694,0.7940016895008435,0.3248309606033368,relevance_minus_redundancy,,
5,"f5_w9,f3_w9,f7_w9,f6_w9,f2_w9",0.49318581957435,0.3369919922843847,0.651642574178619,0.32468982343215763,relevance_minus_redundancy,,
8,"f1_w9,f5_w9,f3_w9,f7_w9,f8_w9,f9_w9,f6_w9,f4_w9",0.5359407803689495,0.42318050363337484,0.8965767878896765,0.3243505285522621,relevance_minus_redundancy,,
5,"f3_w9,f7_w9,f8_w9,f6_w9,f10_w9",0.48113969697721687,0.31395286862361155,0.8965767878896765,0.32416326266541107,relevance_minus_redundancy,,
5,"f3_w9,f7_w9,f8_w9,f9_w9,f2_w9",0.5230662696017576,0.397853628213164,0.8965767878896765,0.32413945549517564,relevance_minus_redundancy,,
4,"f3_w9,f8_w9,f6_w9,f2_w9",0.4186054580862845,0.18912679839599864,0.35378711499708065,0.3240420588882852,relevance_minus_redundancy,,
7,"f1_w9,f5_w9,f7_w9,f8_w9,f10_w9,f2_w9,f4_w9",0.46758330728278175,0.2870842073980817,0.8965767878896765,0.3240412035837409,relevance_minus_redundancy,,
4,"f1_w9,f7_w9,f8_w9,f6_w9",0.5836691920975879,0.5193050204143529,0.8965767878896765,0.3240166818904115,relevance_minus_redundancy,,
5,"f3_w9,f7_w9,f8_w9,f6_w9,f2_w9",0.471702833518657,0.29546174665991914,0.8965767878896765,0.32397196018869745,relevance_minus_redundancy,,
6,"f1_w9,f3_w9,f8_w9,f6_w9,f10_w9,f4_w9",0.4388658118213023,0.2298134223703766,0.7940016895008435,0.323959100636114,relevance_minus_redundancy,,
5,"f1_w9,f7_w9,f6_w9,f10_w9,f2_w9",0.42010857376247407,0.19265076194736414,0.8277570139881301,0.323783192788792,relevance_minus_redundancy,,
4,"f1_w9,f8_w9,f9_w9,f2_w9",0.5168573372697862,0.38617403529620936,0.7183173798350433,0.32377031962168157,relevance_minus_redundancy,,
4,"f1_w9,f7_w9,f9_w9,f2_w9",0.5375369991034091,0.42789439982233657,0.8277570139881301,0.32358979919224085,relevance_minus_redundancy,,
6,"f1_w9,f5_w9,f3_w9,f6_w9,f2_w9,f4_w9",0.4489042473189133,0.2510330259775953,0.7940016895008435,0.3233877343301157,relevance_minus_redundancy,,
7,"f1_w9,f3_w9,f7_w9,f9_w9,f10_w9,f2_w9,f4_w9",0.44753691917132077,0.24851623258898559,0.8277570139881301,0.323278802876828,relevance_minus_redundancy,,
5,"f5_w9,f3_w9,f7_w9,f9_w9,f6_w9",0.5549127667496129,0.4633149695364744,0.7772026976830633,0.32325528198137565,relevance_minus_redundancy,,
5,"f1_w9,f5_w9,f7_w9,f8_w9,f9_w9",0.660056513399595,0.6739004971501839,0.8965767878896765,0.3231062648245031,relevance_minus_redundancy,,
4,"f1_w9,f8_w9,f10_w9,f4_w9",0.4300436155044421,0.2141046404295367,0.7105280196185103,0.32299129528967374,relevance_minus_redundancy,,
7,"f1_w9,f3_w9,f7_w9,f8_w9,f9_w9,f2_w9,f4_w9",0.5038457241855234,0.3618437395837288,0.8965767878896765,0.322923854393659,relevance_minus_redundancy,,
3,"f1_w9,f2_w9,f4_w9",0.35720548560377124,0.06889390468847884,0.13461935884119688,0.32275853325953185,relevance_minus_redundancy,,
7,"f1_w9,f3_w9,f7_w9,f8_w9,f6_w9,f2_w9,f4_w9",0.4671575555547373,0.2895343348353045,0.8965767878896765,0.3223903881370851,relevance_minus_redundancy,,
5,"f1_w9,f7_w9,f8_w9,f6_w9,f10_w9",0.5083777642409176,0.3720174189279766,0.8965767878896765,0.32236905477692934,relevance_minus_redundancy,,
6,"f1_w9,f3_w9,f9_w9,f6_w9,f10_w9,f2_w9",0.43104802048162866,0.21749241313916942,0.7940016895008435,0.32230181391204393,relevance_minus_redundancy,,
7,"f1_w9,f3_w9,f7_w9,f9_w9,f6_w9,f10_w9,f4_w9",0.45493942709429386,0.26530077503801436,0.8277570139881301,0.32228903957528665,relevance_minus_redundancy,,
5,"f5_w9,f7_w9,f8_w9,f10_w9,f2_w9",0.4722988859379191,0.300495868434186,0.8965767878896765,0.3220509517208261,relevance_minus_redundancy,,
4,"f5_w9,f3_w9,f10_w9,f2_w9",0.4443008811138977,0.2445607347523917,0.651642574178619,0.32202051373770185,relevance_minus_redundancy,,
6,"f1_w9,f3_w9,f8_w9,f6_w9,f2_w9,f4_w9",0.4310017589391691,0.2181874035476626,0.7940016895008435,0.32190805716533777,relevance_minus_redundancy,,
6,"f1_w9,f5_w9,f7_w9,f9_w9,f2_w9,f4_w9",0.48885998027488875,0.3339096947787549,0.8277570139881301,0.3219051328855113,relevance_minus_redundancy,,
4,"f3_w9,f9_w9,f10_w9,f4_w9",0.3628182272958402,0.08187416376316448,0.1568940656284135,0.32188114541425794,relevance_minus_redundancy,,
7,"f1_w9,f5_w9,f7_w9,f8_w9,f6_w9,f10_w9,f2_w9",0.4872435964168779,0.3307574312045273,0.8965767878896765,0.3218648808146143,relevance_minus_redundancy,,
7,"f1_w9,f3_w9,f8_w9,f9_w9,f6_w9,f10_w9,f2_w9",0.45538025868620385,0.267811803745027,0.7940016895008435,0.32147435681369035,relevance_minus_redundancy,,
5,"f1_w9,f7_w9,f9_w9,f10_w9,f2_w9",0.4714720098455746,0.30029143495835703,0.8277570139881301,0.3213262923663961,relevance_minus_redundancy,,
8,"f1_w9,f5_w9,f3_w9,f8_w9,f9_w9,f6_w9,f10_w9,f4_w9",0.47633074506471074,0.31025325260896913,0.7940016895008435,0.32120411876022614,relevance_minus_redundancy,,
4,"f5_w9,f3_w9,f9_w9,f6_w9",0.5226178746249794,0.403168224318976,0.651642574178619,0.3210337624654914,relevance_minus_redundancy,,
4,"f1_w9,f9_w9,f10_w9,f4_w9",0.39686581137546617,0.15171194955120007,0.5085062590152825,0.32100983659986615,relevance_minus_redundancy,,
6,"f1_w9,f5_w9,f8_w9,f10_w9,f2_w9,f4_w9",0.43149846928855423,0.2210948275170743,0.7105280196185103,0.32095105553001707,relevance_minus_redundancy,,
8,"f1_w9,f3_w9,f7_w9,f8_w9,f9_w9,f6_w9,f10_w9,f2_w9",0.48396926825644676,0.32614401428727113,0.8965767878896765,0.3208972611128112,relevance_minus_redundancy,,
5,"f5_w9,f3_w9,f8_w9,f6_w9,f2_w9",0.4766420901074516,0.31166176292093456,0.651642574178619,0.3208112086469843,relevance_minus_redundancy,,
4,"f5_w9,f7_w9,f10_w9,f4_w9",0.4185790683245198,0.19555307745652714,0.6293527412706708,0.3208025295962562,relevance_minus_redundancy,,
9,"f1_w9,f5_w9,f3_w9,f7_w9,f8_w9,f9_w9,f6_w9,f10_w9,f4_w9",0.4994153661962036,0.35745915683329404,0.8965767878896765,0.3206857877795566,relevance_minus_redundancy,,
6,"f1_w9,f5_w9,f7_w9,f9_w9,f6_w9,f10_w9",0.5196610371468008,0.3983331138774684,0.8277570139881301,0.3204944802080666,relevance_minus_redundancy,,
6,"f5_w9,f3_w9,f7_w9,f9_w9,f6_w9,f10_w9",0.49696264776038346,0.3544456262345605,0.7772026976830633,0.3197398346431032,relevance_minus_redundancy,,
4,"f1_w9,f8_w9,f2_w9,f4_w9",0.4182475361812422,0.19716535201012186,0.7105280196185103,0.3196648601761813,relevance_minus_redundancy,,
8,"f1_w9,f5_w9,f3_w9,f7_w9,f9_w9,f6_w9,f2_w9,f4_w9",0.48077253631992223,0.32232577315080413,0.8277570139881301,0.31960964974452016,relevance_minus_redundancy,,
6,"f1_w9,f3_w9,f9_w9,f6_w9,f10_w9,f4_w9",0.4167472757353184,0.1943871488007466,0.7940016895008435,0.3195537013349451,relevance_minus_redundancy,,
8,"f1_w9,f5_w9,f3_w9,f7_w9,f6_w9,f10_w9,f2_w9,f4_w9",0.44809123399698286,0.25714938130474135,0.8277570139881301,0.3195165433446122,relevance_minus_redundancy,,
5,"f1_w9,f5_w9,f9_w9,f6_w9,f10_w9",0.48677477752653153,0.33461753513466674,0.6693695012149643,0.31946600995919816,relevance_minus_redundancy,,
7,"f1_w9,f5_w9,f7_w9,f8_w9,f9_w9,f10_w9,f4_w9",0.511673983836541,0.3844828715937446,0.8965767878896765,0.31943254803966864,relevance_minus_redundancy,,
3,"f5_w9,f8_w9,f4_w9",0.4614618577164504,0.2841971906186198,0.552684668907908,0.31936326240714047,relevance_minus_redundancy,,
4,"f3_w9,f8_w9,f9_w9,f6_w9",0.4957641420553631,0.35294417577843157,0.7183173798350433,0.31929205416614737,relevance_minus_redundancy,,
6,"f5_w9,f3_w9,f7_w9,f9_w9,f2_w9,f4_w9",0.46616159088847137,0.2939852143046796,0.7772026976830633,0.31916898373613156,relevance_minus_redundancy,,
9,"f1_w9,f5_w9,f3_w9,f7_w9,f8_w9,f6_w9,f10_w9,f2_w9,f4_w9",0.465122617765502,0.2921412141814685,0.8965767878896765,0.31905201067476774,relevance_minus_redundancy,,
4,"f3_w9,f8_w9,f10_w9,f4_w9",0.3959960314248161,0.15425683540210502,0.35378711499708065,0.3188676137237636,relevance_minus_redundancy,,
5,"f5_w9,f3_w9,f8_w9,f9_w9,f6_w9",0.5383690372827146,0.4395169958821345,0.7183173798350433,0.3186105393416473,relevance_minus_redundancy,,
5,"f1_w9,f5_w9,f7_w9,f9_w9,f6_w9",0.5821508340133137,0.5271257862118561,0.8277570139881301,0.3185879409073856,relevance_minus_redundancy,,
4,"f1_w9,f9_w9,f10_w9,f2_w9",0.4183169284949315,0.19984858776206268,0.5085062590152825,0.31839263461390016,relevance_minus_redundancy,,
6,"f1_w9,f5_w9,f8_w9,f6_w9,f10_w9,f2_w9",0.4544354732783331,0.2721343753624489,0.7105280196185103,0.31836828559710867,relevance_minus_redundancy,,
3,"f5_w9,f7_w9,f8_w9",0.664751547117974,0.6928713993560852,0.8965767878896765,0.3183158474399314,relevance_minus_redundancy,,
5,"f1_w9,f7_w9,f8_w9,f10_w9,f4_w9",0.48085335945318297,0.3251926066073783,0.8965767878896765,0.31825705614949384,relevance_minus_redundancy,,
7,"f5_w9,f3_w9,f7_w9,f8_w9,f10_w9,f2_w9,f4_w9",0.44812754495156687,0.2604588992820195,0.8965767878896765,0.3178980953105571,relevance_minus_redundancy,,
6,"f3_w9,f7_w9,f8_w9,f9_w9,f10_w9,f2_w9",0.47042390013717067,0.3053367133289384,0.8965767878896765,0.31775554347270146,relevance_minus_redundancy,,
4,"f3_w9,f8_w9,f6_w9,f10_w9",0.4304015374094844,0.22536647572427562,0.35378711499708065,0.3177182995473466,relevance_minus_redundancy,,
8,"f1_w9,f3_w9,f7_w9,f8_w9,f9_w9,f10_w9,f2_w9,f4_w9",0.4667665152641126,0.29821439929030297,0.8965767878896765,0.3176593156189611,relevance_minus_redundancy,,
5,"f1_w9,f5_w9,f10_w9,f2_w9,f4_w9",0.3975234255635341,0.16012567308102238,0.6693695012149643,0.3174605890230229,relevance_minus_redundancy,,
5,"f1_w9,f3_w9,f6_w9,f2_w9,f4_w9",0.3969273731442719,0.15913420910551063,0.7940016895008435,0.31736026859151656,relevance_minus_redundancy,,
5,"f3_w9,f8_w9,f9_w9,f10_w9,f2_w9",0.42769021311497546,0.22111639628940455,0.7183173798350433,0.3171320149702732,relevance_minus_redundancy,,
5,"f1_w9,f5_w9,f8_w9,f6_w9,f4_w9",0.4867192636755802,0.33930136426704083,0.7105280196185103,0.3170685815420598,relevance_minus_redundancy,,
6,"f1_w9,f5_w9,f8_w9,f9_w9,f2_w9,f4_w9",0.47507353905247346,0.31641027663508076,0.7183173798350433,0.31686840073493305,relevance_minus_redundancy,,
7,"f1_w9,f3_w9,f8_w9,f9_w9,f10_w9,f2_w9,f4_w9",0.4357199695521077,0.23778872099929496,0.7940016895008435,0.3168256090524602,relevance_minus_redundancy,,
5,"f5_w9,f3_w9,f8_w9,f6_w9,f10_w9",0.4860789535660115,0.3385321810483305,0.651642574178619,0.31681286304184625,relevance_minus_redundancy,,
6,"f1_w9,f5_w9,f7_w9,f8_w9,f9_w9,f4_w9",0.5624176390069251,0.49129772863747156,0.8965767878896765,0.3167687746881893,relevance_minus_redundancy,,
5,"f3_w9,f7_w9,f9_w9,f6_w9,f10_w9",0.4545974536740361,0.27581834629394036,0.7772026976830633,0.3166882805270659,relevance_minus_redundancy,,
5,"f1_w9,f7_w9,f9_w9,f10_w9,f4_w9",0.4543111161500023,0.275819583059715,0.8277570139881301,0.3164013246201448,relevance_minus_redundancy,,
6,"f1_w9,f5_w9,f7_w9,f6_w9,f10_w9,f4_w9",0.45392116975443814,0.2750629446248711,0.8277570139881301,0.3163896974420026,relevance_minus_redundancy,,
6,"f1_w9,f3_w9,f9_w9,f10_w9,f2_w9,f4_w9",0.4081110164918498,0.18393184220767264,0.7940016895008435,0.31614509538801344,relevance_minus_redundancy,,
7,"f1_w9,f3_w9,f7_w9,f8_w9,f9_w9,f6_w9,f4_w9",0.5112482321084966,0.3903435870299853,0.8965767878896765,0.31607643859350393,relevance_minus_redundancy,,
7,"f1_w9,f5_w9,f3_w9,f9_w9,f6_w9,f2_w9,f4_w9",0.45172685075874736,0.2717968104205714,0.7940016895008435,0.3158284455484617,relevance_minus_redundancy,,
8,"f1_w9,f5_w9,f3_w9,f8_w9,f9_w9,f6_w9,f2_w9,f4_w9",0.4704327054031108,0.3092930010619567,0.7940016895008435,0.31578620487213244,relevance_minus_redundancy,,
6,"f5_w9,f3_w9,f7_w9,f10_w9,f2_w9,f4_w9",0.42258652112455214,0.21430902131388477,0.651642574178619,0.31543201046760977,relevance_minus_redundancy,,
9,"f1_w9,f5_w9,f3_w9,f7_w9,f8_w9,f9_w9,f6_w9,f2_w9,f4_w9",0.49417266427478146,0.35761581797263825,0.8965767878896765,0.3153647552884623,relevance_minus_redundancy,,
6,"f5_w9,f3_w9,f8_w9,f9_w9,f2_w9,f4_w9",0.45237514966605613,0.27480392744363275,0.7183173798350433,0.31497318594423973,relevance_minus_redundancy,,
5,"f1_w9,f5_w9,f9_w9,f6_w9,f2_w9",0.4773379140679717,0.32515247300325395,0.6693695012149643,0.31476167756634477,relevance_minus_redundancy,,
6,"f1_w9,f5_w9,f7_w9,f9_w9,f6_w9,f2_w9",0.5117969842646676,0.39419152874537583,0.8277570139881301,0.31470121989197963,relevance_minus_redundancy,,
4,"f1_w9,f9_w9,f6_w9,f10_w9",0.43127131736013447,0.23321670583366497,0.5085062590152825,0.314662964443302,relevance_minus_redundancy,,
7,"f5_w9,f3_w9,f7_w9,f8_w9,f9_w9,f2_w9,f4_w9",0.4854776047492119,0.3427107878369851,0.8965767878896765,0.31412221083071934,relevance_minus_redundancy,,
5,"f1_w9,f3_w9,f10_w9,f2_w9,f4_w9",0.39600072551066945,0.16405076018584644,0.7940016895008435,0.31397534541774624,relevance_minus_redundancy,,
4,"f5_w9,f8_w9,f9_w9,f10_w9",0.4965092075794409,0.3652413266927888,0.7183173798350433,0.31388854423304646,relevance_minus_redundancy,,
5,"f1_w9,f7_w9,f8_w9,f9_w9,f10_w9",0.5597412003240182,0.49181728575549466,0.8965767878896765,0.31383255744627087,relevance_minus_redundancy,,
7,"f1_w9,f5_w9,f7_w9,f9_w9,f10_w9,f2_w9,f4_w9",0.4486245620662241,0.2699801450815332,0.8277570139881301,0.31363448952545747,relevance_minus_redundancy,,
6,"f1_w9,f5_w9,f7_w9,f6_w9,f2_w9,f4_w9",0.4460571168723049,0.2652405783058918,0.8277570139881301,0.313436827719359,relevance_minus_redundancy,,
6,"f1_w9,f7_w9,f8_w9,f6_w9,f10_w9,f2_w9",0.4503194261210042,0.2741761062726146,0.8965767878896765,0.3132313729846969,relevance_minus_redundancy,,
4,"f1_w9,f7_w9,f8_w9,f4_w9",0.5492636861129196,0.4721361810766207,0.8965767878896765,0.3131955955746093,relevance_minus_redundancy,,
7,"f1_w9,f3_w9,f8_w9,f9_w9,f6_w9,f10_w9,f4_w9",0.44312247747508077,0.2600131945786436,0.7940016895008435,0.313115880185759,relevance_minus_redundancy,,
7,"f5_w9,f3_w9,f7_w9,f8_w9,f6_w9,f10_w9,f2_w9",0.46778783408566305,0.3093680374209307,0.8965767878896765,0.3131038153751977,relevance_minus_redundancy,,
5,"f1_w9,f5_w9,f6_w9,f10_w9,f2_w9",0.4250478303512687,0.2239773774802923,0.6693695012149643,0.3130591416111225,relevance_minus_redundancy,,
3,"f1_w9,f8_w9,f9_w9",0.6358005378525693,0.6457838861562787,0.7183173798350433,0.31290859477442995,relevance_minus_redundancy,,
8,"f1_w9,f5_w9,f3_w9,f8_w9,f6_w9,f10_w9,f2_w9,f4_w9",0.4377514030801714,0.24989831633686097,0.7940016895008435,0.3128022449117409,relevance_minus_redundancy,,
5,"f1_w9,f5_w9,f8_w9,f9_w9,f6_w9",0.5656071045464154,0.5058506156335751,0.7183173798350433,0.3126817967296278,relevance_minus_redundancy,,
4,"f5_w9,f8_w9,f10_w9,f2_w9",0.41935052361036224,0.21336100730691868,0.552684668907908,0.3126700199569029,relevance_minus_redundancy,,
6,"f5_w9,f3_w9,f7_w9,f8_w9,f9_w9,f6_w9",0.5626562536102866,0.5003924730774606,0.8965767878896765,0.3124600170715563,relevance_minus_redundancy,,
7,"f5_w9,f3_w9,f7_w9,f8_w9,f9_w9,f6_w9,f10_w9",0.5118785106394222,0.39883773377896475,0.8965767878896765,0.31245964374993984,relevance_minus_redundancy,,
4,"f1_w9,f7_w9,f9_w9,f4_w9",0.5160858819839438,0.4073366709664598,0.8277570139881301,0.31241754650071385,relevance_minus_redundancy,,
6,"f1_w9,f5_w9,f7_w9,f8_w9,f6_w9,f4_w9",0.5196147756043413,0.4145224829535917,0.8965767878896765,0.3123535341275455,relevance_minus_redundancy,,
8,"f1_w9,f3_w9,f7_w9,f8_w9,f9_w9,f6_w9,f10_w9,f4_w9",0.4732437096967141,0.3218701042081534,0.8965767878896765,0.3123086575926374,relevance_minus_redundancy,,
5,"f1_w9,f7_w9,f8_w9,f2_w9,f4_w9",0.4714164959946231,0.3182817179890033,0.8965767878896765,0.31227563700012145,relevance_minus_redundancy,,
5,"f1_w9,f8_w9,f9_w9,f10_w9,f2_w9",0.4549282803786762,0.28555946439658636,0.7183173798350433,0.31214854818038307,relevance_minus_redundancy,,
5,"f5_w9,f3_w9,f7_w9,f6_w9,f4_w9",0.4760249258787777,0.32788118880186606,0.651642574178619,0.31208433147784465,relevance_minus_redundancy,,
5,"f1_w9,f7_w9,f9_w9,f6_w9,f10_w9",0.4818355209377369,0.33987688505466773,0.8277570139881301,0.31189707841040304,relevance_minus_redundancy,,
5,"f3_w9,f8_w9,f9_w9,f10_w9,f4_w9",0.4105293194194031,0.19738153679333365,0.7183173798350433,0.3118385510227363,relevance_minus_redundancy,,
9,"f1_w9,f5_w9,f3_w9,f7_w9,f9_w9,f6_w9,f10_w9,f2_w9,f4_w9",0.4503769270415127,0.2778016789891921,0.8277570139881301,0.3114760875469167,relevance_minus_redundancy,,
3,"f5_w9,f7_w9,f9_w9",0.6205144749460062,0.6184217803441078,0.7772026976830633,0.3113035847739523,relevance_minus_redundancy,,
2,"f8_w9,f10_w9",0.40429287036394584,0.18617061504268748,0.18617061504268748,0.3112075628426021,relevance_minus_redundancy,,
3,"f1_w9,f7_w9,f9_w9",0.6633734202973999,0.7044886568954919,0.8277570139881301,0.3111290918496539,relevance_minus_redundancy,,
5,"f3_w9,f7_w9,f8_w9,f2_w9,f4_w9",0.4441784287309224,0.26616167843788713,0.8965767878896765,0.31109758951197886,relevance_minus_redundancy,,
7,"f1_w9,f3_w9,f7_w9,f6_w9,f10_w9,f2_w9,f4_w9",0.41084875054053466,0.19963565155179905,0.8277570139881301,0.3110309247646351,relevance_minus_redundancy,,
5,"f5_w9,f3_w9,f9_w9,f2_w9,f4_w9",0.4225754420165363,0.22314873695376752,0.651642574178619,0.31100107353965256,relevance_minus_redundancy,,
7,"f1_w9,f5_w9,f7_w9,f8_w9,f9_w9,f2_w9,f4_w9",0.5049333670804268,0.3882159360147261,0.8965767878896765,0.3108253990730637,relevance_minus_redundancy,,
7,"f1_w9,f3_w9,f7_w9,f9_w9,f6_w9,f2_w9,f4_w9",0.4481988103381797,0.2749002717268776,0.8277570139881301,0.3107486744747409,relevance_minus_redundancy,,
5,"f3_w9,f7_w9,f8_w9,f9_w9,f4_w9",0.5059053759061853,0.39066611433008464,0.8965767878896765,0.310572318741143,relevance_minus_redundancy,,
6,"f1_w9,f5_w9,f8_w9,f9_w9,f6_w9,f2_w9",0.49801054304225234,0.37506089003058035,0.7183173798350433,0.3104800980269622,relevance_minus_redundancy,,
6,"f5_w9,f3_w9,f8_w9,f9_w9,f6_w9,f10_w9",0.48317620653796817,0.34544714256760434,0.7183173798350433,0.310452635254166,relevance_minus_redundancy,,
8,"f1_w9,f3_w9,f7_w9,f8_w9,f6_w9,f10_w9,f2_w9,f4_w9",0.43466436771217476,0.24844875170285635,0.8965767878896765,0.31043999186074656,relevance_minus_redundancy,,
6,"f1_w9,f5_w9,f8_w9,f9_w9,f6_w9,f10_w9",0.5058745959243856,0.39101649892788504,0.7183173798350433,0.31036634646044303,relevance_minus_redundancy,,
6,"f3_w9,f7_w9,f8_w9,f9_w9,f10_w9,f4_w9",0.45612315539086046,0.29245356101680814,0.8965767878896765,0.30989637488245636,relevance_minus_redundancy,,
4,"f3_w9,f7_w9,f6_w9,f4_w9",0.4178340028004421,0.2162895310192197,0.49624414012729073,0.30968923729083225,relevance_minus_redundancy,,
5,"f1_w9,f8_w9,f6_w9,f10_w9,f2_w9",0.40356484429557576,0.1878103910501549,0.7105280196185103,0.30965964877049834,relevance_minus_redundancy,,
10,"f1_w9,f5_w9,f3_w9,f7_w9,f8_w9,f9_w9,f6_w9,f10_w9,f2_w9,f4_w9",0.4654766031287269,0.31191286349880143,0.8965767878896765,0.3095201713793262,relevance_minus_redundancy,,
4,"f3_w9,f7_w9,f2_w9,f4_w9",0.40487961393523914,0.19091175051922152,0.49624414012729073,0.3094237386756284,relevance_minus_redundancy,,
7,"f5_w9,f3_w9,f7_w9,f9_w9,f10_w9,f2_w9,f4_w9",0.4291687997350092,0.2405005567481555,0.7772026976830633,0.30891852136093145,relevance_minus_redundancy,,
4,"f1_w9,f7_w9,f9_w9,f6_w9",0.5504913879686121,0.4832263264281162,0.8277570139881301,0.30887822475455395,relevance_minus_redundancy,,
4,"f1_w9,f8_w9,f6_w9,f4_w9",0.43120192504644517,0.2451466810155806,0.7105280196185103,0.3086285845386549,relevance_minus_redundancy,,
5,"f5_w9,f3_w9,f9_w9,f6_w9,f10_w9",0.4595367102628308,0.3019375910563888,0.651642574178619,0.3085679147346364,relevance_minus_redundancy,,
6,"f5_w9,f3_w9,f7_w9,f6_w9,f10_w9,f2_w9",0.445523525114331,0.27431006979583256,0.651642574178619,0.30836849021641477,relevance_minus_redundancy,,
6,"f5_w9,f3_w9,f7_w9,f8_w9,f6_w9,f4_w9",0.49691638621792394,0.37716847896402145,0.8965767878896765,0.30833214673591325,relevance_minus_redundancy,,
4,"f3_w9,f9_w9,f10_w9,f2_w9",0.3842693444153055,0.1519002916869979,0.280006796555679,0.30831919857180656,relevance_minus_redundancy,,
5,"f1_w9,f7_w9,f10_w9,f2_w9,f4_w9",0.3925841689747394,0.16853022247434296,0.8277570139881301,0.30831905773756796,relevance_minus_redundancy,,
6,"f5_w9,f3_w9,f7_w9,f9_w9,f6_w9,f2_w9",0.48909859487825025,0.3615973283367524,0.7772026976830633,0.30829993070987405,relevance_minus_redundancy,,
6,"f1_w9,f7_w9,f8_w9,f9_w9,f10_w9,f2_w9",0.493122289523588,0.3703996169911156,0.8965767878896765,0.3079224810280302,relevance_minus_redundancy,,
7,"f1_w9,f5_w9,f7_w9,f8_w9,f9_w9,f6_w9,f10_w9",0.5313342729706372,0.4471736013630147,0.8965767878896765,0.3077474722891298,relevance_minus_redundancy,,
8,"f5_w9,f3_w9,f7_w9,f8_w9,f9_w9,f10_w9,f2_w9,f4_w9",0.45069441075733996,0.28656537988430164,0.8965767878896765,0.30741172081518914,relevance_minus_redundancy,,
7,"f1_w9,f5_w9,f7_w9,f8_w9,f6_w9,f2_w9,f4_w9",0.4682451984496407,0.3216929513594626,0.8965767878896765,0.3073987227699094,relevance_minus_redundancy,,
7,"f1_w9,f5_w9,f7_w9,f9_w9,f6_w9,f10_w9,f2_w9",0.46828485120032026,0.32185931635195714,0.8277570139881301,0.30735519302434167,relevance_minus_redundancy,,
7,"f1_w9,f5_w9,f7_w9,f8_w9,f6_w9,f10_w9,f4_w9",0.47498581520575484,0.33559861835613547,0.8965767878896765,0.3071865060276871,relevance_minus_redundancy,,
8,"f1_w9,f5_w9,f7_w9,f8_w9,f9_w9,f10_w9,f2_w9,f4_w9",0.467718202797153,0.3214158177279575,0.8965767878896765,0.30701029393317425,relevance_minus_redundancy,,
6,"f1_w9,f5_w9,f9_w9,f10_w9,f2_w9,f4_w9",0.40937993320257027,0.2051074129543472,0.6693695012149643,0.30682622672539667,relevance_minus_redundancy,,
5,"f1_w9,f7_w9,f6_w9,f10_w9,f4_w9",0.40294768006690174,0.1922814586367894,0.8277570139881301,0.30680695074850706,relevance_minus_redundancy,,
7,"f5_w9,f3_w9,f7_w9,f8_w9,f9_w9,f6_w9,f2_w9",0.5051378938833081,0.3970564013688428,0.8965767878896765,0.3066096931988867,relevance_minus_redundancy,,
4,"f5_w9,f3_w9,f2_w9,f4_w9",0.4110536846712325,0.2090085225741273,0.651642574178619,0.30654942338416885,relevance_minus_redundancy,,
4,"f1_w9,f9_w9,f6_w9,f2_w9",0.4194752380369346,0.22598595516535994,0.5085062590152825,0.30648226045425464,relevance_minus_redundancy,,
4,"f3_w9,f9_w9,f6_w9,f10_w9",0.3972237332805085,0.1817046202092593,0.456295136059878,0.30637142317587884,relevance_minus_redundancy,,
3,"f5_w9,f8_w9,f9_w9",0.5929415925011757,0.5732373169405135,0.7183173798350433,0.306322934030919,relevance_minus_redundancy,,
3,"f7_w9,f8_w9,f2_w9",0.48183125289441303,0.3512529562077642,0.8965767878896765,0.30620477479053093,relevance_minus_redundancy,,
6,"f1_w9,f3_w9,f9_w9,f6_w9,f2_w9,f4_w9",0.4088832228531852,0.20565798787630593,0.7940016895008435,0.3060542289150322,relevance_minus_redundancy,,
7,"f1_w9,f5_w9,f7_w9,f8_w9,f9_w9,f6_w9,f2_w9",0.5245936562145229,0.43732563521411805,0.8965767878896765,0.3059308386074639,relevance_minus_redundancy,,
9,"f1_w9,f5_w9,f3_w9,f8_w9,f9_w9,f6_w9,f10_w9,f2_w9,f4_w9",0.4411859662265692,0.2705262585183957,0.7940016895008435,0.3059228369673713,relevance_minus_redundancy,,
6,"f5_w9,f3_w9,f8_w9,f10_w9,f2_w9,f4_w9",0.4088000799021369,0.20592025441197634,0.651642574178619,0.3058399526961487,relevance_minus_redundancy,,
7,"f1_w9,f3_w9,f8_w9,f9_w9,f6_w9,f2_w9,f4_w9",0.4363818607189666,0.261174102863784,0.7940016895008435,0.3057948092870746,relevance_minus_redundancy,,
7,"f1_w9,f5_w9,f8_w9,f9_w9,f10_w9,f2_w9,f4_w9",0.436807612447011,0.2623854407664829,0.7183173798350433,0.30561489206376957,relevance_minus_redundancy,,
4,"f5_w9,f7_w9,f8_w9,f4_w9",0.5171194770993744,0.42305289818855524,0.8965767878896765,0.3055930280050968,relevance_minus_redundancy,,
7,"f1_w9,f5_w9,f3_w9,f6_w9,f10_w9,f2_w9,f4_w9",0.4143767909611023,0.2179442195867466,0.7940016895008435,0.305404681167729,relevance_minus_redundancy,,
8,"f1_w9,f3_w9,f7_w9,f8_w9,f9_w9,f6_w9,f2_w9,f4_w9",0.4673456700351142,0.32390245843389237,0.8965767878896765,0.305394440818168,relevance_minus_redundancy,,
5,"f5_w9,f7_w9,f8_w9,f9_w9,f10_w9",0.534025833113182,0.4577748320503775,0.8965767878896765,0.3051384170879932,relevance_minus_redundancy,,
6,"f1_w9,f5_w9,f8_w9,f6_w9,f2_w9,f4_w9",0.4322706756498897,0.25433555993859197,0.7105280196185103,0.3051028956805937,relevance_minus_redundancy,,
4,"f1_w9,f6_w9,f10_w9,f2_w9",0.3541126333910558,0.09809112062927455,0.20629680749542753,0.30506707307641856,relevance_minus_redundancy,,
4,"f5_w9,f7_w9,f9_w9,f2_w9",0.5053927900898639,0.4006714920309266,0.7772026976830633,0.3050570440744006,relevance_minus_redundancy,,
6,"f5_w9,f3_w9,f8_w9,f9_w9,f6_w9,f2_w9",0.47531215365583496,0.34078482090458434,0.7183173798350433,0.30491974320354276,relevance_minus_redundancy,,
6,"f3_w9,f7_w9,f8_w9,f6_w9,f10_w9,f2_w9",0.4276210367345869,0.24541275011133568,0.8965767878896765,0.30491466167891906,relevance_minus_redundancy,,
5,"f1_w9,f5_w9,f9_w9,f6_w9,f4_w9",0.46017702037239944,0.3124539592279158,0.6693695012149643,0.30395004075844156,relevance_minus_redundancy,,
3,"f5_w9,f9_w9,f4_w9",0.41722478554448245,0.22707186505847196,0.44870990207858913,0.30368885301524645,relevance_minus_redundancy,,
5,"f1_w9,f7_w9,f8_w9,f9_w9,f2_w9",0.5503043368654583,0.49342756891744954,0.8965767878896765,0.30359055240673355,relevance_minus_redundancy,,
6,"f3_w9,f7_w9,f8_w9,f9_w9,f6_w9,f10_w9",0.47906015938063934,0.35096045399142334,0.8965767878896765,0.30357993238492764,relevance_minus_redundancy,,
3,"f5_w9,f3_w9,f6_w9",0.5406030090340553,0.4740596126483864,0.651642574178619,0.3035732027098621,relevance_minus_redundancy,,
5,"f5_w9,f7_w9,f8_w9,f10_w9,f4_w9",0.4551379922423468,0.3033045812058973,0.8965767878896765,0.30348570163939814,relevance_minus_redundancy,,
5,"f3_w9,f7_w9,f8_w9,f9_w9,f6_w9",0.5334297806939199,0.4599029450740483,0.8965767878896765,0.30347830815689575,relevance_minus_redundancy,,
8,"f1_w9,f5_w9,f3_w9,f9_w9,f6_w9,f10_w9,f2_w9,f4_w9",0.4211625010156834,0.23572513145417034,0.7940016895008435,0.3032999352885982,relevance_minus_redundancy,,
3,"f7_w9,f8_w9,f10_w9",0.4975593586586795,0.38863851214533174,0.8965767878896765,0.30324010258601364,relevance_minus_redundancy,,
6,"f1_w9,f5_w9,f7_w9,f9_w9,f6_w9,f4_w9",0.49749623951835736,0.3886659402470673,0.8277570139881301,0.30316326939482374,relevance_minus_redundancy,,
5,"f3_w9,f8_w9,f9_w9,f6_w9,f10_w9",0.43805372420713773,0.2699874280297824,0.7183173798350433,0.30306001019224654,relevance_minus_redundancy,,
5,"f1_w9,f7_w9,f9_w9,f6_w9,f2_w9",0.4723986574791771,0.3387911190869585,0.8277570139881301,0.3030030979356978,relevance_minus_redundancy,,
6,"f1_w9,f7_w9,f8_w9,f10_w9,f2_w9,f4_w9",0.4273824221312253,0.24962400171140592,0.8965767878896765,0.30257042127552236,relevance_minus_redundancy,,
8,"f1_w9,f5_w9,f7_w9,f8_w9,f9_w9,f6_w9,f10_w9,f2_w9",0.48492095578948713,0.36486363095534396,0.8965767878896765,0.3024891403118152,relevance_minus_redundancy,,
7,"f1_w9,f3_w9,f8_w9,f6_w9,f10_w9,f2_w9,f4_w9",0.39903180092132157,0.1936184255166615,0.7940016895008435,0.3022225881629908,relevance_minus_redundancy,,
5,"f1_w9,f7_w9,f6_w9,f2_w9,f4_w9",0.39351081660834186,0.18267452088875025,0.8277570139881301,0.30217355616396674,relevance_minus_redundancy,,
5,"f1_w9,f5_w9,f6_w9,f10_w9,f4_w9",0.4078869366556964,0.21145292221256468,0.6693695012149643,0.30216047554941405,relevance_minus_redundancy,,
6,"f1_w9,f5_w9,f8_w9,f6_w9,f10_w9,f4_w9",0.4401347285320229,0.2759719500227832,0.7105280196185103,0.3021487535206313,relevance_minus_redundancy,,
6,"f1_w9,f5_w9,f7_w9,f8_w9,f9_w9,f6_w9",0.5853546429967039,0.5667157445024772,0.8965767878896765,0.3019967707454653,relevance_minus_redundancy,,
4,"f5_w9,f8_w9,f9_w9,f2_w9",0.484713128256241,0.36571128117260887,0.7183173798350433,0.3018574876699366,relevance_minus_redundancy,,
3,"f1_w9,f7_w9,f8_w9",0.7076104924693677,0.8116206071654389,0.8965767878896765,0.3018001888866482,relevance_minus_redundancy,,
5,"f1_w9,f5_w9,f6_w9,f2_w9,f4_w9",0.39845007319713655,0.19346668830082192,0.6693695012149643,0.3017167290467256,relevance_minus_redundancy,,
7,"f5_w9,f3_w9,f7_w9,f8_w9,f6_w9,f10_w9,f4_w9",0.45553005287453996,0.30795508465454724,0.8965767878896765,0.30155251054726634,relevance_minus_redundancy,,
7,"f5_w9,f3_w9,f8_w9,f9_w9,f10_w9,f2_w9,f4_w9",0.4173518501157961,0.23170451763498184,0.7183173798350433,0.30149959129830517,relevance_minus_redundancy,,
4,"f3_w9,f8_w9,f2_w9,f4_w9",0.3841999521016162,0.16555076506840155,0.35378711499708065,0.3014245695674155,relevance_minus_redundancy,,
5,"f5_w9,f3_w9,f8_w9,f6_w9,f4_w9",0.45948119641187934,0.31642164566876957,0.651642574178619,0.30127037357749453,relevance_minus_redundancy,,
8,"f1_w9,f3_w9,f7_w9,f9_w9,f6_w9,f10_w9,f2_w9,f4_w9",0.4180754656476868,0.23372559098526233,0.8277570139881301,0.3012126701550556,relevance_minus_redundancy,,
6,"f5_w9,f3_w9,f7_w9,f6_w9,f10_w9,f4_w9",0.4312227803680208,0.26014472441740943,0.651642574178619,0.3011504181593161,relevance_minus_redundancy,,
6,"f5_w9,f3_w9,f7_w9,f9_w9,f6_w9,f4_w9",0.47479785013194004,0.34731594395325555,0.7772026976830633,0.3011398781553123,relevance_minus_redundancy,,
4,"f5_w9,f7_w9,f2_w9,f4_w9",0.40678298900131993,0.2113561383821605,0.6293527412706708,0.3011049198102397,relevance_minus_redundancy,,
4,"f1_w9,f8_w9,f9_w9,f4_w9",0.4954062201503209,0.38873411682425535,0.7183173798350433,0.30103916173819323,relevance_minus_redundancy,,
8,"f5_w9,f3_w9,f7_w9,f8_w9,f9_w9,f6_w9,f10_w9,f2_w9",0.4678971637496741,0.3339401288610374,0.8965767878896765,0.3009270993191554,relevance_minus_redundancy,,
3,"f3_w9,f10_w9,f4_w9",0.32753681259520306,0.0537626689644413,0.10850436286209991,0.30065547811298243,relevance_minus_redundancy,,
5,"f1_w9,f8_w9,f9_w9,f10_w9,f4_w9",0.43776738668310394,0.274958298728298,0.7183173798350433,0.30028823731895493,relevance_minus_redundancy,,
5,"f3_w9,f7_w9,f6_w9,f10_w9,f2_w9",0.39287050649877325,0.18517981816758872,0.49624414012729073,0.3002805974149789,relevance_minus_redundancy,,
7,"f5_w9,f3_w9,f7_w9,f9_w9,f6_w9,f10_w9,f2_w9",0.4488290888691054,0.29761564235104515,0.7772026976830633,0.30002126769358284,relevance_minus_redundancy,,
5,"f5_w9,f7_w9,f9_w9,f10_w9,f2_w9",0.4457566426347384,0.29151963461486935,0.7772026976830633,0.29999682532730376,relevance_minus_redundancy,,
7,"f1_w9,f5_w9,f7_w9,f9_w9,f6_w9,f10_w9,f4_w9",0.45602706998919723,0.3121328414316815,0.8277570139881301,0.29996064927335647,relevance_minus_redundancy,,
7,"f1_w9,f5_w9,f8_w9,f9_w9,f6_w9,f10_w9,f2_w9",0.45646790158110717,0.313099454486106,0.7183173798350433,0.2999181743380542,relevance_minus_redundancy,,
6,"f5_w9,f3_w9,f8_w9,f6_w9,f10_w9,f2_w9",0.43173708389191573,0.2642900823228029,0.651642574178619,0.2995920427305143,relevance_minus_redundancy,,
4,"f1_w9,f8_w9,f9_w9,f6_w9",0.5298117261349892,0.4605457208581086,0.7183173798350433,0.2995388657059349,relevance_minus_redundancy,,
5,"f3_w9,f7_w9,f9_w9,f6_w9,f2_w9",0.4451605902154762,0.291672511177658,0.7772026976830633,0.2993243346266472,relevance_minus_redundancy,,
2,"f7_w9,f4_w9",0.37915780114586123,0.15979628811512475,0.15979628811512475,0.2992596570882988,relevance_minus_redundancy,,
9,"f1_w9,f3_w9,f7_w9,f8_w9,f9_w9,f6_w9,f10_w9,f2_w9,f4_w9",0.43844193478835,0.27852361923651636,0.8965767878896765,0.2991801251700918,relevance_minus_redundancy,,
3,"f5_w9,f9_w9,f2_w9",0.4458262750371029,0.2939261784651519,0.44870990207858913,0.298863185804527,relevance_minus_redundancy,,
6,"f1_w9,f5_w9,f9_w9,f6_w9,f10_w9,f2_w9",0.43231693719234915,0.2676352872492914,0.6693695012149643,0.29849929356770344,relevance_minus_redundancy,,
7,"f1_w9,f5_w9,f7_w9,f6_w9,f10_w9,f2_w9,f4_w9",0.411936393435438,0.2268859841375075,0.8277570139881301,0.29849340136668423,relevance_minus_redundancy,,
5,"f1_w9,f7_w9,f8_w9,f6_w9,f4_w9",0.4817800070867855,0.36663509464562777,0.8965767878896765,0.29846245976397157,relevance_minus_redundancy,,
5,"f3_w9,f7_w9,f8_w9,f6_w9,f4_w9",0.4545419398230847,0.3123767813649071,0.8965767878896765,0.29835354914063117,relevance_minus_redundancy,,
6,"f3_w9,f7_w9,f8_w9,f10_w9,f2_w9,f4_w9",0.404684032744808,0.21353036548467502,0.8965767878896765,0.29791885000247054,relevance_minus_redundancy,,
7,"f5_w9,f3_w9,f7_w9,f8_w9,f6_w9,f2_w9,f4_w9",0.4487894361184258,0.302116051396649,0.8965767878896765,0.2977314104201013,relevance_minus_redundancy,,
8,"f1_w9,f5_w9,f7_w9,f8_w9,f6_w9,f10_w9,f2_w9,f4_w9",0.43561605524521513,0.2759899852103815,0.8965767878896765,0.2976210626400244,relevance_minus_redundancy,,
2,"f9_w9,f10_w9",0.337937262105994,0.08123744022702015,0.08123744022702015,0.2973185419924839,relevance_minus_redundancy,,
5,"f1_w9,f8_w9,f9_w9,f6_w9,f10_w9",0.4652917914708386,0.3365687698665688,0.7183173798350433,0.2970074065375542,relevance_minus_redundancy,,
5,"f1_w9,f8_w9,f9_w9,f6_w9,f2_w9",0.4558549280122787,0.31776196825104164,0.7183173798350433,0.2969739438867579,relevance_minus_redundancy,,
5,"f5_w9,f7_w9,f9_w9,f10_w9,f4_w9",0.42859574893916613,0.2637362570356249,0.7772026976830633,0.2967276204213537,relevance_minus_redundancy,,
4,"f5_w9,f7_w9,f9_w9,f4_w9",0.4839416729703986,0.37459455370737915,0.7772026976830633,0.296644396116709,relevance_minus_redundancy,,
3,"f3_w9,f6_w9,f10_w9",0.37341082057476077,0.15362322504614276,0.20629680749542753,0.2965992080516894,relevance_minus_redundancy,,
5,"f5_w9,f7_w9,f8_w9,f2_w9,f4_w9",0.445701128783787,0.2983180665467332,0.8965767878896765,0.2965420955104204,relevance_minus_redundancy,,
3,"f7_w9,f9_w9,f10_w9",0.45332228648671163,0.31386942380457156,0.7772026976830633,0.2963875745844259,relevance_minus_redundancy,,
7,"f5_w9,f3_w9,f7_w9,f9_w9,f6_w9,f10_w9,f4_w9",0.43657130765798235,0.28163502751277786,0.7772026976830633,0.2957537939015934,relevance_minus_redundancy,,
6,"f1_w9,f7_w9,f8_w9,f9_w9,f10_w9,f4_w9",0.47882154477727773,0.36627226056417367,0.8965767878896765,0.2956854144951909,relevance_minus_redundancy,,
4,"f5_w9,f3_w9,f6_w9,f10_w9",0.45725526997910065,0.3235513270613619,0.651642574178619,0.2954796064484197,relevance_minus_redundancy,,
5,"f5_w9,f3_w9,f9_w9,f6_w9,f2_w9",0.45009984680427095,0.30941245977640286,0.651642574178619,0.2953936169160695,relevance_minus_redundancy,,
6,"f3_w9,f7_w9,f8_w9,f9_w9,f6_w9,f2_w9",0.47119610649850613,0.3518843297708723,0.8965767878896765,0.29525394161306995,relevance_minus_redundancy,,
7,"f5_w9,f3_w9,f7_w9,f8_w9,f9_w9,f6_w9,f4_w9",0.492880112672185,0.3955605635988352,0.8965767878896765,0.2950998308727674,relevance_minus_redundancy,,
5,"f3_w9,f7_w9,f9_w9,f2_w9,f4_w9",0.4176361854277416,0.24513995328127147,0.7772026976830633,0.2950662087871059,relevance_minus_redundancy,,
6,"f5_w9,f7_w9,f8_w9,f9_w9,f10_w9,f2_w9",0.47169281684789116,0.3540288600480837,0.8965767878896765,0.2946783868238493,relevance_minus_redundancy,,
5,"f3_w9,f8_w9,f9_w9,f6_w9,f2_w9",0.4286168607485779,0.2681205572656821,0.7183173798350433,0.2945565821157369,relevance_minus_redundancy,,
6,"f1_w9,f5_w9,f8_w9,f9_w9,f6_w9,f4_w9",0.48370979829594213,0.37878242568584103,0.7183173798350433,0.2943185854530216,relevance_minus_redundancy,,
8,"f1_w9,f3_w9,f8_w9,f9_w9,f6_w9,f10_w9,f2_w9,f4_w9",0.4077356347308753,0.22710962439290844,0.7940016895008435,0.2941808225344211,relevance_minus_redundancy,,
4,"f5_w9,f3_w9,f6_w9,f2_w9",0.4454591906559008,0.30288121553994224,0.651642574178619,0.29401858288592964,relevance_minus_redundancy,,
5,"f5_w9,f7_w9,f8_w9,f9_w9,f2_w9",0.5245889696546222,0.4613094891715434,0.8965767878896765,0.2939342250688505,relevance_minus_redundancy,,
6,"f1_w9,f7_w9,f9_w9,f6_w9,f10_w9,f2_w9",0.42820089003502027,0.2686503966009709,0.8277570139881301,0.2938756917345348,relevance_minus_redundancy,,
6,"f5_w9,f3_w9,f9_w9,f10_w9,f2_w9,f4_w9",0.386681543816153,0.18593684754500772,0.651642574178619,0.29371312004364913,relevance_minus_redundancy,,
3,"f7_w9,f10_w9,f2_w9",0.3504440411946068,0.11376565916899954,0.14243386616699769,0.29356121161010706,relevance_minus_redundancy,,
5,"f1_w9,f7_w9,f9_w9,f2_w9,f4_w9",0.44487425269144243,0.3032539812887499,0.8277570139881301,0.29324726204706747,relevance_minus_redundancy,,
7,"f5_w9,f3_w9,f8_w9,f9_w9,f6_w9,f10_w9,f2_w9",0.4370121392498923,0.2876544456870706,0.7183173798350433,0.293184916406357,relevance_minus_redundancy,,
6,"f5_w9,f3_w9,f8_w9,f9_w9,f6_w9,f4_w9",0.46101140890952474,0.33575056067465664,0.7183173798350433,0.2931361285721964,relevance_minus_redundancy,,
6,"f1_w9,f7_w9,f8_w9,f6_w9,f2_w9,f4_w9",0.42815462849256075,0.2700669229293287,0.8965767878896765,0.29312116702789637,relevance_minus_redundancy,,
6,"f1_w9,f7_w9,f8_w9,f9_w9,f6_w9,f10_w9",0.5017585487670566,0.4174488734733368,0.8965767878896765,0.2930341120303882,relevance_minus_redundancy,,
3,"f3_w9,f6_w9,f2_w9",0.35768271481049424,0.12937170777140242,0.20739381447996116,0.29299686092479305,relevance_minus_redundancy,,
5,"f1_w9,f8_w9,f10_w9,f2_w9,f4_w9",0.37604043950784105,0.1661366824338156,0.7105280196185103,0.29297209829093324,relevance_minus_redundancy,,
6,"f1_w9,f7_w9,f8_w9,f6_w9,f10_w9,f4_w9",0.43601868137469396,0.28611711557105085,0.8965767878896765,0.29296012358916856,relevance_minus_redundancy,,
8,"f5_w9,f3_w9,f7_w9,f8_w9,f9_w9,f6_w9,f10_w9,f4_w9",0.45717160518994143,0.3284835310388474,0.8965767878896765,0.2929298396705177,relevance_minus_redundancy,,
4,"f5_w9,f8_w9,f10_w9,f4_w9",0.3978994064908969,0.21069197687997832,0.552684668907908,0.29255341805090773,relevance_minus_redundancy,,
6,"f5_w9,f3_w9,f7_w9,f6_w9,f2_w9,f4_w9",0.4233587274858876,0.2616156453327147,0.651642574178619,0.2925509048195303,relevance_minus_redundancy,,
6,"f1_w9,f5_w9,f9_w9,f6_w9,f10_w9,f4_w9",0.4180161924460389,0.2510781350089887,0.6693695012149643,0.29247712494154454,relevance_minus_redundancy,,
2,"f7_w9,f6_w9",0.44796881311519776,0.311340770369863,0.311340770369863,0.2922984279302663,relevance_minus_redundancy,,
4,"f3_w9,f8_w9,f6_w9,f4_w9",0.3971543409668192,0.2099683045245193,0.35378711499708065,0.2921701887045595,relevance_minus_redundancy,,
8,"f1_w9,f5_w9,f7_w9,f8_w9,f9_w9,f6_w9,f10_w9,f4_w9",0.47419539722975446,0.3640976380716477,0.8965767878896765,0.29214657819393064,relevance_minus_redundancy,,
6,"f3_w9,f7_w9,f8_w9,f9_w9,f2_w9,f4_w9",0.44825910250872725,0.31239087959408657,0.8965767878896765,0.29206366271168394,relevance_minus_redundancy,,
6,"f1_w9,f3_w9,f6_w9,f10_w9,f2_w9,f4_w9",0.36530815308926606,0.14655649057649142,0.7940016895008435,0.29202990780102034,relevance_minus_redundancy,,
7,"f1_w9,f5_w9,f7_w9,f9_w9,f6_w9,f2_w9,f4_w9",0.449286453233083,0.3145820729337754,0.8277570139881301,0.29199541676619534,relevance_minus_redundancy,,
7,"f1_w9,f5_w9,f7_w9,f8_w9,f9_w9,f6_w9,f4_w9",0.5123358750033999,0.44208393736210205,0.8965767878896765,0.2912939063223489,relevance_minus_redundancy,,
5,"f5_w9,f3_w9,f9_w9,f6_w9,f4_w9",0.4329389531086987,0.28358025217328214,0.651642574178619,0.2911488270220576,relevance_minus_redundancy,,
4,"f7_w9,f8_w9,f10_w9,f2_w9",0.4131764528743689,0.24425524722276815,0.8965767878896765,0.2910488292629848,relevance_minus_redundancy,,
6,"f1_w9,f7_w9,f8_w9,f9_w9,f6_w9,f2_w9",0.4938944958849234,0.4070794620185013,0.8965767878896765,0.29035476487567274,relevance_minus_redundancy,,
5,"f3_w9,f7_w9,f10_w9,f2_w9,f4_w9",0.3653461017110386,0.1500638585963896,0.49624414012729073,0.2903141724128438,relevance_minus_redundancy,,
7,"f1_w9,f3_w9,f9_w9,f6_w9,f10_w9,f2_w9,f4_w9",0.3800730557047639,0.17967202504589874,0.7940016895008435,0.29023704318181454,relevance_minus_redundancy,,
5,"f1_w9,f8_w9,f6_w9,f2_w9,f4_w9",0.37696708714144356,0.1739838005740767,0.7105280196185103,0.2899751868544052,relevance_minus_redundancy,,
5,"f3_w9,f7_w9,f6_w9,f10_w9,f4_w9",0.375709612803201,0.17167682102923149,0.49624414012729073,0.2898712022885852,relevance_minus_redundancy,,
7,"f1_w9,f5_w9,f8_w9,f9_w9,f6_w9,f10_w9,f4_w9",0.44421012036998414,0.3099780682469512,0.7183173798350433,0.28922108624650855,relevance_minus_redundancy,,
4,"f1_w9,f9_w9,f6_w9,f4_w9",0.39802412091746925,0.2177301337552586,0.5085062590152825,0.28915905403983994,relevance_minus_redundancy,,
5,"f3_w9,f8_w9,f9_w9,f2_w9,f4_w9",0.40109245596084325,0.2240348302259775,0.7183173798350433,0.2890750408478545,relevance_minus_redundancy,,
4,"f1_w9,f9_w9,f2_w9,f4_w9",0.3850697320522663,0.19201480587746855,0.5085062590152825,0.289062329113532,relevance_minus_redundancy,,
6,"f3_w9,f7_w9,f8_w9,f6_w9,f10_w9,f4_w9",0.41332029198827663,0.24859796352458366,0.8965767878896765,0.2890213102259848,relevance_minus_redundancy,,
5,"f3_w9,f7_w9,f9_w9,f6_w9,f4_w9",0.42799969651990394,0.27799545553169025,0.7772026976830633,0.2890019687540588,relevance_minus_redundancy,,
6,"f1_w9,f7_w9,f9_w9,f10_w9,f2_w9,f4_w9",0.4052638860452414,0.23260996559019256,0.8277570139881301,0.2889589032501451,relevance_minus_redundancy,,
5,"f5_w9,f8_w9,f9_w9,f10_w9,f2_w9",0.42921291316784016,0.2808437562537843,0.7183173798350433,0.288791035040948,relevance_minus_redundancy,,
7,"f3_w9,f7_w9,f8_w9,f9_w9,f6_w9,f10_w9,f2_w9",0.4334840988293247,0.28981315104099753,0.8965767878896765,0.2885775233088259,relevance_minus_redundancy,,
8,"f5_w9,f3_w9,f7_w9,f8_w9,f6_w9,f10_w9,f2_w9,f4_w9",0.4185922632054021,0.26058573352792125,0.8965767878896765,0.2882993964414415,relevance_minus_redundancy,,
7,"f1_w9,f5_w9,f8_w9,f6_w9,f10_w9,f2_w9,f4_w9",0.4001194438162249,0.22400156537701027,0.7105280196185103,0.2881186611277198,relevance_minus_redundancy,,
8,"f1_w9,f5_w9,f7_w9,f8_w9,f9_w9,f6_w9,f2_w9,f4_w9",0.4682973575681545,0.36076729340730945,0.8965767878896765,0.2879137108644998,relevance_minus_redundancy,,
7,"f1_w9,f7_w9,f8_w9,f9_w9,f6_w9,f10_w9,f2_w9",0.4529398611605395,0.33020034778405644,0.8965767878896765,0.2878396872685113,relevance_minus_redundancy,,
6,"f5_w9,f3_w9,f8_w9,f6_w9,f10_w9,f4_w9",0.4174363391456055,0.2593718610979489,0.651642574178619,0.28775040859663104,relevance_minus_redundancy,,
5,"f5_w9,f7_w9,f8_w9,f6_w9,f2_w9",0.4732255335715216,0.37106908981393644,0.8965767878896765,0.28769098866455334,relevance_minus_redundancy,,
4,"f5_w9,f8_w9,f2_w9,f4_w9",0.386103327167697,0.1969599783925817,0.552684668907908,0.28762333797140616,relevance_minus_redundancy,,
4,"f1_w9,f6_w9,f10_w9,f4_w9",0.33266151627159046,0.09012539673185747,0.20629680749542753,0.2875988179056617,relevance_minus_redundancy,,
6,"f3_w9,f7_w9,f9_w9,f6_w9,f10_w9,f2_w9",0.4055025006486029,0.23589104813545042,0.7772026976830633,0.28755697658087764,relevance_minus_redundancy,,
7,"f3_w9,f7_w9,f8_w9,f9_w9,f10_w9,f2_w9,f4_w9",0.41382380969522853,0.25278282533474156,0.8965767878896765,0.2874323970278577,relevance_minus_redundancy,,
5,"f3_w9,f8_w9,f6_w9,f10_w9,f2_w9",0.3763267770318749,0.17781664419432047,0.35378711499708065,0.28741845493471463,relevance_minus_redundancy,,
4,"f1_w9,f6_w9,f2_w9,f4_w9",0.3208654369483906,0.0686926930963358,0.15256555900675295,0.2865190904002227,relevance_minus_redundancy,,
6,"f3_w9,f7_w9,f9_w9,f10_w9,f2_w9,f4_w9",0.38256549665882406,0.19252033705922011,0.7772026976830633,0.286305328129214,relevance_minus_redundancy,,
5,"f1_w9,f7_w9,f9_w9,f6_w9,f4_w9",0.4552377637836048,0.3382477572687733,0.8277570139881301,0.28611388514921815,relevance_minus_redundancy,,
5,"f1_w9,f8_w9,f9_w9,f2_w9,f4_w9",0.4283305232245441,0.284671661309515,0.7183173798350433,0.2859946925697866,relevance_minus_redundancy,,
5,"f1_w9,f8_w9,f6_w9,f10_w9,f4_w9",0.38640395060000343,0.20131177396993385,0.7105280196185103,0.2857480636150365,relevance_minus_redundancy,,
8,"f5_w9,f3_w9,f7_w9,f8_w9,f9_w9,f6_w9,f2_w9,f4_w9",0.4512735655283415,0.33120316167859026,0.8965767878896765,0.2856719846890464,relevance_minus_redundancy,,
7,"f5_w9,f3_w9,f8_w9,f9_w9,f6_w9,f10_w9,f4_w9",0.42475435803876926,0.2782789195299241,0.7183173798350433,0.2856148982738072,relevance_minus_redundancy,,
8,"f1_w9,f5_w9,f7_w9,f9_w9,f6_w9,f10_w9,f2_w9,f4_w9",0.41902715318072714,0.2669092130048422,0.8277570139881301,0.285572546678306,relevance_minus_redundancy,,
7,"f1_w9,f5_w9,f8_w9,f9_w9,f6_w9,f2_w9,f4_w9",0.43746950361386994,0.3039887113453221,0.7183173798350433,0.2854751479412089,relevance_minus_redundancy,,
4,"f5_w9,f7_w9,f6_w9,f2_w9",0.4411884949859882,0.3114284815461793,0.6293527412706708,0.28547425421289857,relevance_minus_redundancy,,
6,"f5_w9,f7_w9,f8_w9,f10_w9,f2_w9,f4_w9",0.4059529494555285,0.2413561969707981,0.8965767878896765,0.28527485097012945,relevance_minus_redundancy,,
6,"f5_w9,f3_w9,f8_w9,f6_w9,f2_w9,f4_w9",0.4095722862634723,0.24902875824804216,0.651642574178619,0.2850579071394512,relevance_minus_redundancy,,
9,"f1_w9,f5_w9,f7_w9,f8_w9,f9_w9,f6_w9,f10_w9,f2_w9,f4_w9",0.4392878792621636,0.3098580350826015,0.8965767878896765,0.2843588617208629,relevance_minus_redundancy,,
7,"f1_w9,f7_w9,f8_w9,f9_w9,f10_w9,f2_w9,f4_w9",0.43327957202644335,0.29840593641026614,0.8965767878896765,0.2840766038213103,relevance_minus_redundancy,,
4,"f3_w9,f9_w9,f6_w9,f2_w9",0.3854276539573086,0.2027070876266656,0.456295136059878,0.2840741101439758,relevance_minus_redundancy,,
6,"f1_w9,f5_w9,f9_w9,f6_w9,f2_w9,f4_w9",0.41015213956390567,0.25233860282307075,0.6693695012149643,0.2839828381523703,relevance_minus_redundancy,,
4,"f5_w9,f3_w9,f6_w9,f4_w9",0.42400807353643544,0.2803463246892853,0.651642574178619,0.2838349111917928,relevance_minus_redundancy,,
6,"f1_w9,f7_w9,f9_w9,f6_w9,f10_w9,f4_w9",0.41390014528871005,0.2601966789987701,0.8277570139881301,0.283801805789325,relevance_minus_redundancy,,
5,"f5_w9,f3_w9,f10_w9,f2_w9,f4_w9",0.3702853582998333,0.17303790388551843,0.651642574178619,0.28376640635707406,relevance_minus_redundancy,,
7,"f5_w9,f3_w9,f7_w9,f9_w9,f6_w9,f2_w9,f4_w9",0.42983069090186815,0.29215089275364636,0.7772026976830633,0.28375524452504497,relevance_minus_redundancy,,
6,"f1_w9,f8_w9,f9_w9,f6_w9,f10_w9,f2_w9",0.414414448812605,0.2614977948129634,0.7183173798350433,0.28366555140612326,relevance_minus_redundancy,,
6,"f5_w9,f7_w9,f8_w9,f9_w9,f10_w9,f4_w9",0.45739207210158095,0.3476938198340735,0.8965767878896765,0.2835451621845442,relevance_minus_redundancy,,
6,"f3_w9,f7_w9,f8_w9,f6_w9,f2_w9,f4_w9",0.4054562391061434,0.243841058117146,0.8965767878896765,0.28353571004757044,relevance_minus_redundancy,,
6,"f1_w9,f7_w9,f8_w9,f9_w9,f2_w9,f4_w9",0.4709574918951445,0.3749162919071676,0.8965767878896765,0.28349934594156073,relevance_minus_redundancy,,
5,"f1_w9,f7_w9,f8_w9,f9_w9,f4_w9",0.533143443169886,0.4993737488621527,0.8965767878896765,0.2834565687388097,relevance_minus_redundancy,,
4,"f5_w9,f9_w9,f10_w9,f4_w9",0.36472160236192097,0.1646404516306265,0.44870990207858913,0.28240137654660774,relevance_minus_redundancy,,
6,"f1_w9,f7_w9,f6_w9,f10_w9,f2_w9,f4_w9",0.36246102264265767,0.16056094980808658,0.8277570139881301,0.2821805477386144,relevance_minus_redundancy,,
4,"f5_w9,f8_w9,f9_w9,f4_w9",0.4632620111367757,0.36275215323298426,0.7183173798350433,0.28188593452028354,relevance_minus_redundancy,,
6,"f3_w9,f7_w9,f9_w9,f6_w9,f10_w9,f4_w9",0.39120175590229267,0.21868153464806125,0.7772026976830633,0.28186098857826203,relevance_minus_redundancy,,
5,"f1_w9,f7_w9,f8_w9,f9_w9,f6_w9",0.5606678479576207,0.5576151595079384,0.8965767878896765,0.2818602682036515,relevance_minus_redundancy,,
7,"f1_w9,f7_w9,f8_w9,f6_w9,f10_w9,f2_w9,f4_w9",0.39659140339565724,0.22946873796268635,0.8965767878896765,0.2818570344143141,relevance_minus_redundancy,,
6,"f5_w9,f3_w9,f9_w9,f6_w9,f10_w9,f2_w9",0.4096185478059318,0.2557950019054039,0.651642574178619,0.28172104685322985,relevance_minus_redundancy,,
4,"f5_w9,f7_w9,f6_w9,f10_w9",0.4529845743091881,0.34315902761511946,0.6293527412706708,0.2814050605016284,relevance_minus_redundancy,,
5,"f1_w9,f9_w9,f6_w9,f10_w9,f2_w9",0.377022600992395,0.1914592355633507,0.5085062590152825,0.2812929832107196,relevance_minus_redundancy,,
9,"f5_w9,f3_w9,f7_w9,f8_w9,f9_w9,f6_w9,f10_w9,f2_w9,f4_w9",0.42415561967121873,0.2863024840744364,0.8965767878896765,0.28100437763400055,relevance_minus_redundancy,,
5,"f5_w9,f7_w9,f10_w9,f2_w9,f4_w9",0.36686880176390324,0.17191285043449148,0.6293527412706708,0.2809123765466575,relevance_minus_redundancy,,
7,"f5_w9,f3_w9,f7_w9,f6_w9,f10_w9,f2_w9,f4_w9",0.3924806311042231,0.22333464401905712,0.651642574178619,0.28081330909469454,relevance_minus_redundancy,,
4,"f5_w9,f7_w9,f8_w9,f9_w9",0.6157292781879184,0.6704740296108253,0.8965767878896765,0.2804922633825058,relevance_minus_redundancy,,
5,"f5_w9,f7_w9,f8_w9,f6_w9,f10_w9",0.48266239703008146,0.4045757686698447,0.8965767878896765,0.2803745126951591,relevance_minus_redundancy,,
6,"f5_w9,f3_w9,f9_w9,f6_w9,f10_w9,f4_w9",0.3953178030596216,0.2304820537799128,0.651642574178619,0.2800767761696652,relevance_minus_redundancy,,
3,"f5_w9,f10_w9,f4_w9",0.3300746460166441,0.10033376728324538,0.20432795406548496,0.2799077623750214,relevance_minus_redundancy,,
3,"f3_w9,f10_w9,f2_w9",0.35613830208782354,0.1527773478363529,0.20739381447996116,0.2797496281696471,relevance_minus_redundancy,,
6,"f3_w9,f7_w9,f8_w9,f9_w9,f6_w9,f4_w9",0.45689536175219586,0.35495350417904653,0.8965767878896765,0.2794186096626726,relevance_minus_redundancy,,
6,"f1_w9,f5_w9,f6_w9,f10_w9,f2_w9,f4_w9",0.36657706979998655,0.1758330494535913,0.6693695012149643,0.27866054507319094,relevance_minus_redundancy,,
5,"f5_w9,f8_w9,f9_w9,f10_w9,f4_w9",0.41205201947226777,0.2669310649048936,0.7183173798350433,0.27858648701982097,relevance_minus_redundancy,,
6,"f3_w9,f8_w9,f9_w9,f6_w9,f10_w9,f2_w9",0.39171605942618765,0.22705657763007023,0.7183173798350433,0.2781877706111525,relevance_minus_redundancy,,
4,"f1_w9,f10_w9,f2_w9,f4_w9",0.3197071274063875,0.08314763521669565,0.14243386616699769,0.2781333097980397,relevance_minus_redundancy,,
7,"f3_w9,f7_w9,f8_w9,f9_w9,f6_w9,f10_w9,f4_w9",0.4212263176182017,0.2862257924824953,0.8965767878896765,0.27811342137695405,relevance_minus_redundancy,,
4,"f1_w9,f7_w9,f8_w9,f9_w9",0.6478734872014636,0.7398146930049511,0.8965767878896765,0.2779661406989881,relevance_minus_redundancy,,
6,"f1_w9,f8_w9,f9_w9,f10_w9,f2_w9,f4_w9",0.39147744482282615,0.2270885843733063,0.7183173798350433,0.277933152636173,relevance_minus_redundancy,,
3,"f7_w9,f10_w9,f4_w9",0.32184255170198633,0.08800871397819793,0.15979628811512475,0.2778381947128874,relevance_minus_redundancy,,
7,"f5_w9,f3_w9,f8_w9,f9_w9,f6_w9,f2_w9,f4_w9",0.41801374128265506,0.2803561963670698,0.7183173798350433,0.2778356430991201,relevance_minus_redundancy,,
6,"f5_w9,f7_w9,f8_w9,f6_w9,f10_w9,f2_w9",0.4288899534453074,0.30220588496090617,0.8965767878896765,0.2777870109648543,relevance_minus_redundancy,,
4,"f3_w9,f9_w9,f6_w9,f4_w9",0.36397653683784326,0.17256177650359347,0.456295136059878,0.2776956485860465,relevance_minus_redundancy,,
8,"f1_w9,f5_w9,f8_w9,f9_w9,f6_w9,f10_w9,f2_w9,f4_w9",0.4086873222639157,0.26264285186846864,0.7183173798350433,0.27736589632968134,relevance_minus_redundancy,,
8,"f5_w9,f3_w9,f7_w9,f9_w9,f6_w9,f10_w9,f2_w9,f4_w9",0.4020033611409142,0.24936425115939542,0.7772026976830633,0.27732123556121646,relevance_minus_redundancy,,
5,"f3_w9,f8_w9,f9_w9,f6_w9,f4_w9",0.41145596705300563,0.268314187850068,0.7183173798350433,0.27729887312797163,relevance_minus_redundancy,,
4,"f5_w9,f9_w9,f10_w9,f2_w9",0.3861727194813863,0.21829629930915975,0.44870990207858913,0.27702456982680645,relevance_minus_redundancy,,
5,"f3_w9,f7_w9,f6_w9,f2_w9,f4_w9",0.36627274934464105,0.17900981413261913,0.49624414012729073,0.2767678422783315,relevance_minus_redundancy,,
5,"f3_w9,f8_w9,f10_w9,f2_w9,f4_w9",0.3488023722441403,0.14514751547980323,0.35378711499708065,0.2762286145042387,relevance_minus_redundancy,,
6,"f3_w9,f8_w9,f9_w9,f10_w9,f2_w9,f4_w9",0.3687790554364088,0.18531708712496117,0.7183173798350433,0.2761205118739282,relevance_minus_redundancy,,
4,"f3_w9,f9_w9,f2_w9,f4_w9",0.3510221479726403,0.15041023817514435,0.280006796555679,0.27581702888506815,relevance_minus_redundancy,,
5,"f5_w9,f7_w9,f8_w9,f9_w9,f4_w9",0.5074280759590499,0.46394414343564405,0.8965767878896765,0.2754560042412279,relevance_minus_redundancy,,
3,"f5_w9,f10_w9,f2_w9",0.35867613550926464,0.16660788566455673,0.20432795406548496,0.27537219267698626,relevance_minus_redundancy,,
3,"f7_w9,f6_w9,f2_w9",0.3519884539172775,0.15389618408652603,0.311340770369863,0.2750403618740145,relevance_minus_redundancy,,
7,"f1_w9,f7_w9,f8_w9,f9_w9,f6_w9,f10_w9,f4_w9",0.4406820799494165,0.3328671291435459,0.8965767878896765,0.27424851537764355,relevance_minus_redundancy,,
3,"f5_w9,f7_w9,f6_w9",0.5349087481408387,0.5217204235420577,0.6293527412706708,0.2740485363698098,relevance_minus_redundancy,,
4,"f5_w9,f8_w9,f6_w9,f2_w9",0.4205088331523653,0.2929542701287973,0.6244677589856393,0.2740316980879667,relevance_minus_redundancy,,
3,"f3_w9,f6_w9,f4_w9",0.3290812253178738,0.11011866250101328,0.15256555900675295,0.27402189406736716,relevance_minus_redundancy,,
5,"f5_w9,f3_w9,f6_w9,f10_w9,f2_w9",0.39780976308756794,0.24788502838296633,0.651642574178619,0.27386724889608477,relevance_minus_redundancy,,
5,"f1_w9,f9_w9,f10_w9,f2_w9,f4_w9",0.3494981962046603,0.1525530372726569,0.5085062590152825,0.2732216775683319,relevance_minus_redundancy,,
5,"f1_w9,f8_w9,f9_w9,f6_w9,f4_w9",0.43869403431670645,0.3310892926632101,0.7183173798350433,0.2731493879851014,relevance_minus_redundancy,,
5,"f1_w9,f9_w9,f6_w9,f10_w9,f4_w9",0.3598617072968227,0.17436852813217388,0.5085062590152825,0.2726774432307358,relevance_minus_redundancy,,
5,"f5_w9,f7_w9,f9_w9,f2_w9,f4_w9",0.41915888548060626,0.2930950292238708,0.7772026976830633,0.2726113708686708,relevance_minus_redundancy,,
6,"f1_w9,f7_w9,f9_w9,f6_w9,f2_w9,f4_w9",0.40603609240657684,0.2670433442553212,0.8277570139881301,0.27251442027891626,relevance_minus_redundancy,,
7,"f1_w9,f5_w9,f9_w9,f6_w9,f10_w9,f2_w9,f4_w9",0.3811606985996672,0.21757834958898717,0.6693695012149643,0.27237152380517365,relevance_minus_redundancy,,
7,"f3_w9,f7_w9,f8_w9,f6_w9,f10_w9,f2_w9,f4_w9",0.3771356410644424,0.20977387510208909,0.8965767878896765,0.27224870351339786,relevance_minus_redundancy,,
4,"f5_w9,f7_w9,f8_w9,f6_w9",0.5515249830840427,0.5609656960985359,0.8965767878896765,0.2710421350347748,relevance_minus_redundancy,,
7,"f5_w9,f3_w9,f8_w9,f6_w9,f10_w9,f2_w9,f4_w9",0.38066368148501,0.21924889046043655,0.651642574178619,0.27103923625479176,relevance_minus_redundancy,,
6,"f5_w9,f7_w9,f8_w9,f9_w9,f2_w9,f4_w9",0.44952801921944774,0.35762076714987473,0.8965767878896765,0.27071763564451035,relevance_minus_redundancy,,
6,"f1_w9,f7_w9,f8_w9,f9_w9,f6_w9,f4_w9",0.4795937511386132,0.4189044323118639,0.8965767878896765,0.27014153498268123,relevance_minus_redundancy,,
7,"f5_w9,f7_w9,f8_w9,f9_w9,f10_w9,f2_w9,f4_w9",0.4149114525901318,0.28965291602713233,0.8965767878896765,0.27008499457656565,relevance_minus_redundancy,,
5,"f3_w9,f8_w9,f6_w9,f10_w9,f4_w9",0.3591658833363026,0.1781843332863169,0.35378711499708065,0.2700737166931442,relevance_minus_redundancy,,
8,"f5_w9,f3_w9,f8_w9,f9_w9,f6_w9,f10_w9,f2_w9,f4_w9",0.3916635302241027,0.24419688892442926,0.7183173798350433,0.2695650857618881,relevance_minus_redundancy,,
5,"f5_w9,f3_w9,f6_w9,f10_w9,f4_w9",0.38064886939199566,0.2222268792874562,0.651642574178619,0.26953542974826755,relevance_minus_redundancy,,
5,"f5_w9,f7_w9,f6_w9,f10_w9,f2_w9",0.3943932065516379,0.2504797650508617,0.6293527412706708,0.26915332402620706,relevance_minus_redundancy,,
6,"f1_w9,f8_w9,f9_w9,f6_w9,f10_w9,f4_w9",0.40011370406629476,0.2622912013643317,0.7183173798350433,0.2689681033841289,relevance_minus_redundancy,,
7,"f1_w9,f7_w9,f8_w9,f9_w9,f6_w9,f2_w9,f4_w9",0.4339414631933023,0.3308679132722519,0.8965767878896765,0.26850750655717637,relevance_minus_redundancy,,
4,"f7_w9,f8_w9,f6_w9,f2_w9",0.41433476241637196,0.29185398203565976,0.8965767878896765,0.2684077713985421,relevance_minus_redundancy,,
6,"f5_w9,f7_w9,f9_w9,f10_w9,f2_w9,f4_w9",0.3838344133695446,0.23087862710117868,0.7772026976830633,0.26839509981895526,relevance_minus_redundancy,,
7,"f3_w9,f7_w9,f8_w9,f9_w9,f6_w9,f2_w9,f4_w9",0.41448570086208747,0.292293210349976,0.8965767878896765,0.26833909568709946,relevance_minus_redundancy,,
6,"f3_w9,f8_w9,f9_w9,f6_w9,f10_w9,f4_w9",0.3774153146798774,0.21909418829625021,0.7183173798350433,0.2678682205317523,relevance_minus_redundancy,,
6,"f1_w9,f8_w9,f6_w9,f10_w9,f2_w9,f4_w9",0.3486745814202424,0.16163396836757463,0.7105280196185103,0.2678575972364551,relevance_minus_redundancy,,
3,"f7_w9,f6_w9,f10_w9",0.367716559681544,0.20026857045630722,0.311340770369863,0.2675822744533904,relevance_minus_redundancy,,
7,"f1_w9,f7_w9,f9_w9,f6_w9,f10_w9,f2_w9,f4_w9",0.3776326581790996,0.22231222106145876,0.8277570139881301,0.2664765476483702,relevance_minus_redundancy,,
8,"f1_w9,f7_w9,f8_w9,f9_w9,f6_w9,f10_w9,f2_w9,f4_w9",0.40560028689591904,0.2784751168650283,0.8965767878896765,0.2663627284634049,relevance_minus_redundancy,,
6,"f5_w9,f3_w9,f9_w9,f6_w9,f2_w9,f4_w9",0.3874537501774884,0.2430358088282794,0.651642574178619,0.2659358457633487,relevance_minus_redundancy,,
5,"f3_w9,f8_w9,f6_w9,f2_w9,f4_w9",0.34972901987774274,0.16779629074188657,0.35378711499708065,0.26583087450679943,relevance_minus_redundancy,,
5,"f5_w9,f7_w9,f9_w9,f6_w9,f10_w9",0.45612015372690073,0.3822399341739267,0.7772026976830633,0.2650001866399374,relevance_minus_redundancy,,
6,"f3_w9,f7_w9,f9_w9,f6_w9,f2_w9,f4_w9",0.38333770302015946,0.23682148713889697,0.7772026976830633,0.264926959450711,relevance_minus_redundancy,,
8,"f3_w9,f7_w9,f8_w9,f9_w9,f6_w9,f10_w9,f2_w9,f4_w9",0.388576494856106,0.24882251296297137,0.8965767878896765,0.26416523837462036,relevance_minus_redundancy,,
6,"f1_w9,f8_w9,f9_w9,f6_w9,f2_w9,f4_w9",0.39224965118416155,0.2573238428556709,0.7183173798350433,0.2635877297563261,relevance_minus_redundancy,,
5,"f5_w9,f8_w9,f10_w9,f2_w9,f4_w9",0.35032507229700494,0.17357540259464982,0.552684668907908,0.26353737099968,relevance_minus_redundancy,,
5,"f5_w9,f8_w9,f9_w9,f2_w9,f4_w9",0.40261515601370795,0.2785688014453216,0.7183173798350433,0.26333075529104716,relevance_minus_redundancy,,
6,"f5_w9,f7_w9,f8_w9,f9_w9,f6_w9,f10_w9",0.48032907609135983,0.43516801617213596,0.8965767878896765,0.26274506800529185,relevance_minus_redundancy,,
5,"f3_w9,f9_w9,f6_w9,f10_w9,f2_w9",0.34978453372869417,0.1754715002511539,0.456295136059878,0.26204878360311723,relevance_minus_redundancy,,
4,"f7_w9,f8_w9,f9_w9,f10_w9",0.4903351368434475,0.45711217569685364,0.8965767878896765,0.2617790489950207,relevance_minus_redundancy,,
3,"f8_w9,f9_w9,f10_w9",0.42574940404188105,0.32857514503491697,0.7183173798350433,0.2614618315244226,relevance_minus_redundancy,,
6,"f3_w9,f7_w9,f6_w9,f10_w9,f2_w9,f4_w9",0.3397626332562403,0.15677086877801238,0.49624414012729073,0.2613771988672341,relevance_minus_redundancy,,
3,"f8_w9,f10_w9,f2_w9",0.3228711587497763,0.1233638613689772,0.18617061504268748,0.26118922806528766,relevance_minus_redundancy,,
7,"f5_w9,f7_w9,f8_w9,f9_w9,f6_w9,f10_w9,f2_w9",0.43457174172422797,0.3473741727072793,0.8965767878896765,0.2608846553705883,relevance_minus_redundancy,,
4,"f7_w9,f8_w9,f10_w9,f4_w9",0.39172533575490354,0.2618448033910826,0.8965767878896765,0.2608029340593622,relevance_minus_redundancy,,
5,"f5_w9,f3_w9,f6_w9,f2_w9,f4_w9",0.37121200593343573,0.2211805762271403,0.651642574178619,0.2606217178198656,relevance_minus_redundancy,,
5,"f3_w9,f9_w9,f6_w9,f10_w9,f4_w9",0.3326236400331219,0.14524709899219462,0.456295136059878,0.26000009053702455,relevance_minus_redundancy,,
5,"f1_w9,f9_w9,f6_w9,f2_w9,f4_w9",0.3504248438382628,0.18138584158372678,0.5085062590152825,0.25973192304639936,relevance_minus_redundancy,,
5,"f3_w9,f9_w9,f10_w9,f2_w9,f4_w9",0.32226012894095957,0.12556988186228216,0.280006796555679,0.2594751880098185,relevance_minus_redundancy,,
6,"f5_w9,f7_w9,f8_w9,f9_w9,f6_w9,f2_w9",0.4724650232092266,0.42608152069010774,0.8965767878896765,0.25942426286417275,relevance_minus_redundancy,,
6,"f5_w9,f7_w9,f8_w9,f6_w9,f10_w9,f4_w9",0.4145892086989971,0.31193921047227424,0.8965767878896765,0.25861960346286,relevance_minus_redundancy,,
7,"f3_w9,f7_w9,f9_w9,f6_w9,f10_w9,f2_w9,f4_w9",0.3581768958478847,0.1997630779835461,0.7772026976830633,0.25829535685611166,relevance_minus_redundancy,,
5,"f7_w9,f8_w9,f9_w9,f10_w9,f2_w9",0.4242736565790454,0.3322295797637415,0.8965767878896765,0.2581588666971747,relevance_minus_redundancy,,
6,"f5_w9,f7_w9,f8_w9,f6_w9,f2_w9,f4_w9",0.4067251558168639,0.2971719338033593,0.8965767878896765,0.2581391889151843,relevance_minus_redundancy,,
5,"f5_w9,f7_w9,f8_w9,f6_w9,f4_w9",0.4560646398759493,0.39780629266610446,0.8965767878896765,0.2571614935428971,relevance_minus_redundancy,,
4,"f5_w9,f7_w9,f6_w9,f4_w9",0.4197373778665229,0.32552245753607734,0.6293527412706708,0.2569761490984842,relevance_minus_redundancy,,
6,"f3_w9,f8_w9,f9_w9,f6_w9,f2_w9,f4_w9",0.36955126179774417,0.22542011702187395,0.7183173798350433,0.2568412032868072,relevance_minus_redundancy,,
7,"f5_w9,f3_w9,f9_w9,f6_w9,f10_w9,f2_w9,f4_w9",0.3617049362684524,0.20997139445509802,0.651642574178619,0.2567192390409034,relevance_minus_redundancy,,
4,"f7_w9,f9_w9,f10_w9,f2_w9",0.37999864874539296,0.24662398532879348,0.7772026976830633,0.2566866560809962,relevance_minus_redundancy,,
4,"f7_w9,f8_w9,f6_w9,f10_w9",0.42613084173957183,0.33915409391145723,0.8965767878896765,0.2565537947838432,relevance_minus_redundancy,,
6,"f5_w9,f8_w9,f9_w9,f10_w9,f2_w9,f4_w9",0.3700479721471294,0.22806130735141625,0.7183173798350433,0.2560173184714213,relevance_minus_redundancy,,
7,"f1_w9,f8_w9,f9_w9,f6_w9,f10_w9,f2_w9,f4_w9",0.3658157085598865,0.2202746001349969,0.7183173798350433,0.25567840849238804,relevance_minus_redundancy,,
4,"f5_w9,f8_w9,f6_w9,f10_w9",0.4323049124755652,0.35421987561076745,0.6244677589856393,0.2551949746701815,relevance_minus_redundancy,,
6,"f5_w9,f7_w9,f9_w9,f6_w9,f10_w9,f2_w9",0.4067714173593235,0.3032166415408564,0.7772026976830633,0.25516309658889524,relevance_minus_redundancy,,
5,"f5_w9,f7_w9,f9_w9,f6_w9,f2_w9",0.4466832902683409,0.38307854216542847,0.7772026976830633,0.2551440191856267,relevance_minus_redundancy,,
5,"f7_w9,f8_w9,f6_w9,f10_w9,f2_w9",0.37291022049594486,0.23691933144227026,0.8965767878896765,0.2544505547748097,relevance_minus_redundancy,,
5,"f5_w9,f7_w9,f6_w9,f10_w9,f4_w9",0.3772323128560656,0.2467989360596846,0.6293527412706708,0.2538328448262233,relevance_minus_redundancy,,
3,"f5_w9,f2_w9,f4_w9",0.3143465402523777,0.1210976076902659,0.15306183676118754,0.25379773640724473,relevance_minus_redundancy,,
3,"f8_w9,f6_w9,f2_w9",0.324415571472447,0.14250378537268307,0.35137144916745744,0.25316367878610546,relevance_minus_redundancy,,
5,"f5_w9,f8_w9,f6_w9,f10_w9,f2_w9",0.37784947708473954,0.2496954863543382,0.6244677589856393,0.2530017339075704,relevance_minus_redundancy,,
5,"f1_w9,f6_w9,f10_w9,f2_w9,f4_w9",0.29813476012155976,0.09106570633081798,0.20629680749542753,0.25260190695615076,relevance_minus_redundancy,,
3,"f5_w9,f8_w9,f6_w9",0.5073358656960081,0.5095079590203349,0.6244677589856393,0.25258188618584065,relevance_minus_redundancy,,
7,"f5_w9,f7_w9,f8_w9,f6_w9,f10_w9,f2_w9,f4_w9",0.3782232839593457,0.2524303858876407,0.8965767878896765,0.25200809101552535,relevance_minus_redundancy,,
4,"f7_w9,f9_w9,f10_w9,f4_w9",0.3585475316259276,0.21322672424551511,0.7772026976830633,0.25193416950317005,relevance_minus_redundancy,,
4,"f3_w9,f6_w9,f10_w9,f2_w9",0.3200650493114298,0.1408916933064554,0.20739381447996116,0.24961920265820212,relevance_minus_redundancy,,
3,"f3_w9,f2_w9,f4_w9",0.3118087068309366,0.12457836567884806,0.20739381447996116,0.24951952399151256,relevance_minus_redundancy,,
4,"f7_w9,f8_w9,f2_w9,f4_w9",0.37992925643170367,0.2620782985098587,0.8965767878896765,0.24889010717677432,relevance_minus_redundancy,,
4,"f5_w9,f9_w9,f2_w9,f4_w9",0.3529255230387211,0.2081505978889132,0.44870990207858913,0.2488502240942645,relevance_minus_redundancy,,
5,"f5_w9,f7_w9,f6_w9,f2_w9,f4_w9",0.3677954493975057,0.2391163722708564,0.6293527412706708,0.2482372632620775,relevance_minus_redundancy,,
7,"f3_w9,f8_w9,f9_w9,f6_w9,f10_w9,f2_w9,f4_w9",0.3463599462286716,0.19652412225896093,0.7183173798350433,0.24809788509919115,relevance_minus_redundancy,,
5,"f5_w9,f8_w9,f9_w9,f6_w9,f10_w9",0.43957642426000243,0.3829879111865135,0.7183173798350433,0.2480824686667457,relevance_minus_redundancy,,
7,"f5_w9,f7_w9,f8_w9,f9_w9,f6_w9,f10_w9,f4_w9",0.42231396051310494,0.3484640370760057,0.8965767878896765,0.24808194197510208,relevance_minus_redundancy,,
6,"f3_w9,f8_w9,f6_w9,f10_w9,f2_w9,f4_w9",0.32597619203382505,0.15616201862012777,0.35378711499708065,0.24789518272376115,relevance_minus_redundancy,,
4,"f5_w9,f7_w9,f9_w9,f6_w9",0.5183471789550669,0.5412281677412839,0.7772026976830633,0.24773309508442493,relevance_minus_redundancy,,
6,"f5_w9,f3_w9,f6_w9,f10_w9,f2_w9,f4_w9",0.34387868041356917,0.19296203154515004,0.651642574178619,0.24739766464099416,relevance_minus_redundancy,,
5,"f5_w9,f8_w9,f9_w9,f6_w9,f2_w9",0.43013956080144256,0.3661054835301973,0.7183173798350433,0.2470868190363439,relevance_minus_redundancy,,
6,"f1_w9,f9_w9,f6_w9,f10_w9,f2_w9,f4_w9",0.3265560453342584,0.1595731173862969,0.5085062590152825,0.24676948664110998,relevance_minus_redundancy,,
5,"f5_w9,f7_w9,f8_w9,f9_w9,f6_w9",0.5349524807467845,0.5766319292247789,0.8965767878896765,0.24663651613439502,relevance_minus_redundancy,,
6,"f5_w9,f7_w9,f9_w9,f6_w9,f10_w9,f4_w9",0.3924706726130132,0.2925552401515873,0.7772026976830633,0.24619305253721957,relevance_minus_redundancy,,
5,"f7_w9,f8_w9,f10_w9,f2_w9,f4_w9",0.34538581570821025,0.20053041260883067,0.8965767878896765,0.24512060940379493,relevance_minus_redundancy,,
6,"f5_w9,f8_w9,f9_w9,f6_w9,f10_w9,f2_w9",0.3929849761369082,0.2987681012199727,0.7183173798350433,0.24360092552692184,relevance_minus_redundancy,,
4,"f3_w9,f6_w9,f10_w9,f4_w9",0.29861393219196447,0.11103647969606752,0.20629680749542753,0.24309569234393072,relevance_minus_redundancy,,
4,"f7_w9,f8_w9,f9_w9,f2_w9",0.4785390575202476,0.47154762378284637,0.8965767878896765,0.24276524562882443,relevance_minus_redundancy,,
8,"f5_w9,f7_w9,f8_w9,f9_w9,f6_w9,f10_w9,f2_w9,f4_w9",0.38952818238914644,0.2935607686324338,0.8965767878896765,0.24274779807292954,relevance_minus_redundancy,,
3,"f7_w9,f9_w9,f2_w9",0.4375941807224451,0.3909681573583707,0.7772026976830633,0.24211010204325975,relevance_minus_redundancy,,
7,"f5_w9,f7_w9,f8_w9,f9_w9,f6_w9,f2_w9,f4_w9",0.41557334375699073,0.34738118975671695,0.8965767878896765,0.24188274887863226,relevance_minus_redundancy,,
5,"f7_w9,f8_w9,f9_w9,f10_w9,f4_w9",0.4071127628834731,0.3304720403720037,0.8965767878896765,0.24187674269747125,relevance_minus_redundancy,,
4,"f7_w9,f6_w9,f10_w9,f2_w9",0.31579435364151726,0.14893122657093907,0.311340770369863,0.24132874035604773,relevance_minus_redundancy,,
6,"f5_w9,f7_w9,f8_w9,f9_w9,f6_w9,f4_w9",0.45816427846291635,0.435698807196402,0.8965767878896765,0.24031487486471534,relevance_minus_redundancy,,
5,"f5_w9,f7_w9,f9_w9,f6_w9,f4_w9",0.42952239657276864,0.3792236546666408,0.7772026976830633,0.23991056923944823,relevance_minus_redundancy,,
3,"f7_w9,f8_w9,f4_w9",0.45322976340179255,0.4268894504947798,0.8965767878896765,0.23978503815440266,relevance_minus_redundancy,,
6,"f5_w9,f7_w9,f6_w9,f10_w9,f2_w9,f4_w9",0.3410315499669608,0.2032301469503962,0.6293527412706708,0.23941647649176268,relevance_minus_redundancy,,
3,"f7_w9,f8_w9,f6_w9",0.49910377138135026,0.5197630024756656,0.8965767878896765,0.23922227014351743,relevance_minus_redundancy,,
5,"f5_w9,f9_w9,f10_w9,f2_w9,f4_w9",0.32378282899382416,0.16979645681088198,0.44870990207858913,0.23888460058838318,relevance_minus_redundancy,,
5,"f3_w9,f9_w9,f6_w9,f2_w9,f4_w9",0.323186776574562,0.1692043432951743,0.456295136059878,0.23858460492697486,relevance_minus_redundancy,,
4,"f8_w9,f9_w9,f10_w9,f2_w9",0.35931898691177006,0.24160886678744567,0.7183173798350433,0.23851455351804723,relevance_minus_redundancy,,
3,"f7_w9,f2_w9,f4_w9",0.30611444593771986,0.13670354159756382,0.15979628811512475,0.23776267513893795,relevance_minus_redundancy,,
3,"f8_w9,f9_w9,f2_w9",0.4100212982776146,0.3466037597626563,0.7183173798350433,0.23671941839628644,relevance_minus_redundancy,,
4,"f5_w9,f8_w9,f9_w9,f6_w9",0.49766751712144397,0.5253077158390859,0.7183173798350433,0.23501365920190104,relevance_minus_redundancy,,
7,"f5_w9,f7_w9,f9_w9,f6_w9,f10_w9,f2_w9,f4_w9",0.3592645387427881,0.24994277345183735,0.7772026976830633,0.2342931520168694,relevance_minus_redundancy,,
6,"f5_w9,f7_w9,f9_w9,f6_w9,f2_w9,f4_w9",0.38460661973088,0.30068482138094577,0.7772026976830633,0.23426420904040712,relevance_minus_redundancy,,
5,"f5_w9,f8_w9,f6_w9,f2_w9,f4_w9",0.3512517199306074,0.2344817441568685,0.6244677589856393,0.23401084785217313,relevance_minus_redundancy,,
4,"f5_w9,f8_w9,f6_w9,f4_w9",0.39905771603289997,0.33016605650261815,0.6244677589856393,0.2339746877815909,relevance_minus_redundancy,,
4,"f7_w9,f9_w9,f6_w9,f10_w9",0.3929530376105959,0.3192568308898138,0.7772026976830633,0.233324622165689,relevance_minus_redundancy,,
6,"f7_w9,f8_w9,f9_w9,f6_w9,f10_w9,f2_w9",0.38886892897957925,0.3121501843188924,0.8965767878896765,0.23279383682013305,relevance_minus_redundancy,,
6,"f7_w9,f8_w9,f9_w9,f10_w9,f2_w9,f4_w9",0.3659319249898005,0.2679308337345017,0.8965767878896765,0.23196650812254963,relevance_minus_redundancy,,
4,"f3_w9,f10_w9,f2_w9,f4_w9",0.2856595433267616,0.1076225077302466,0.20739381447996116,0.23184828946163827,relevance_minus_redundancy,,
5,"f7_w9,f8_w9,f9_w9,f6_w9,f10_w9",0.4346371676712077,0.40679772172737483,0.8965767878896765,0.23123830680752028,relevance_minus_redundancy,,
2,"f8_w9,f6_w9",0.40660948944795194,0.35137144916745744,0.35137144916745744,0.23092376486422322,relevance_minus_redundancy,,
5,"f5_w9,f8_w9,f6_w9,f10_w9,f4_w9",0.36068858338916726,0.25988534359351473,0.6244677589856393,0.2307459115924099,relevance_minus_redundancy,,
4,"f5_w9,f9_w9,f6_w9,f10_w9",0.39912710834658927,0.3368891664853399,0.6244677589856393,0.23068252510391932,relevance_minus_redundancy,,
6,"f5_w9,f8_w9,f9_w9,f6_w9,f10_w9,f4_w9",0.378684231390598,0.29735382398427274,0.7183173798350433,0.2300073193984616,relevance_minus_redundancy,,
6,"f3_w9,f9_w9,f6_w9,f10_w9,f2_w9,f4_w9",0.3038576559478411,0.15010517533460843,0.456295136059878,0.22880506828053687,relevance_minus_redundancy,,
4,"f3_w9,f6_w9,f2_w9,f4_w9",0.2868178528687646,0.1178369941462572,0.20739381447996116,0.227899355795636,relevance_minus_redundancy,,
3,"f7_w9,f9_w9,f4_w9",0.4089926912298247,0.3646310171422005,0.7772026976830633,0.22667718265872444,relevance_minus_redundancy,,
4,"f7_w9,f10_w9,f2_w9,f4_w9",0.281388847656849,0.10946239079652637,0.15979628811512475,0.22665765225858583,relevance_minus_redundancy,,
4,"f5_w9,f10_w9,f2_w9,f4_w9",0.28756291839284237,0.12185272726985304,0.20432795406548496,0.22663655475791586,relevance_minus_redundancy,,
5,"f7_w9,f8_w9,f6_w9,f10_w9,f4_w9",0.3557493268003726,0.2592643406385997,0.8965767878896765,0.22611715648107272,relevance_minus_redundancy,,
5,"f7_w9,f8_w9,f9_w9,f6_w9,f2_w9",0.4252003042126479,0.3982945902347622,0.8965767878896765,0.22605300909526677,relevance_minus_redundancy,,
2,"f8_w9,f4_w9",0.3377984774786154,0.2242952754795381,0.2242952754795381,0.22565083973884636,relevance_minus_redundancy,,
5,"f7_w9,f8_w9,f6_w9,f2_w9,f4_w9",0.3463124633418127,0.24224003736565716,0.8965767878896765,0.22519244465898414,relevance_minus_redundancy,,
5,"f5_w9,f8_w9,f9_w9,f6_w9,f4_w9",0.4129786671058703,0.37612128226176333,0.7183173798350433,0.2249180259749886,relevance_minus_redundancy,,
3,"f5_w9,f6_w9,f2_w9",0.36022054823193533,0.27072746660005736,0.6244677589856393,0.22485681493190665,relevance_minus_redundancy,,
6,"f5_w9,f8_w9,f9_w9,f6_w9,f2_w9,f4_w9",0.37082017850846477,0.29366938144841914,0.7183173798350433,0.2239854877842552,relevance_minus_redundancy,,
6,"f5_w9,f8_w9,f6_w9,f10_w9,f2_w9,f4_w9",0.32724510874454554,0.20700722697700807,0.6244677589856393,0.2237414952560415,relevance_minus_redundancy,,
7,"f5_w9,f8_w9,f9_w9,f6_w9,f10_w9,f2_w9,f4_w9",0.347447589123575,0.24983662500189252,0.7183173798350433,0.22252927662262872,relevance_minus_redundancy,,
5,"f7_w9,f8_w9,f9_w9,f2_w9,f4_w9",0.3976758994249132,0.35048907307613525,0.8965767878896765,0.2224313628868456,relevance_minus_redundancy,,
3,"f8_w9,f10_w9,f4_w9",0.29426966925715575,0.14384253694602114,0.2242952754795381,0.2223484007841452,relevance_minus_redundancy,,
4,"f8_w9,f9_w9,f10_w9,f4_w9",0.3378678697923047,0.23132941608809007,0.7183173798350433,0.22220316174825966,relevance_minus_redundancy,,
5,"f7_w9,f9_w9,f6_w9,f10_w9,f2_w9",0.34636797719276413,0.24883294299512748,0.7772026976830633,0.2219515056952004,relevance_minus_redundancy,,
5,"f7_w9,f9_w9,f10_w9,f2_w9,f4_w9",0.3188435724050295,0.1952115344873334,0.7772026976830633,0.22123780516136277,relevance_minus_redundancy,,
6,"f7_w9,f8_w9,f6_w9,f10_w9,f2_w9,f4_w9",0.32312906158721666,0.20410210107874352,0.8965767878896765,0.2210780110478449,relevance_minus_redundancy,,
4,"f5_w9,f9_w9,f6_w9,f2_w9",0.3873310290233894,0.33286570574905305,0.6244677589856393,0.22089817614886287,relevance_minus_redundancy,,
5,"f5_w9,f9_w9,f6_w9,f10_w9,f2_w9",0.3513072337815588,0.26314903024492486,0.6244677589856393,0.21973271865909638,relevance_minus_redundancy,,
3,"f7_w9,f6_w9,f4_w9",0.32338696442465703,0.2079008724972469,0.311340770369863,0.2194365281760336,relevance_minus_redundancy,,
4,"f7_w9,f8_w9,f6_w9,f4_w9",0.3928836452969066,0.3493243550047354,0.8965767878896765,0.2182214677945389,relevance_minus_redundancy,,
4,"f7_w9,f9_w9,f6_w9,f2_w9",0.38115695828739604,0.3291988637596997,0.7772026976830633,0.2165575264075462,relevance_minus_redundancy,,
4,"f7_w9,f6_w9,f10_w9,f4_w9",0.2943432365220519,0.15570487980110623,0.311340770369863,0.21649079662149878,relevance_minus_redundancy,,
3,"f8_w9,f6_w9,f10_w9",0.34014367723671346,0.24794629056852416,0.35137144916745744,0.2161705319524514,relevance_minus_redundancy,,
6,"f7_w9,f8_w9,f9_w9,f6_w9,f10_w9,f4_w9",0.37456818423326904,0.31883934172129436,0.8965767878896765,0.21514851337262186,relevance_minus_redundancy,,
4,"f8_w9,f6_w9,f10_w9,f2_w9",0.29511469180789435,0.160402107470527,0.35137144916745744,0.21491363807263086,relevance_minus_redundancy,,
5,"f5_w9,f9_w9,f6_w9,f10_w9,f4_w9",0.33414634008598654,0.2427467971331457,0.6244677589856393,0.21277294151941367,relevance_minus_redundancy,,
4,"f7_w9,f8_w9,f9_w9,f4_w9",0.45708794040078227,0.4888470824384766,0.8965767878896765,0.21266439918154398,relevance_minus_redundancy,,
7,"f7_w9,f8_w9,f9_w9,f6_w9,f10_w9,f2_w9,f4_w9",0.3439195487030073,0.2634040491509642,0.8965767878896765,0.21221752412752518,relevance_minus_redundancy,,
1,f6_w9,0.21184529098224875,0.0,0.0,0.21184529098224875,relevance_minus_redundancy,,
3,"f8_w9,f2_w9,f4_w9",0.27854156349288933,0.13346724573932714,0.2242952754795381,0.21180794062322578,relevance_minus_redundancy,,
5,"f3_w9,f6_w9,f10_w9,f2_w9,f4_w9",0.270896692857859,0.11853187217179059,0.20739381447996116,0.2116307567719637,relevance_minus_redundancy,,
4,"f7_w9,f9_w9,f2_w9,f4_w9",0.34675145230272775,0.2707023641099745,0.7772026976830633,0.2114002702477405,relevance_minus_redundancy,,
5,"f7_w9,f9_w9,f6_w9,f10_w9,f4_w9",0.32920708349719185,0.24058586184050124,0.7772026976830633,0.20891415257694124,relevance_minus_redundancy,,
4,"f5_w9,f6_w9,f10_w9,f2_w9",0.3219684243775106,0.2275401712546804,0.6244677589856393,0.2081983387501704,relevance_minus_redundancy,,
3,"f5_w9,f9_w9,f6_w9",0.4630987935240402,0.5098242657080355,0.6244677589856393,0.20818666067002245,relevance_minus_redundancy,,
1,f10_w9,0.20721205281423646,0.0,0.0,0.20721205281423646,relevance_minus_redundancy,,
3,"f9_w9,f10_w9,f4_w9",0.2500325970851879,0.0863977420570905,0.1568940656284135,0.20683372605664263,relevance_minus_redundancy,,
4,"f7_w9,f6_w9,f2_w9,f4_w9",0.28254715719885204,0.15144495970377544,0.311340770369863,0.2068246773469643,relevance_minus_redundancy,,
4,"f5_w9,f9_w9,f6_w9,f4_w9",0.36587991190392405,0.319090674871281,0.6244677589856393,0.20633457446828354,relevance_minus_redundancy,,
6,"f7_w9,f8_w9,f9_w9,f6_w9,f2_w9,f4_w9",0.36670413135113583,0.3207410966279099,0.8965767878896765,0.20633358303718088,relevance_minus_redundancy,,
4,"f8_w9,f9_w9,f6_w9,f10_w9",0.372273375776973,0.3332814713045856,0.7183173798350433,0.20563264012468022,relevance_minus_redundancy,,
5,"f8_w9,f9_w9,f6_w9,f10_w9,f2_w9",0.3298242477258658,0.24982693975007822,0.7183173798350433,0.20491077785082673,relevance_minus_redundancy,,
4,"f8_w9,f9_w9,f6_w9,f2_w9",0.36047729645377313,0.31368844476144153,0.7183173798350433,0.20363307407305237,relevance_minus_redundancy,,
3,"f5_w9,f6_w9,f10_w9",0.3759486539962018,0.34503084018218394,0.6244677589856393,0.20343323390510984,relevance_minus_redundancy,,
5,"f8_w9,f9_w9,f10_w9,f2_w9,f4_w9",0.30229984293813117,0.19865236209896603,0.7183173798350433,0.20297366188864815,relevance_minus_redundancy,,
5,"f7_w9,f6_w9,f10_w9,f2_w9,f4_w9",0.2674801363219289,0.13616302857045468,0.311340770369863,0.19939862203670156,relevance_minus_redundancy,,
6,"f5_w9,f9_w9,f6_w9,f10_w9,f2_w9,f4_w9",0.30512657265856163,0.21148284224732422,0.6244677589856393,0.19938515153489952,relevance_minus_redundancy,,
4,"f7_w9,f8_w9,f9_w9,f6_w9",0.49149344638545056,0.5851840368341635,0.8965767878896765,0.1989014279683688,relevance_minus_redundancy,,
5,"f5_w9,f9_w9,f6_w9,f2_w9,f4_w9",0.32470947662742666,0.2516884845439095,0.6244677589856393,0.1988652343554719,relevance_minus_redundancy,,
4,"f8_w9,f10_w9,f2_w9,f4_w9",0.2607091858232261,0.1250113231239174,0.2242952754795381,0.19820352426126742,relevance_minus_redundancy,,
3,"f8_w9,f9_w9,f4_w9",0.3814198087849941,0.36650224031433165,0.7183173798350433,0.19816868862782827,relevance_minus_redundancy,,
5,"f7_w9,f8_w9,f9_w9,f6_w9,f4_w9",0.4080394105170756,0.42046554092348104,0.8965767878896765,0.19780664005533508,relevance_minus_redundancy,,
3,"f7_w9,f9_w9,f6_w9",0.4548666992093824,0.5149462013709347,0.7772026976830633,0.19739359852391503,relevance_minus_redundancy,,
6,"f7_w9,f9_w9,f6_w9,f10_w9,f2_w9,f4_w9",0.3010105255012327,0.2075510947905734,0.7772026976830633,0.19723497810594598,relevance_minus_redundancy,,
4,"f8_w9,f9_w9,f2_w9,f4_w9",0.32607179046910484,0.2592699965395195,0.7183173798350433,0.1964367921993451,relevance_minus_redundancy,,
3,"f9_w9,f10_w9,f2_w9",0.27863408657780836,0.16789270098323228,0.280006796555679,0.19468773608619222,relevance_minus_redundancy,,
2,"f7_w9,f8_w9",0.642733011580901,0.8965767878896765,0.8965767878896765,0.19444461763606274,relevance_minus_redundancy,,
4,"f5_w9,f6_w9,f10_w9,f4_w9",0.30051730725804526,0.21405523788959266,0.6244677589856393,0.19348968831324892,relevance_minus_redundancy,,
2,"f9_w9,f4_w9",0.2714428692206636,0.1568940656284135,0.1568940656284135,0.19299583640645684,relevance_minus_redundancy,,
4,"f7_w9,f9_w9,f6_w9,f4_w9",0.3597058411679307,0.3356824194771826,0.7772026976830633,0.1918646314293394,relevance_minus_redundancy,,
5,"f7_w9,f9_w9,f6_w9,f2_w9,f4_w9",0.319770220038632,0.25790684541496867,0.7772026976830633,0.19081679733114765,relevance_minus_redundancy,,
4,"f5_w9,f6_w9,f2_w9,f4_w9",0.2887212279348454,0.1958298241860892,0.6244677589856393,0.1908063158418008,relevance_minus_redundancy,,
3,"f5_w9,f6_w9,f4_w9",0.33161905873931485,0.28421498182026855,0.6244677589856393,0.18951156782918058,relevance_minus_redundancy,,
2,"f7_w9,f9_w9",0.5763774033229492,0.7772026976830633,0.7772026976830633,0.18777605448141754,relevance_minus_redundancy,,
3,"f7_w9,f8_w9,f9_w9",0.5847094981865179,0.7973656218025944,0.8965767878896765,0.18602668728522065,relevance_minus_redundancy,,
5,"f5_w9,f6_w9,f10_w9,f2_w9,f4_w9",0.2724193929107236,0.17490992931602833,0.6244677589856393,0.18496442825270942,relevance_minus_redundancy,,
5,"f8_w9,f9_w9,f6_w9,f10_w9,f4_w9",0.31266335403029355,0.25545054482580565,0.7183173798350433,0.18493808161739073,relevance_minus_redundancy,,
4,"f8_w9,f6_w9,f2_w9,f4_w9",0.26186749536522913,0.1564985915742562,0.35137144916745744,0.18361819957810105,relevance_minus_redundancy,,
6,"f8_w9,f9_w9,f6_w9,f10_w9,f2_w9,f4_w9",0.28722408427881746,0.21251369178483479,0.7183173798350433,0.18096723838640005,relevance_minus_redundancy,,
4,"f8_w9,f6_w9,f10_w9,f4_w9",0.273663574688429,0.1902935710846169,0.35137144916745744,0.17851678914612057,relevance_minus_redundancy,,
5,"f8_w9,f6_w9,f10_w9,f2_w9,f4_w9",0.2509364068550306,0.14949545584664875,0.35137144916745744,0.17618867893170623,relevance_minus_redundancy,,
2,"f8_w9,f9_w9",0.5350180796557034,0.7183173798350433,0.7183173798350433,0.17585938973818172,relevance_minus_redundancy,,
5,"f8_w9,f9_w9,f6_w9,f2_w9,f4_w9",0.3032264905717336,0.2550504927524551,0.7183173798350433,0.17570124419550606,relevance_minus_redundancy,,
3,"f8_w9,f6_w9,f4_w9",0.2958140819798265,0.24274409455124948,0.35137144916745744,0.17444203470420178,relevance_minus_redundancy,,
2,"f9_w9,f2_w9",0.3143451034595943,0.280006796555679,0.280006796555679,0.17434170518175482,relevance_minus_redundancy,,
3,"f8_w9,f9_w9,f6_w9",0.42729381676455186,0.5086613216874595,0.7183173798350433,0.17296315592082212,relevance_minus_redundancy,,
3,"f9_w9,f6_w9,f10_w9",0.2959066050647456,0.2479431279274419,0.456295136059878,0.17193504110102464,relevance_minus_redundancy,,
2,"f6_w9,f2_w9",0.1859365132518429,0.0346528040533453,0.0346528040533453,0.16861011122517025,relevance_minus_redundancy,,
4,"f8_w9,f9_w9,f6_w9,f4_w9",0.3390261793343078,0.3432898108628472,0.7183173798350433,0.16738127390288418,relevance_minus_redundancy,,
4,"f9_w9,f6_w9,f10_w9,f2_w9",0.26193688767891843,0.20015380842639127,0.456295136059878,0.16185998346572278,relevance_minus_redundancy,,
1,f2_w9,0.16002773552143706,0.0,0.0,0.16002773552143706,relevance_minus_redundancy,,
4,"f9_w9,f10_w9,f2_w9,f4_w9",0.2275313816942502,0.1360422079558575,0.280006796555679,0.15951027771632142,relevance_minus_redundancy,,
3,"f9_w9,f6_w9,f2_w9",0.28017849930047906,0.25698491222296743,0.456295136059878,0.15168604318899534,relevance_minus_redundancy,,
4,"f9_w9,f6_w9,f10_w9,f4_w9",0.24048577055945308,0.1790584547888883,0.456295136059878,0.15095654316500895,relevance_minus_redundancy,,
2,"f5_w9,f6_w9",0.46031695458718447,0.6244677589856393,0.6244677589856393,0.1480830750943648,relevance_minus_redundancy,,
5,"f9_w9,f6_w9,f10_w9,f2_w9,f4_w9",0.22439416355184988,0.1666063554350549,0.456295136059878,0.14109098583432245,relevance_minus_redundancy,,
3,"f9_w9,f2_w9,f4_w9",0.23430449132092143,0.19050674034176315,0.280006796555679,0.13905112115003987,relevance_minus_redundancy,,
2,"f10_w9,f4_w9",0.14071765992890603,0.021061720315837872,0.021061720315837872,0.1301867997709871,relevance_minus_redundancy,,
3,"f6_w9,f10_w9,f2_w9",0.19302835977264077,0.12779449257192352,0.20629680749542753,0.129131113486679,relevance_minus_redundancy,,
4,"f9_w9,f6_w9,f2_w9,f4_w9",0.2286896912362532,0.2025056200242109,0.456295136059878,0.12743688122414776,relevance_minus_redundancy,,
3,"f9_w9,f6_w9,f4_w9",0.25157700980785863,0.25525158689834815,0.456295136059878,0.12395121635868456,relevance_minus_redundancy,,
2,"f10_w9,f2_w9",0.18361989416783675,0.14243386616699769,0.14243386616699769,0.11240296108433791,relevance_minus_redundancy,,
2,"f9_w9,f6_w9",0.3402538811900001,0.456295136059878,0.456295136059878,0.11210631316006112,relevance_minus_redundancy,,
2,"f6_w9,f10_w9",0.2095286718982426,0.20629680749542753,0.20629680749542753,0.10638026815052883,relevance_minus_redundancy,,
4,"f6_w9,f10_w9,f2_w9,f4_w9",0.16332708659037448,0.11527168597992637,0.20629680749542753,0.1056912436004113,relevance_minus_redundancy,,
3,"f6_w9,f10_w9,f4_w9",0.16442687028002026,0.12664136227267278,0.20629680749542753,0.10110618914368387,relevance_minus_redundancy,,
3,"f10_w9,f2_w9,f4_w9",0.14715435179308303,0.09937164844134415,0.14243386616699769,0.09746852757241095,relevance_minus_redundancy,,
3,"f6_w9,f2_w9,f4_w9",0.1486987645157538,0.10727924063376504,0.15256555900675295,0.09505914419887129,relevance_minus_redundancy,,
1,f4_w9,0.0742232670435756,0.0,0.0,0.0742232670435756,relevance_minus_redundancy,,
2,"f6_w9,f4_w9",0.14303427901291216,0.15256555900675295,0.15256555900675295,0.06675149950953568,relevance_minus_redundancy,,
2,"f2_w9,f4_w9",0.11712550128250633,0.13461935884119688,0.13461935884119688,0.04981582186190789,relevance_minus_redundancy,,
