combo_size,features,relevance_mean_abs_pearson,redundancy_mean_abs_pearson,redundancy_max_abs_pearson,score,selector,mrmr_last_added,mrmr_score
1,f1_w8,0.8301090310624292,0.0,0.0,0.8301090310624292,relevance_minus_redundancy,,
1,f5_w8,0.7087886181921202,0.0,0.0,0.7087886181921202,relevance_minus_redundancy,,
1,f3_w8,0.7011751179277971,0.0,0.0,0.7011751179277971,relevance_minus_redundancy,,
1,f7_w8,0.6316364436332155,0.0,0.0,0.6316364436332155,relevance_minus_redundancy,,
1,f8_w8,0.5593937863440833,0.0,0.0,0.5593937863440833,relevance_minus_redundancy,,
2,"f3_w8,f9_w8",0.5329933545413467,0.003683824362243844,0.003683824362243844,0.5311514423602247,relevance_minus_redundancy,,
2,"f1_w8,f6_w8",0.5209771610223389,0.03157539708609764,0.03157539708609764,0.5051894624792901,relevance_minus_redundancy,,
2,"f3_w8,f8_w8",0.6302844521359402,0.3038053382021693,0.3038053382021693,0.47838178303485557,relevance_minus_redundancy,,
2,"f1_w8,f10_w8",0.5186605419383328,0.138026753813706,0.138026753813706,0.4496471650314798,relevance_minus_redundancy,,
2,"f1_w8,f2_w8",0.539099740913352,0.18318097342918033,0.18318097342918033,0.44750925419876186,relevance_minus_redundancy,,
2,"f3_w8,f7_w8",0.6664057807805063,0.4379151377197497,0.4379151377197497,0.44744821192063144,relevance_minus_redundancy,,
2,"f1_w8,f5_w8",0.7694488246272747,0.6765444111026879,0.6765444111026879,0.43117661907593074,relevance_minus_redundancy,,
3,"f1_w8,f3_w8,f9_w8",0.6320319133817075,0.40313400244178865,0.7958973477203893,0.4304649121608132,relevance_minus_redundancy,,
3,"f5_w8,f3_w8,f9_w8",0.5915917757582712,0.34181818270905223,0.651642574178619,0.420682684403745,relevance_minus_redundancy,,
2,"f7_w8,f2_w8",0.4398634471987452,0.041493794979660596,0.041493794979660596,0.41911654970891493,relevance_minus_redundancy,,
3,"f1_w8,f3_w8,f6_w8",0.5810431466574917,0.3245137498624626,0.7958973477203893,0.4187862717262604,relevance_minus_redundancy,,
3,"f1_w8,f5_w8,f2_w8",0.5956627000062747,0.36250836478737775,0.6765444111026879,0.4144085176125859,relevance_minus_redundancy,,
3,"f1_w8,f5_w8,f10_w8",0.582036567356262,0.33963303966062625,0.6765444111026879,0.4122200475259489,relevance_minus_redundancy,,
3,"f3_w8,f7_w8,f10_w8",0.5133412047917497,0.2082381462012849,0.4379151377197497,0.40922213169110727,relevance_minus_redundancy,,
4,"f1_w8,f5_w8,f3_w8,f9_w8",0.6512210895843107,0.48461952369882777,0.7958973477203893,0.4089113277348968,relevance_minus_redundancy,,
3,"f1_w8,f3_w8,f10_w8",0.5794987339348209,0.34747615479873173,0.7958973477203893,0.405760656535455,relevance_minus_redundancy,,
3,"f1_w8,f7_w8,f2_w8",0.5699453084866398,0.3348161584005263,0.7797737067927382,0.4025372292863767,relevance_minus_redundancy,,
3,"f5_w8,f3_w8,f8_w8",0.6564525074880002,0.5081342909313843,0.651642574178619,0.40238536202230807,relevance_minus_redundancy,,
4,"f1_w8,f3_w8,f9_w8,f10_w8",0.5258269482398397,0.24945952654482503,0.7958973477203893,0.40109718496742713,relevance_minus_redundancy,,
2,"f3_w8,f10_w8",0.4541935853710168,0.10850436286209991,0.10850436286209991,0.3999414039399668,relevance_minus_redundancy,,
3,"f3_w8,f9_w8,f10_w8",0.4243995872989766,0.05100407416404063,0.10850436286209991,0.3988975502169563,relevance_minus_redundancy,,
3,"f1_w8,f3_w8,f8_w8",0.6968926451114364,0.5962483260774735,0.7958973477203893,0.3987684820726997,relevance_minus_redundancy,,
3,"f1_w8,f8_w8,f2_w8",0.5458644227235958,0.2944036995703489,0.689042292309862,0.39866257293842133,relevance_minus_redundancy,,
2,"f8_w8,f2_w8",0.40374211855417913,0.010987832972004345,0.010987832972004345,0.39824820206817696,relevance_minus_redundancy,,
4,"f1_w8,f3_w8,f7_w8,f10_w8",0.5925331613594195,0.389735374488448,0.7958973477203893,0.3976654741151955,relevance_minus_redundancy,,
4,"f1_w8,f5_w8,f3_w8,f10_w8",0.6118212049991457,0.42915723395716454,0.7958973477203893,0.39724258802056345,relevance_minus_redundancy,,
3,"f5_w8,f3_w8,f7_w8",0.6805333932510442,0.5689154207842841,0.651642574178619,0.39607568285890216,relevance_minus_redundancy,,
4,"f1_w8,f5_w8,f7_w8,f2_w8",0.60465613591301,0.42099685776483603,0.7797737067927382,0.39415770703059205,relevance_minus_redundancy,,
4,"f1_w8,f5_w8,f3_w8,f8_w8",0.6998666383816075,0.6143144873211821,0.7958973477203893,0.3927093947210164,relevance_minus_redundancy,,
3,"f1_w8,f5_w8,f3_w8",0.7466909223941155,0.7080281110005654,0.7958973477203893,0.3926768668938328,relevance_minus_redundancy,,
2,"f1_w8,f9_w8",0.5974603111086627,0.40982083524273283,0.40982083524273283,0.3925498934872963,relevance_minus_redundancy,,
5,"f1_w8,f5_w8,f3_w8,f9_w8,f10_w8",0.5624192822302958,0.3399400248202036,0.7958973477203893,0.392449269820194,relevance_minus_redundancy,,
3,"f1_w8,f5_w8,f9_w8",0.6345697468031485,0.48549779864390485,0.6765444111026879,0.39182084748119606,relevance_minus_redundancy,,
3,"f3_w8,f8_w8,f2_w8",0.5028864516787185,0.22263177050651253,0.353102140345364,0.39157056642546223,relevance_minus_redundancy,,
5,"f1_w8,f5_w8,f3_w8,f7_w8,f10_w8",0.6157842527259596,0.4488115736731964,0.7958973477203893,0.3913784658893614,relevance_minus_redundancy,,
3,"f1_w8,f2_w8,f6_w8",0.43001492426965093,0.07743708524951855,0.18318097342918033,0.39129638164489167,relevance_minus_redundancy,,
3,"f1_w8,f7_w8,f10_w8",0.556319175836627,0.3320317995428164,0.7797737067927382,0.39030327606521886,relevance_minus_redundancy,,
4,"f1_w8,f5_w8,f8_w8,f2_w8",0.5865954715907269,0.39275169667622745,0.689042292309862,0.39021962325261317,relevance_minus_redundancy,,
4,"f1_w8,f3_w8,f8_w8,f2_w8",0.584692096524646,0.38933598749649484,0.7958973477203893,0.39002410277639865,relevance_minus_redundancy,,
3,"f3_w8,f7_w8,f2_w8",0.5269673374417625,0.2775036910149247,0.4379151377197497,0.38821549193430016,relevance_minus_redundancy,,
4,"f1_w8,f5_w8,f3_w8,f7_w8",0.7179273027038905,0.6598269546614447,0.7958973477203893,0.38801382537316814,relevance_minus_redundancy,,
4,"f5_w8,f3_w8,f7_w8,f10_w8",0.5622030581418422,0.34964558621707376,0.651642574178619,0.38738026503330536,relevance_minus_redundancy,,
2,"f1_w8,f4_w8",0.42348701419117135,0.0722153884391783,0.0722153884391783,0.3873793199715822,relevance_minus_redundancy,,
4,"f1_w8,f3_w8,f8_w8,f10_w8",0.5744724970371364,0.3749760911269917,0.7958973477203893,0.3869844514736406,relevance_minus_redundancy,,
4,"f1_w8,f3_w8,f7_w8,f2_w8",0.6027527608469292,0.43189385016451376,0.7958973477203893,0.3868058357646723,relevance_minus_redundancy,,
4,"f1_w8,f5_w8,f7_w8,f10_w8",0.5944365364255003,0.41569271904185096,0.7797737067927382,0.38659017690457487,relevance_minus_redundancy,,
5,"f1_w8,f5_w8,f3_w8,f8_w8,f2_w8",0.609511400858141,0.4460957580503905,0.7958973477203893,0.3864635218329458,relevance_minus_redundancy,,
5,"f1_w8,f5_w8,f3_w8,f7_w8,f2_w8",0.6239599323159674,0.4764538346553137,0.7958973477203893,0.3857330149883105,relevance_minus_redundancy,,
3,"f1_w8,f3_w8,f7_w8",0.7209735308744806,0.6711953974109591,0.7958973477203893,0.385375832169001,relevance_minus_redundancy,,
3,"f3_w8,f8_w8,f10_w8",0.48926031902870565,0.20896338430599756,0.3038053382021693,0.38477862687570685,relevance_minus_redundancy,,
5,"f1_w8,f5_w8,f3_w8,f8_w8,f10_w8",0.6013357212681332,0.4351326446522107,0.7958973477203893,0.38376939894202783,relevance_minus_redundancy,,
2,"f3_w8,f6_w8",0.4565102044550229,0.1460685047809008,0.1460685047809008,0.38347595206457247,relevance_minus_redundancy,,
3,"f5_w8,f7_w8,f2_w8",0.5295051708632036,0.2954940184214698,0.6171885504544837,0.3817581616524687,relevance_minus_redundancy,,
4,"f1_w8,f5_w8,f3_w8,f2_w8",0.6220408044866554,0.48136119276775086,0.7958973477203893,0.38136020810278004,relevance_minus_redundancy,,
4,"f5_w8,f3_w8,f9_w8,f10_w8",0.4954968450222625,0.22985181672041996,0.651642574178619,0.3805709366620525,relevance_minus_redundancy,,
4,"f1_w8,f3_w8,f7_w8,f6_w8",0.5936914709014226,0.4264336893447569,0.7958973477203893,0.38047462622904415,relevance_minus_redundancy,,
2,"f7_w8,f10_w8",0.419424248223726,0.07829493802200502,0.07829493802200502,0.38027677921272346,relevance_minus_redundancy,,
2,"f5_w8,f3_w8",0.7049818680599587,0.651642574178619,0.651642574178619,0.37916058097064914,relevance_minus_redundancy,,
4,"f5_w8,f3_w8,f7_w8,f2_w8",0.5724226576293518,0.3881903179180237,0.651642574178619,0.37832749867034,relevance_minus_redundancy,,
3,"f5_w8,f3_w8,f10_w8",0.5390585963113846,0.3214916303687347,0.651642574178619,0.3783127811270173,relevance_minus_redundancy,,
3,"f3_w8,f8_w8,f9_w8",0.5417934984755922,0.3274060965158491,0.6747291269831341,0.37809045021766763,relevance_minus_redundancy,,
4,"f5_w8,f3_w8,f8_w8,f2_w8",0.5543619933070689,0.35271542599029776,0.651642574178619,0.37800428031192,relevance_minus_redundancy,,
3,"f1_w8,f5_w8,f7_w8",0.7235113642959217,0.6911688894499699,0.7797737067927382,0.3779269195709367,relevance_minus_redundancy,,
4,"f1_w8,f3_w8,f8_w8,f6_w8",0.5756308065791396,0.39709266097184953,0.7958973477203893,0.3770844760932148,relevance_minus_redundancy,,
3,"f1_w8,f5_w8,f8_w8",0.6994304785328777,0.6448472212753048,0.689042292309862,0.37700686789522525,relevance_minus_redundancy,,
5,"f1_w8,f5_w8,f3_w8,f8_w8,f9_w8",0.6328556289362652,0.5144248860101497,0.7958973477203893,0.3756431859311904,relevance_minus_redundancy,,
5,"f1_w8,f5_w8,f3_w8,f9_w8,f2_w8",0.5705949618203036,0.3908932934950595,0.7958973477203893,0.3751483150727738,relevance_minus_redundancy,,
4,"f1_w8,f5_w8,f9_w8,f10_w8",0.5277303233059205,0.30661202317978065,0.6765444111026879,0.3744243117160302,relevance_minus_redundancy,,
4,"f1_w8,f3_w8,f8_w8,f9_w8",0.6138723816223014,0.47949646080342195,0.7958973477203893,0.3741241512205904,relevance_minus_redundancy,,
5,"f1_w8,f5_w8,f3_w8,f7_w8,f9_w8",0.6473041603940917,0.5463760505887065,0.7958973477203893,0.3741161350997384,relevance_minus_redundancy,,
4,"f5_w8,f3_w8,f8_w8,f10_w8",0.5441423938195592,0.3419692735959102,0.651642574178619,0.37315775702160414,relevance_minus_redundancy,,
4,"f1_w8,f3_w8,f9_w8,f6_w8",0.5269852577818428,0.307807316440241,0.7958973477203893,0.37308159956172227,relevance_minus_redundancy,,
6,"f1_w8,f5_w8,f3_w8,f7_w8,f9_w8,f10_w8",0.5739554757974491,0.40224923666120926,0.7958973477203893,0.37283085746684447,relevance_minus_redundancy,,
6,"f1_w8,f5_w8,f3_w8,f7_w8,f8_w8,f2_w8",0.61319890798732,0.4818888570891712,0.8910040858870307,0.37225447944273443,relevance_minus_redundancy,,
3,"f3_w8,f7_w8,f9_w8",0.5658743842386362,0.38758831026970686,0.7211659687271271,0.3720802291037828,relevance_minus_redundancy,,
5,"f1_w8,f3_w8,f7_w8,f9_w8,f10_w8",0.5469888473185148,0.35139069105305704,0.7958973477203893,0.3712935017919863,relevance_minus_redundancy,,
3,"f1_w8,f5_w8,f4_w8",0.5185875488581543,0.2949512657306717,0.6765444111026879,0.37111191599281845,relevance_minus_redundancy,,
3,"f1_w8,f3_w8,f2_w8",0.5931248665848338,0.4440601538316446,0.7958973477203893,0.37109478966901144,relevance_minus_redundancy,,
6,"f1_w8,f5_w8,f3_w8,f7_w8,f2_w8,f10_w8",0.5545019523990121,0.3669883949453531,0.7958973477203893,0.37100775492633553,relevance_minus_redundancy,,
4,"f1_w8,f3_w8,f9_w8,f2_w8",0.5360465477273493,0.33046968170878827,0.7958973477203893,0.37081170687295517,relevance_minus_redundancy,,
3,"f5_w8,f8_w8,f2_w8",0.5054242851001595,0.26924750107187806,0.5689549604133647,0.37080053456422046,relevance_minus_redundancy,,
4,"f1_w8,f3_w8,f2_w8,f6_w8",0.4978049726841875,0.25456320809920163,0.7958973477203893,0.3705233686345867,relevance_minus_redundancy,,
3,"f1_w8,f3_w8,f4_w8",0.5160497154367133,0.2913835703243785,0.7958973477203893,0.370357930274524,relevance_minus_redundancy,,
5,"f1_w8,f3_w8,f7_w8,f8_w8,f2_w8",0.59408096594636,0.4486202650358149,0.8910040858870307,0.3697708334284525,relevance_minus_redundancy,,
4,"f1_w8,f3_w8,f7_w8,f9_w8",0.6319330459445844,0.5247094700941636,0.7958973477203893,0.36957831089750265,relevance_minus_redundancy,,
4,"f1_w8,f5_w8,f3_w8,f4_w8",0.5642344411255651,0.3897386156507652,0.7958973477203893,0.3693651333001825,relevance_minus_redundancy,,
3,"f1_w8,f9_w8,f10_w8",0.46737755834385397,0.196223874774739,0.40982083524273283,0.36926562095648446,relevance_minus_redundancy,,
4,"f5_w8,f3_w8,f8_w8,f9_w8",0.5835422784047242,0.4288239956209708,0.6747291269831341,0.3691302805942388,relevance_minus_redundancy,,
4,"f1_w8,f5_w8,f3_w8,f6_w8",0.6129795145411489,0.48769933230905566,0.7958973477203893,0.369129848386621,relevance_minus_redundancy,,
4,"f1_w8,f5_w8,f8_w8,f10_w8",0.5763758721032173,0.41524613725980486,0.689042292309862,0.36875280347331485,relevance_minus_redundancy,,
4,"f1_w8,f3_w8,f6_w8,f10_w8",0.4875853731966779,0.23772819562643685,0.7958973477203893,0.36872127538345945,relevance_minus_redundancy,,
4,"f5_w8,f3_w8,f7_w8,f9_w8",0.6016029427270072,0.4669540341714195,0.7211659687271271,0.3681259256412974,relevance_minus_redundancy,,
6,"f1_w8,f5_w8,f3_w8,f7_w8,f8_w8,f10_w8",0.6063858416623136,0.4770335243598742,0.8910040858870307,0.36786907948237646,relevance_minus_redundancy,,
2,"f1_w8,f3_w8",0.7656420744951131,0.7958973477203893,0.7958973477203893,0.36769340063491845,relevance_minus_redundancy,,
5,"f1_w8,f5_w8,f7_w8,f2_w8,f10_w8",0.5251673192932553,0.3157764361354075,0.7797737067927382,0.3672791012255516,relevance_minus_redundancy,,
5,"f1_w8,f3_w8,f7_w8,f2_w8,f10_w8",0.5236446192403906,0.3127322724548756,0.7958973477203893,0.36727848301295285,relevance_minus_redundancy,,
6,"f1_w8,f5_w8,f3_w8,f8_w8,f9_w8,f10_w8",0.561915032915927,0.3900341611976192,0.7958973477203893,0.3668979523171174,relevance_minus_redundancy,,
5,"f1_w8,f3_w8,f7_w8,f2_w8,f6_w8",0.5245712668739931,0.31539339300560243,0.7958973477203893,0.3668745703711919,relevance_minus_redundancy,,
3,"f5_w8,f7_w8,f10_w8",0.5158790382131907,0.29993714751399125,0.6171885504544837,0.3659104644561951,relevance_minus_redundancy,,
5,"f1_w8,f5_w8,f3_w8,f7_w8,f8_w8",0.686220599431929,0.6411768404781093,0.8910040858870307,0.3656321791928744,relevance_minus_redundancy,,
4,"f3_w8,f7_w8,f8_w8,f2_w8",0.5350739496673427,0.3397180550176631,0.8910040858870307,0.36521492215851115,relevance_minus_redundancy,,
1,f9_w8,0.3648115911548962,0.0,0.0,0.3648115911548962,relevance_minus_redundancy,,
5,"f5_w8,f3_w8,f7_w8,f8_w8,f2_w8",0.5698168833722981,0.41038941249827116,0.8910040858870307,0.36462217712316247,relevance_minus_redundancy,,
6,"f1_w8,f5_w8,f3_w8,f8_w8,f2_w8,f10_w8",0.5424615095174902,0.3558353781308522,0.7958973477203893,0.36454382045206407,relevance_minus_redundancy,,
2,"f5_w8,f2_w8",0.4784395344781976,0.2277997098302651,0.2277997098302651,0.36453967956306504,relevance_minus_redundancy,,
5,"f1_w8,f3_w8,f7_w8,f8_w8,f10_w8",0.5859052863563522,0.4436844415183473,0.8910040858870307,0.36406306559717855,relevance_minus_redundancy,,
6,"f1_w8,f5_w8,f3_w8,f7_w8,f9_w8,f2_w8",0.5807685421224554,0.4337646729082903,0.7958973477203893,0.3638862056683103,relevance_minus_redundancy,,
5,"f1_w8,f3_w8,f8_w8,f9_w8,f10_w8",0.5325403158606884,0.3378914368617839,0.7958973477203893,0.36359459742979644,relevance_minus_redundancy,,
6,"f1_w8,f5_w8,f3_w8,f8_w8,f9_w8,f2_w8",0.5687280992409335,0.4104301657220753,0.7958973477203893,0.36351301637989586,relevance_minus_redundancy,,
5,"f1_w8,f3_w8,f8_w8,f2_w8,f6_w8",0.5101227354161666,0.2947381797810924,0.7958973477203893,0.3627536455256204,relevance_minus_redundancy,,
4,"f1_w8,f5_w8,f9_w8,f2_w8",0.5379499227934301,0.3507678413906632,0.6765444111026879,0.3625660020980985,relevance_minus_redundancy,,
4,"f1_w8,f7_w8,f2_w8,f6_w8",0.4804203041105421,0.23682513324826995,0.7797737067927382,0.36200773748640713,relevance_minus_redundancy,,
5,"f1_w8,f3_w8,f7_w8,f6_w8,f10_w8",0.5163955872839854,0.3089724998261779,0.7958973477203893,0.3619093373708964,relevance_minus_redundancy,,
4,"f1_w8,f5_w8,f2_w8,f10_w8",0.4985500382082652,0.2735022285175312,0.6765444111026879,0.36179892394949964,relevance_minus_redundancy,,
2,"f5_w8,f7_w8",0.6702125309126679,0.6171885504544837,0.6171885504544837,0.361618255685426,relevance_minus_redundancy,,
5,"f1_w8,f5_w8,f3_w8,f2_w8,f10_w8",0.5390750541521716,0.35501597962116593,0.7958973477203893,0.36156706434158864,relevance_minus_redundancy,,
3,"f1_w8,f5_w8,f6_w8",0.5835809800789328,0.4441958557248083,0.6765444111026879,0.36148305221652866,relevance_minus_redundancy,,
3,"f1_w8,f7_w8,f6_w8",0.5578635885592979,0.39290704861583375,0.7797737067927382,0.361410064251381,relevance_minus_redundancy,,
5,"f1_w8,f5_w8,f7_w8,f8_w8,f2_w8",0.5956036659992247,0.4685970318171278,0.8910040858870307,0.3613051500906608,relevance_minus_redundancy,,
5,"f5_w8,f3_w8,f7_w8,f9_w8,f10_w8",0.5227247647444531,0.3233675495245885,0.7211659687271271,0.36104098998215883,relevance_minus_redundancy,,
4,"f5_w8,f3_w8,f7_w8,f8_w8",0.650248491524304,0.5784184411425696,0.8910040858870307,0.3610392709530192,relevance_minus_redundancy,,
7,"f1_w8,f5_w8,f3_w8,f7_w8,f8_w8,f2_w8,f10_w8",0.5552007858197366,0.3896762326580215,0.8910040858870307,0.36036266949072593,relevance_minus_redundancy,,
4,"f3_w8,f7_w8,f9_w8,f10_w8",0.4762088013825363,0.23173137782683395,0.7211659687271271,0.3603431124691193,relevance_minus_redundancy,,
5,"f1_w8,f5_w8,f3_w8,f7_w8,f6_w8",0.6167109003595621,0.5128445430789972,0.7958973477203893,0.3602886288200635,relevance_minus_redundancy,,
4,"f1_w8,f7_w8,f2_w8,f10_w8",0.479261994568539,0.2386506226501921,0.7797737067927382,0.35993668324344297,relevance_minus_redundancy,,
5,"f1_w8,f3_w8,f8_w8,f2_w8,f10_w8",0.5091960877825641,0.30082610623723616,0.7958973477203893,0.358783034663946,relevance_minus_redundancy,,
3,"f1_w8,f8_w8,f10_w8",0.532238290073583,0.3472164993257638,0.689042292309862,0.3586300404107011,relevance_minus_redundancy,,
3,"f3_w8,f7_w8,f8_w8",0.6307351159683653,0.5442415206029833,0.8910040858870307,0.35861435566687366,relevance_minus_redundancy,,
5,"f5_w8,f3_w8,f7_w8,f8_w8,f10_w8",0.5616412037822904,0.40762183536587304,0.8910040858870307,0.3578302860993539,relevance_minus_redundancy,,
5,"f1_w8,f3_w8,f8_w8,f9_w8,f2_w8",0.540715995450696,0.3661382680719899,0.7958973477203893,0.3576468614147011,relevance_minus_redundancy,,
5,"f1_w8,f5_w8,f3_w8,f8_w8,f6_w8",0.6022623689017357,0.4904165670511409,0.7958973477203893,0.35705408537616523,relevance_minus_redundancy,,
5,"f1_w8,f3_w8,f7_w8,f9_w8,f2_w8",0.5551645269085226,0.39631666984720054,0.7958973477203893,0.35700619198492234,relevance_minus_redundancy,,
6,"f1_w8,f5_w8,f3_w8,f7_w8,f2_w8,f6_w8",0.5552741587603476,0.3967717956405147,0.7958973477203893,0.35688826094009024,relevance_minus_redundancy,,
3,"f3_w8,f7_w8,f6_w8",0.5148856175144204,0.31711856148977197,0.4379151377197497,0.3563263367695344,relevance_minus_redundancy,,
5,"f1_w8,f5_w8,f3_w8,f7_w8,f4_w8",0.5777148416270952,0.4427814412075298,0.7958973477203893,0.3563241210233303,relevance_minus_redundancy,,
6,"f1_w8,f5_w8,f3_w8,f9_w8,f2_w8,f10_w8",0.5100311436526257,0.30744997398823515,0.7958973477203893,0.3563061566585081,relevance_minus_redundancy,,
2,"f3_w8,f4_w8",0.3590200576238553,0.006037974813567773,0.006037974813567773,0.3560010702170714,relevance_minus_redundancy,,
2,"f5_w8,f10_w8",0.45800033550317837,0.20432795406548496,0.20432795406548496,0.3558363584704359,relevance_minus_redundancy,,
4,"f1_w8,f3_w8,f7_w8,f8_w8",0.6805785947418812,0.6495729847719899,0.8910040858870307,0.35579210235588626,relevance_minus_redundancy,,
4,"f3_w8,f7_w8,f8_w8,f10_w8",0.5248543501798331,0.33901738575779633,0.8910040858870307,0.3553456573009349,relevance_minus_redundancy,,
5,"f1_w8,f5_w8,f3_w8,f9_w8,f4_w8",0.5243498711314313,0.33807905952064904,0.7958973477203893,0.35531034137110673,relevance_minus_redundancy,,
6,"f1_w8,f3_w8,f7_w8,f8_w8,f2_w8,f10_w8",0.5296028137576727,0.3491161817182364,0.8910040858870307,0.3550447228985545,relevance_minus_redundancy,,
5,"f1_w8,f5_w8,f3_w8,f9_w8,f6_w8",0.5633459298638983,0.4169626792494686,0.7958973477203893,0.354864590239164,relevance_minus_redundancy,,
5,"f1_w8,f5_w8,f3_w8,f2_w8,f6_w8",0.5400017017857741,0.37078337026924213,0.7958973477203893,0.35461001665115305,relevance_minus_redundancy,,
5,"f1_w8,f5_w8,f8_w8,f2_w8,f10_w8",0.5107187878354288,0.3124578908654142,0.689042292309862,0.3544898424027217,relevance_minus_redundancy,,
7,"f1_w8,f5_w8,f3_w8,f7_w8,f9_w8,f2_w8,f10_w8",0.5274033293641385,0.3470277003104424,0.7958973477203893,0.3538894792089173,relevance_minus_redundancy,,
3,"f1_w8,f6_w8,f10_w8",0.4163887916196381,0.12529965279841038,0.20629680749542753,0.3537389652204329,relevance_minus_redundancy,,
6,"f1_w8,f5_w8,f3_w8,f8_w8,f2_w8,f6_w8",0.5432337158788256,0.3797860808214333,0.7958973477203893,0.353340675468109,relevance_minus_redundancy,,
6,"f1_w8,f5_w8,f3_w8,f7_w8,f6_w8,f10_w8",0.5484610924353411,0.390926416469913,0.7958973477203893,0.35299788420038464,relevance_minus_redundancy,,
4,"f1_w8,f5_w8,f2_w8,f6_w8",0.4997083477502683,0.2935205226111913,0.6765444111026879,0.3529480864446726,relevance_minus_redundancy,,
5,"f5_w8,f3_w8,f7_w8,f2_w8,f10_w8",0.49938053666632876,0.2931402731321595,0.651642574178619,0.352810400100249,relevance_minus_redundancy,,
5,"f1_w8,f5_w8,f3_w8,f6_w8,f10_w8",0.5318260221957664,0.35833518720910523,0.7958973477203893,0.35265842859121377,relevance_minus_redundancy,,
5,"f1_w8,f5_w8,f3_w8,f8_w8,f4_w8",0.5632663101692688,0.4217930176036383,0.7958973477203893,0.3523698013674496,relevance_minus_redundancy,,
5,"f1_w8,f5_w8,f3_w8,f10_w8,f4_w8",0.4928299634632993,0.2810399836404892,0.7958973477203893,0.3523099716430547,relevance_minus_redundancy,,
4,"f5_w8,f3_w8,f9_w8,f2_w8",0.5057164445097722,0.30724822790926754,0.651642574178619,0.3520923305551384,relevance_minus_redundancy,,
2,"f5_w8,f9_w8",0.5368001046735082,0.3701281495862937,0.3701281495862937,0.3517360298803614,relevance_minus_redundancy,,
5,"f5_w8,f3_w8,f8_w8,f9_w8,f10_w8",0.5082762332866266,0.3141180777774911,0.6747291269831341,0.35121719439788107,relevance_minus_redundancy,,
4,"f1_w8,f7_w8,f8_w8,f2_w8",0.5673074279510006,0.43258044772841275,0.8910040858870307,0.35101720408679427,relevance_minus_redundancy,,
2,"f1_w8,f8_w8",0.6947514087032562,0.689042292309862,0.689042292309862,0.35023026254832523,relevance_minus_redundancy,,
6,"f1_w8,f5_w8,f3_w8,f7_w8,f10_w8,f4_w8",0.515964376824952,0.3318718328398403,0.7958973477203893,0.3500284604050319,relevance_minus_redundancy,,
4,"f1_w8,f8_w8,f2_w8,f6_w8",0.46235963978825906,0.2247514111270167,0.689042292309862,0.3499839342247507,relevance_minus_redundancy,,
2,"f5_w8,f8_w8",0.6340912022681018,0.5689549604133647,0.5689549604133647,0.34961372206141944,relevance_minus_redundancy,,
5,"f1_w8,f3_w8,f8_w8,f6_w8,f10_w8",0.501947055826159,0.3049964341856054,0.7958973477203893,0.34944883873335625,relevance_minus_redundancy,,
4,"f1_w8,f3_w8,f7_w8,f4_w8",0.5449463974858388,0.39105747978155986,0.7958973477203893,0.34941765759505894,relevance_minus_redundancy,,
4,"f1_w8,f3_w8,f9_w8,f4_w8",0.478240184366259,0.2577302437814568,0.7958973477203893,0.3493750624755306,relevance_minus_redundancy,,
7,"f1_w8,f5_w8,f3_w8,f8_w8,f9_w8,f2_w8,f10_w8",0.5170829497514053,0.3368499815503707,0.7958973477203893,0.34865795897622,relevance_minus_redundancy,,
7,"f1_w8,f5_w8,f3_w8,f7_w8,f8_w8,f9_w8,f10_w8",0.5718752344469682,0.44646927645559165,0.8910040858870307,0.34864059621917237,relevance_minus_redundancy,,
6,"f1_w8,f3_w8,f7_w8,f8_w8,f2_w8,f6_w8",0.5303750201190082,0.36432937101058455,0.8910040858870307,0.34821033461371587,relevance_minus_redundancy,,
7,"f1_w8,f5_w8,f3_w8,f7_w8,f8_w8,f9_w8,f2_w8",0.577715005582688,0.4592854157329486,0.8910040858870307,0.3480722977162136,relevance_minus_redundancy,,
5,"f5_w8,f3_w8,f7_w8,f9_w8,f2_w8",0.5309004443344607,0.3661252819336626,0.7211659687271271,0.3478378033676294,relevance_minus_redundancy,,
5,"f1_w8,f5_w8,f7_w8,f2_w8,f6_w8",0.5260939669268578,0.3566951229862696,0.7797737067927382,0.34774640543372304,relevance_minus_redundancy,,
4,"f1_w8,f3_w8,f2_w8,f10_w8",0.4966466631421844,0.2983075245057671,0.7958973477203893,0.34749290088930085,relevance_minus_redundancy,,
3,"f5_w8,f3_w8,f2_w8",0.5526847289613974,0.410848141451416,0.651642574178619,0.3472606582356894,relevance_minus_redundancy,,
5,"f1_w8,f5_w8,f7_w8,f9_w8,f10_w8",0.5485115473713795,0.40360953030750374,0.7797737067927382,0.34670678221762763,relevance_minus_redundancy,,
3,"f3_w8,f8_w8,f6_w8",0.4908047317513764,0.2886803095715828,0.4161670857316782,0.34646457696558497,relevance_minus_redundancy,,
6,"f1_w8,f5_w8,f7_w8,f8_w8,f2_w8,f10_w8",0.5308717304683933,0.36882226565267057,0.8910040858870307,0.34646059764205805,relevance_minus_redundancy,,
5,"f5_w8,f3_w8,f8_w8,f9_w8,f2_w8",0.5164519128766344,0.3401966626026277,0.6747291269831341,0.34635358157532053,relevance_minus_redundancy,,
6,"f1_w8,f5_w8,f3_w8,f7_w8,f8_w8,f9_w8",0.6326524313857569,0.572753087312175,0.8910040858870307,0.3462758877296694,relevance_minus_redundancy,,
5,"f1_w8,f3_w8,f9_w8,f2_w8,f10_w8",0.47027964874472666,0.2481306811060177,0.7958973477203893,0.34621430819171783,relevance_minus_redundancy,,
5,"f1_w8,f3_w8,f9_w8,f6_w8,f10_w8",0.46303061678832147,0.23404958580804572,0.7958973477203893,0.3460058238842986,relevance_minus_redundancy,,
4,"f3_w8,f8_w8,f9_w8,f10_w8",0.45814813706025326,0.22435452325519145,0.6747291269831341,0.34597087543265753,relevance_minus_redundancy,,
6,"f1_w8,f3_w8,f7_w8,f9_w8,f2_w8,f10_w8",0.4971724478928082,0.30266335715343046,0.7958973477203893,0.345840769316093,relevance_minus_redundancy,,
7,"f1_w8,f5_w8,f3_w8,f7_w8,f8_w8,f2_w8,f6_w8",0.5558626769865955,0.4205494538154203,0.8910040858870307,0.3455879500788854,relevance_minus_redundancy,,
6,"f5_w8,f3_w8,f7_w8,f8_w8,f2_w8,f10_w8",0.5093827449459545,0.3280490267099925,0.8910040858870307,0.34535823159095824,relevance_minus_redundancy,,
4,"f1_w8,f3_w8,f8_w8,f4_w8",0.5268857331635558,0.3641157054485937,0.7958973477203893,0.34482788043925894,relevance_minus_redundancy,,
5,"f1_w8,f5_w8,f7_w8,f8_w8,f10_w8",0.5874279864092169,0.4857738104715086,0.8910040858870307,0.3445410811734626,relevance_minus_redundancy,,
4,"f3_w8,f7_w8,f2_w8,f10_w8",0.447028516284881,0.20507399046545696,0.4379151377197497,0.3444915210521525,relevance_minus_redundancy,,
3,"f1_w8,f8_w8,f6_w8",0.5337827027962537,0.3789282583758793,0.689042292309862,0.3443185736083141,relevance_minus_redundancy,,
5,"f1_w8,f3_w8,f7_w8,f8_w8,f6_w8",0.5868319339899547,0.4858620938199282,0.8910040858870307,0.3439008870799906,relevance_minus_redundancy,,
6,"f1_w8,f5_w8,f3_w8,f8_w8,f6_w8,f10_w8",0.5364206495538192,0.3850601333734567,0.7958973477203893,0.34389058286709084,relevance_minus_redundancy,,
4,"f1_w8,f3_w8,f10_w8,f4_w8",0.43884029978109407,0.1902984832346586,0.7958973477203893,0.3436910581637648,relevance_minus_redundancy,,
5,"f1_w8,f5_w8,f7_w8,f9_w8,f2_w8",0.5566872269613873,0.4264229069297988,0.7797737067927382,0.3434757734964879,relevance_minus_redundancy,,
6,"f1_w8,f5_w8,f3_w8,f7_w8,f2_w8,f4_w8",0.5227774431499584,0.3587500595375451,0.7958973477203893,0.34340241338118593,relevance_minus_redundancy,,
3,"f5_w8,f3_w8,f4_w8",0.47560957781327695,0.26459151554744526,0.651642574178619,0.34331382003955435,relevance_minus_redundancy,,
5,"f1_w8,f3_w8,f7_w8,f10_w8,f4_w8",0.47739952855151835,0.26922800051461804,0.7958973477203893,0.34278552829420933,relevance_minus_redundancy,,
3,"f1_w8,f9_w8,f2_w8",0.4810036909938668,0.27671159260824413,0.40982083524273283,0.34264789468974477,relevance_minus_redundancy,,
5,"f5_w8,f3_w8,f8_w8,f2_w8,f10_w8",0.4849320052085024,0.2854838893586958,0.651642574178619,0.34219006052915446,relevance_minus_redundancy,,
6,"f1_w8,f3_w8,f7_w8,f2_w8,f6_w8,f10_w8",0.4716780645307003,0.2597460240742084,0.7958973477203893,0.34180505249359616,relevance_minus_redundancy,,
6,"f1_w8,f5_w8,f3_w8,f9_w8,f6_w8,f10_w8",0.5039902836889546,0.32450711373327884,0.7958973477203893,0.34173672682231515,relevance_minus_redundancy,,
6,"f1_w8,f5_w8,f3_w8,f9_w8,f10_w8,f4_w8",0.47149356807856546,0.25957218486497136,0.7958973477203893,0.3417074756460798,relevance_minus_redundancy,,
8,"f1_w8,f5_w8,f3_w8,f7_w8,f8_w8,f9_w8,f2_w8,f10_w8",0.5314021364866316,0.38002449268359223,0.8910040858870307,0.34138989014483545,relevance_minus_redundancy,,
7,"f1_w8,f5_w8,f3_w8,f7_w8,f2_w8,f6_w8,f10_w8",0.5055510007680459,0.3284838723681097,0.7958973477203893,0.3413090645839911,relevance_minus_redundancy,,
2,"f1_w8,f7_w8",0.7308727373478223,0.7797737067927382,0.7797737067927382,0.34098588395145324,relevance_minus_redundancy,,
4,"f1_w8,f8_w8,f2_w8,f10_w8",0.461201330246256,0.2411586455403898,0.689042292309862,0.3406220074760611,relevance_minus_redundancy,,
6,"f1_w8,f5_w8,f3_w8,f7_w8,f8_w8,f6_w8",0.607158048023649,0.5331612795556051,0.8910040858870307,0.3405774082458465,relevance_minus_redundancy,,
4,"f5_w8,f7_w8,f8_w8,f2_w8",0.5369773247334235,0.39290482242280156,0.8910040858870307,0.34052491352202274,relevance_minus_redundancy,,
6,"f1_w8,f5_w8,f3_w8,f8_w8,f10_w8,f4_w8",0.5039239339434299,0.32696525135936044,0.7958973477203893,0.34044130826374974,relevance_minus_redundancy,,
5,"f1_w8,f3_w8,f7_w8,f9_w8,f6_w8",0.5479154949521173,0.4153070753849727,0.7958973477203893,0.340261957259631,relevance_minus_redundancy,,
5,"f1_w8,f5_w8,f8_w8,f9_w8,f2_w8",0.5422386955035607,0.40483212610223446,0.689042292309862,0.3398226324524435,relevance_minus_redundancy,,
3,"f1_w8,f2_w8,f10_w8",0.4284705115469802,0.1774470987022497,0.2111335688638628,0.3397469621958553,relevance_minus_redundancy,,
6,"f1_w8,f3_w8,f7_w8,f8_w8,f9_w8,f10_w8",0.5490563371561096,0.4191378803844326,0.8910040858870307,0.3394873969638933,relevance_minus_redundancy,,
6,"f1_w8,f5_w8,f3_w8,f8_w8,f2_w8,f4_w8",0.5107370002684365,0.3427240463344402,0.7958973477203893,0.3393749771012164,relevance_minus_redundancy,,
4,"f5_w8,f3_w8,f7_w8,f4_w8",0.5146162942682616,0.3505639263367175,0.651642574178619,0.33933433109990285,relevance_minus_redundancy,,
5,"f1_w8,f5_w8,f8_w8,f2_w8,f6_w8",0.5116454354690313,0.34462753070940577,0.689042292309862,0.3393316701143284,relevance_minus_redundancy,,
6,"f1_w8,f3_w8,f8_w8,f9_w8,f2_w8,f10_w8",0.4851320050112861,0.29163012355873796,0.7958973477203893,0.33931694323191713,relevance_minus_redundancy,,
5,"f1_w8,f3_w8,f9_w8,f2_w8,f6_w8",0.47120629637832917,0.26378148668020873,0.7958973477203893,0.3393155530382248,relevance_minus_redundancy,,
3,"f3_w8,f9_w8,f2_w8",0.4380257199489894,0.19797297795347576,0.353102140345364,0.3390392309722515,relevance_minus_redundancy,,
5,"f1_w8,f5_w8,f3_w8,f2_w8,f4_w8",0.5010056430533071,0.3250374379912808,0.7958973477203893,0.33848692405766667,relevance_minus_redundancy,,
6,"f1_w8,f5_w8,f3_w8,f7_w8,f9_w8,f6_w8",0.5747276821587844,0.4728694798771634,0.7958973477203893,0.3382929422202028,relevance_minus_redundancy,,
6,"f1_w8,f3_w8,f7_w8,f8_w8,f9_w8,f2_w8",0.555869403481116,0.4355156916550804,0.8910040858870307,0.3381115576535758,relevance_minus_redundancy,,
6,"f1_w8,f5_w8,f3_w8,f9_w8,f2_w8,f6_w8",0.5108033500139612,0.3458931646990395,0.7958973477203893,0.3378567676644414,relevance_minus_redundancy,,
4,"f1_w8,f3_w8,f6_w8,f4_w8",0.43999860932309715,0.20495657304593728,0.7958973477203893,0.3375203228001285,relevance_minus_redundancy,,
4,"f1_w8,f5_w8,f7_w8,f6_w8",0.5955948459675035,0.5161536443983854,0.7797737067927382,0.33751802376831075,relevance_minus_redundancy,,
7,"f1_w8,f5_w8,f3_w8,f7_w8,f8_w8,f6_w8,f10_w8",0.5500229058508758,0.4260690695926916,0.8910040858870307,0.33698837105452994,relevance_minus_redundancy,,
5,"f3_w8,f7_w8,f8_w8,f2_w8,f10_w8",0.4695015702967214,0.265082165170767,0.8910040858870307,0.3369604877113379,relevance_minus_redundancy,,
5,"f1_w8,f3_w8,f8_w8,f9_w8,f6_w8",0.5334669634942909,0.39305877418682894,0.7958973477203893,0.3369375764008764,relevance_minus_redundancy,,
4,"f3_w8,f7_w8,f9_w8,f2_w8",0.4864284008700459,0.29908230588116075,0.7211659687271271,0.33688724792946556,relevance_minus_redundancy,,
5,"f1_w8,f5_w8,f9_w8,f2_w8,f10_w8",0.47180234879759136,0.2698919360354811,0.6765444111026879,0.3368563807798508,relevance_minus_redundancy,,
4,"f1_w8,f7_w8,f6_w8,f10_w8",0.4702007046230325,0.26688994086310663,0.7797737067927382,0.3367557341914792,relevance_minus_redundancy,,
6,"f1_w8,f3_w8,f7_w8,f8_w8,f6_w8,f10_w8",0.5235619537940016,0.37362161681641626,0.8910040858870307,0.3367511453857935,relevance_minus_redundancy,,
4,"f1_w8,f5_w8,f10_w8,f4_w8",0.44074367484717486,0.20805292947170273,0.6765444111026879,0.3367172101113235,relevance_minus_redundancy,,
4,"f3_w8,f8_w8,f9_w8,f2_w8",0.46836773654776287,0.2639068720029559,0.6747291269831341,0.33641430054628496,relevance_minus_redundancy,,
4,"f1_w8,f5_w8,f7_w8,f9_w8",0.6338364210106653,0.5957702703176773,0.7797737067927382,0.33595128585182665,relevance_minus_redundancy,,
6,"f1_w8,f5_w8,f3_w8,f7_w8,f9_w8,f4_w8",0.5422309665483953,0.4127559521402883,0.7958973477203893,0.3358529904782511,relevance_minus_redundancy,,
4,"f1_w8,f5_w8,f7_w8,f4_w8",0.5468497725519197,0.42272022960716216,0.7797737067927382,0.3354896577483386,relevance_minus_redundancy,,
6,"f1_w8,f5_w8,f3_w8,f8_w8,f9_w8,f6_w8",0.5626872392772625,0.45482170640899294,0.7958973477203893,0.335276386072766,relevance_minus_redundancy,,
7,"f1_w8,f5_w8,f3_w8,f7_w8,f9_w8,f6_w8,f10_w8",0.5222254493952776,0.3747293833182834,0.7958973477203893,0.3348607577361359,relevance_minus_redundancy,,
6,"f1_w8,f5_w8,f3_w8,f7_w8,f8_w8,f4_w8",0.5746613324132598,0.47988779867294135,0.8910040858870307,0.33471743307678914,relevance_minus_redundancy,,
5,"f1_w8,f5_w8,f8_w8,f9_w8,f10_w8",0.5340630159135531,0.3986978970638768,0.689042292309862,0.3347140673816147,relevance_minus_redundancy,,
4,"f3_w8,f7_w8,f2_w8,f6_w8",0.44818682582688407,0.2272510841712697,0.4379151377197497,0.3345612837412492,relevance_minus_redundancy,,
7,"f1_w8,f5_w8,f3_w8,f7_w8,f9_w8,f2_w8,f6_w8",0.5280652205309974,0.3882526986251436,0.7958973477203893,0.3339388712184256,relevance_minus_redundancy,,
4,"f5_w8,f7_w8,f2_w8,f10_w8",0.4489318913509618,0.230039752702627,0.6171885504544837,0.3339120149996483,relevance_minus_redundancy,,
6,"f1_w8,f5_w8,f7_w8,f9_w8,f2_w8,f10_w8",0.4984413646035288,0.3291224212887217,0.7797737067927382,0.3338801539591679,relevance_minus_redundancy,,
8,"f1_w8,f5_w8,f3_w8,f7_w8,f8_w8,f2_w8,f6_w8,f10_w8",0.5122813489650506,0.3568822631107192,0.8910040858870307,0.33384021740969105,relevance_minus_redundancy,,
7,"f1_w8,f5_w8,f3_w8,f8_w8,f2_w8,f6_w8,f10_w8",0.49523062115531286,0.32284100529884785,0.7958973477203893,0.33381011850588893,relevance_minus_redundancy,,
7,"f1_w8,f5_w8,f3_w8,f7_w8,f8_w8,f2_w8,f4_w8",0.5280083493205476,0.38870196638352394,0.8910040858870307,0.33365736612878566,relevance_minus_redundancy,,
6,"f1_w8,f3_w8,f7_w8,f9_w8,f6_w8,f10_w8",0.49113158792913714,0.31500117675404954,0.7958973477203893,0.3336309995521124,relevance_minus_redundancy,,
3,"f3_w8,f7_w8,f4_w8",0.449892186293642,0.23281947857901777,0.4379151377197497,0.33348244700413315,relevance_minus_redundancy,,
6,"f5_w8,f3_w8,f7_w8,f9_w8,f2_w8,f10_w8",0.47695237908108995,0.28695584522785716,0.7211659687271271,0.33347445646716134,relevance_minus_redundancy,,
5,"f1_w8,f7_w8,f8_w8,f2_w8,f10_w8",0.49528835292364776,0.3237518398923774,0.8910040858870307,0.33341243297745904,relevance_minus_redundancy,,
4,"f1_w8,f5_w8,f8_w8,f9_w8",0.6157757566883822,0.5648699626063459,0.689042292309862,0.3333407753852093,relevance_minus_redundancy,,
7,"f1_w8,f5_w8,f3_w8,f7_w8,f9_w8,f10_w8,f4_w8",0.49437112172922976,0.32297268561401943,0.7958973477203893,0.33288477892222,relevance_minus_redundancy,,
4,"f1_w8,f5_w8,f6_w8,f10_w8",0.4894887482627587,0.31353984709150723,0.6765444111026879,0.3327188247170051,relevance_minus_redundancy,,
6,"f5_w8,f3_w8,f7_w8,f8_w8,f9_w8,f10_w8",0.5288362683443913,0.3924499639056871,0.8910040858870307,0.3326112863915478,relevance_minus_redundancy,,
7,"f1_w8,f5_w8,f3_w8,f7_w8,f8_w8,f10_w8,f4_w8",0.5221685781848279,0.37919811964143574,0.8910040858870307,0.33256951836411,relevance_minus_redundancy,,
6,"f1_w8,f5_w8,f3_w8,f8_w8,f9_w8,f4_w8",0.5301905236668732,0.3956678802880944,0.7958973477203893,0.33235658352282604,relevance_minus_redundancy,,
6,"f1_w8,f3_w8,f8_w8,f2_w8,f6_w8,f10_w8",0.4596376216491782,0.2550615828466496,0.7958973477203893,0.3321068302258534,relevance_minus_redundancy,,
5,"f1_w8,f3_w8,f7_w8,f8_w8,f9_w8",0.6174251940244841,0.5706837663947177,0.8910040858870307,0.3320833108271253,relevance_minus_redundancy,,
6,"f1_w8,f5_w8,f3_w8,f2_w8,f6_w8,f10_w8",0.4845367602905178,0.30507487665286687,0.7958973477203893,0.3319993219640843,relevance_minus_redundancy,,
5,"f1_w8,f3_w8,f7_w8,f2_w8,f4_w8",0.4855752081415261,0.3071981649846972,0.7958973477203893,0.3319761256491775,relevance_minus_redundancy,,
6,"f5_w8,f3_w8,f7_w8,f8_w8,f9_w8,f2_w8",0.5356493346693978,0.4073822775862886,0.8910040858870307,0.3319581958762535,relevance_minus_redundancy,,
6,"f1_w8,f3_w8,f7_w8,f9_w8,f2_w8,f6_w8",0.49794465425414364,0.3323690344660019,0.7958973477203893,0.3317601370211427,relevance_minus_redundancy,,
5,"f1_w8,f5_w8,f7_w8,f6_w8,f10_w8",0.51791828733685,0.3723868319786936,0.7797737067927382,0.33172487134750317,relevance_minus_redundancy,,
7,"f1_w8,f3_w8,f7_w8,f8_w8,f9_w8,f2_w8,f10_w8",0.5060612105287047,0.34876664216711334,0.8910040858870307,0.331677889445148,relevance_minus_redundancy,,
7,"f1_w8,f5_w8,f3_w8,f7_w8,f2_w8,f10_w8,f4_w8",0.4776966731019981,0.2925070258309212,0.7958973477203893,0.3314431601865375,relevance_minus_redundancy,,
7,"f1_w8,f3_w8,f7_w8,f8_w8,f2_w8,f6_w8,f10_w8",0.48420888193261213,0.305798926098552,0.8910040858870307,0.3313094188833361,relevance_minus_redundancy,,
5,"f1_w8,f3_w8,f9_w8,f10_w8,f4_w8",0.4240345580558545,0.1854845686391335,0.7958973477203893,0.3312922737362877,relevance_minus_redundancy,,
4,"f5_w8,f3_w8,f8_w8,f4_w8",0.4965556299459785,0.3307051227440442,0.651642574178619,0.3312030685739564,relevance_minus_redundancy,,
5,"f5_w8,f3_w8,f7_w8,f8_w8,f9_w8",0.5931611114504224,0.5240217716514216,0.8910040858870307,0.3311502256247116,relevance_minus_redundancy,,
7,"f1_w8,f5_w8,f3_w8,f8_w8,f9_w8,f2_w8,f6_w8",0.5177448409182642,0.3739087670046574,0.7958973477203893,0.3307904574159355,relevance_minus_redundancy,,
4,"f1_w8,f5_w8,f2_w8,f4_w8",0.45096327433468447,0.24061572380914473,0.6765444111026879,0.3306554124301121,relevance_minus_redundancy,,
4,"f1_w8,f5_w8,f7_w8,f8_w8",0.682481969807962,0.7037513344933611,0.8910040858870307,0.3306063025612815,relevance_minus_redundancy,,
5,"f1_w8,f5_w8,f7_w8,f2_w8,f4_w8",0.4870979081943908,0.31366557182854865,0.7797737067927382,0.3302651222801165,relevance_minus_redundancy,,
5,"f1_w8,f3_w8,f2_w8,f6_w8,f10_w8",0.4396863887101973,0.2191340741630306,0.7958973477203893,0.330119351628682,relevance_minus_redundancy,,
5,"f1_w8,f5_w8,f7_w8,f10_w8,f4_w8",0.478922228604383,0.2978080095303179,0.7797737067927382,0.3300182238392241,relevance_minus_redundancy,,
5,"f1_w8,f3_w8,f8_w8,f10_w8,f4_w8",0.4629509970936919,0.2666914872980102,0.7958973477203893,0.32960525344468683,relevance_minus_redundancy,,
4,"f5_w8,f3_w8,f9_w8,f4_w8",0.44791008114868175,0.2377187687835837,0.651642574178619,0.3290506967568899,relevance_minus_redundancy,,
4,"f3_w8,f8_w8,f2_w8,f10_w8",0.42896785196259796,0.20035228251653728,0.353102140345364,0.32879171070432933,relevance_minus_redundancy,,
6,"f1_w8,f3_w8,f8_w8,f9_w8,f2_w8,f6_w8",0.4859042113726215,0.315503102866729,0.7958973477203893,0.328152659939257,relevance_minus_redundancy,,
5,"f1_w8,f5_w8,f3_w8,f6_w8,f4_w8",0.49375661109690183,0.3318488180192719,0.7958973477203893,0.3278322020872659,relevance_minus_redundancy,,
4,"f1_w8,f7_w8,f9_w8,f10_w8",0.5084422796661943,0.3613177063110145,0.7797737067927382,0.32778342651068704,relevance_minus_redundancy,,
7,"f1_w8,f5_w8,f3_w8,f8_w8,f9_w8,f6_w8,f10_w8",0.5119050697825445,0.3683279029282435,0.7958973477203893,0.3277411183184227,relevance_minus_redundancy,,
5,"f5_w8,f3_w8,f7_w8,f10_w8,f4_w8",0.45313544597745653,0.25156198847289046,0.651642574178619,0.3273544517410113,relevance_minus_redundancy,,
6,"f1_w8,f5_w8,f3_w8,f9_w8,f2_w8,f4_w8",0.47830663440357196,0.30199108335783514,0.7958973477203893,0.3273110927246544,relevance_minus_redundancy,,
3,"f5_w8,f8_w8,f10_w8",0.4917981524501467,0.32928778877752435,0.5689549604133647,0.32715425806138454,relevance_minus_redundancy,,
5,"f1_w8,f3_w8,f8_w8,f2_w8,f4_w8",0.47112667668369956,0.28798250418415183,0.7958973477203893,0.32713542459162365,relevance_minus_redundancy,,
4,"f1_w8,f5_w8,f8_w8,f6_w8",0.5775341816452204,0.5011253176048883,0.689042292309862,0.32697152284277625,relevance_minus_redundancy,,
6,"f1_w8,f5_w8,f7_w8,f8_w8,f2_w8,f6_w8",0.5316439368297287,0.40954049914510904,0.8910040858870307,0.32687368725717414,relevance_minus_redundancy,,
4,"f5_w8,f3_w8,f7_w8,f6_w8",0.5633613676838454,0.47410909468134305,0.651642574178619,0.3263068203431738,relevance_minus_redundancy,,
4,"f3_w8,f8_w8,f2_w8,f6_w8",0.43012616150460103,0.20794763121089907,0.4161670857316782,0.3261523458991515,relevance_minus_redundancy,,
6,"f1_w8,f5_w8,f7_w8,f2_w8,f6_w8,f10_w8",0.47294698124142087,0.29366875014154553,0.7797737067927382,0.3261126061706481,relevance_minus_redundancy,,
5,"f5_w8,f3_w8,f7_w8,f2_w8,f6_w8",0.5003071842999313,0.3484605098476626,0.651642574178619,0.3260769293761,relevance_minus_redundancy,,
4,"f3_w8,f7_w8,f6_w8,f10_w8",0.43796722633937446,0.2240752988081414,0.4379151377197497,0.3259295769353038,relevance_minus_redundancy,,
5,"f5_w8,f3_w8,f9_w8,f2_w8,f10_w8",0.44601556617066496,0.24082792885148313,0.651642574178619,0.32560160174492336,relevance_minus_redundancy,,
6,"f5_w8,f3_w8,f8_w8,f9_w8,f2_w8,f10_w8",0.464911936199568,0.27875579992928173,0.6747291269831341,0.32553403623492716,relevance_minus_redundancy,,
7,"f1_w8,f5_w8,f3_w8,f8_w8,f9_w8,f10_w8,f4_w8",0.48405074211649657,0.31725670637824843,0.7958973477203893,0.32542238892737235,relevance_minus_redundancy,,
5,"f1_w8,f3_w8,f7_w8,f6_w8,f4_w8",0.47832617618512085,0.3069305647960513,0.7958973477203893,0.3248608937870952,relevance_minus_redundancy,,
5,"f1_w8,f7_w8,f8_w8,f2_w8,f6_w8",0.49621500055725026,0.34281520963901957,0.8910040858870307,0.3248073957377405,relevance_minus_redundancy,,
8,"f1_w8,f5_w8,f3_w8,f7_w8,f9_w8,f2_w8,f6_w8,f10_w8",0.4879585745664023,0.32645411041137073,0.7958973477203893,0.3247315193607169,relevance_minus_redundancy,,
8,"f1_w8,f5_w8,f3_w8,f7_w8,f8_w8,f2_w8,f10_w8,f4_w8",0.4879088122572588,0.32638279983192486,0.8910040858870307,0.32471741234129636,relevance_minus_redundancy,,
4,"f1_w8,f7_w8,f8_w8,f10_w8",0.557087828463491,0.4651203714465109,0.8910040858870307,0.3245276427402356,relevance_minus_redundancy,,
6,"f1_w8,f5_w8,f8_w8,f9_w8,f2_w8,f10_w8",0.48640092172200666,0.32381426832579324,0.689042292309862,0.32449378755911007,relevance_minus_redundancy,,
6,"f1_w8,f3_w8,f8_w8,f9_w8,f6_w8,f10_w8",0.47909114504761513,0.3092546768774016,0.7958973477203893,0.32446380660891433,relevance_minus_redundancy,,
7,"f1_w8,f5_w8,f3_w8,f7_w8,f9_w8,f2_w8,f4_w8",0.5002108928649495,0.3515194634402391,0.7958973477203893,0.3244511611448299,relevance_minus_redundancy,,
3,"f5_w8,f9_w8,f10_w8",0.4269374207204177,0.20509337963985227,0.3701281495862937,0.32439073090049153,relevance_minus_redundancy,,
3,"f3_w8,f9_w8,f6_w8",0.4259440000216474,0.20318343953074205,0.4597979894490815,0.3243522802562764,relevance_minus_redundancy,,
6,"f1_w8,f5_w8,f3_w8,f7_w8,f6_w8,f4_w8",0.5167365831862875,0.38501619602213943,0.7958973477203893,0.32422848517521774,relevance_minus_redundancy,,
4,"f1_w8,f5_w8,f8_w8,f4_w8",0.5287891082296367,0.41009115685360625,0.689042292309862,0.3237435298028335,relevance_minus_redundancy,,
7,"f1_w8,f5_w8,f3_w8,f8_w8,f2_w8,f10_w8,f4_w8",0.467376293489265,0.2875496599159281,0.7958973477203893,0.3236014635313009,relevance_minus_redundancy,,
5,"f1_w8,f7_w8,f2_w8,f6_w8,f10_w8",0.425778653851281,0.20547028676846207,0.7797737067927382,0.32304351046704993,relevance_minus_redundancy,,
8,"f1_w8,f5_w8,f3_w8,f7_w8,f8_w8,f9_w8,f2_w8,f6_w8",0.5319812912576332,0.41814276405811635,0.8910040858870307,0.322909909228575,relevance_minus_redundancy,,
7,"f5_w8,f3_w8,f7_w8,f8_w8,f9_w8,f2_w8,f10_w8",0.4887297229758033,0.3318285464156801,0.8910040858870307,0.3228154497679633,relevance_minus_redundancy,,
3,"f7_w8,f8_w8,f2_w8",0.4797068935805246,0.31449523794623185,0.8910040858870307,0.32245927460740864,relevance_minus_redundancy,,
7,"f1_w8,f5_w8,f3_w8,f9_w8,f2_w8,f6_w8,f10_w8",0.4674331646997147,0.29035766442161676,0.7958973477203893,0.32225433248890634,relevance_minus_redundancy,,
5,"f1_w8,f3_w8,f7_w8,f9_w8,f4_w8",0.5089194362196503,0.37397415991320926,0.7958973477203893,0.32193235626304567,relevance_minus_redundancy,,
6,"f1_w8,f3_w8,f7_w8,f8_w8,f2_w8,f4_w8",0.497878304508619,0.3523011393616289,0.8910040858870307,0.32172773482780453,relevance_minus_redundancy,,
3,"f3_w8,f8_w8,f4_w8",0.42581130053059796,0.20917973474071086,0.31769589120639546,0.32122143316024254,relevance_minus_redundancy,,
5,"f3_w8,f7_w8,f8_w8,f2_w8,f6_w8",0.4704282179303239,0.2985470847820501,0.8910040858870307,0.3211546755392989,relevance_minus_redundancy,,
5,"f1_w8,f5_w8,f8_w8,f2_w8,f4_w8",0.47264937673656426,0.3030375319756494,0.689042292309862,0.32113061074873955,relevance_minus_redundancy,,
6,"f1_w8,f3_w8,f7_w8,f9_w8,f10_w8,f4_w8",0.45863487231874794,0.27510005072377935,0.7958973477203893,0.32108484695685824,relevance_minus_redundancy,,
6,"f5_w8,f3_w8,f7_w8,f8_w8,f2_w8,f6_w8",0.5101549513072899,0.37836829344552486,0.8910040858870307,0.32097080458452754,relevance_minus_redundancy,,
7,"f1_w8,f5_w8,f3_w8,f8_w8,f9_w8,f2_w8,f4_w8",0.4898905132522164,0.33786103297402176,0.7958973477203893,0.3209599967652055,relevance_minus_redundancy,,
4,"f1_w8,f7_w8,f9_w8,f2_w8",0.5186618791537039,0.39542804138737636,0.7797737067927382,0.3209478584600157,relevance_minus_redundancy,,
6,"f1_w8,f5_w8,f3_w8,f2_w8,f10_w8,f4_w8",0.45204004468012865,0.26223173941846484,0.7958973477203893,0.3209241749708962,relevance_minus_redundancy,,
6,"f1_w8,f3_w8,f7_w8,f8_w8,f10_w8,f4_w8",0.4910652381836125,0.3405605376403573,0.8910040858870307,0.3207849693634338,relevance_minus_redundancy,,
6,"f1_w8,f5_w8,f7_w8,f8_w8,f9_w8,f2_w8",0.5571383201918366,0.473263157857559,0.8910040858870307,0.3205067412630571,relevance_minus_redundancy,,
5,"f1_w8,f3_w8,f7_w8,f8_w8,f4_w8",0.5478358752574877,0.45478924862948167,0.8910040858870307,0.32044125094274684,relevance_minus_redundancy,,
5,"f5_w8,f3_w8,f7_w8,f6_w8,f10_w8",0.49213150470992356,0.34420786305330753,0.651642574178619,0.3200275731832698,relevance_minus_redundancy,,
4,"f5_w8,f3_w8,f2_w8,f10_w8",0.4663165599246072,0.292751718357616,0.651642574178619,0.31994070074579917,relevance_minus_redundancy,,
4,"f1_w8,f5_w8,f9_w8,f4_w8",0.4801435594323398,0.32058814568861177,0.6765444111026879,0.3198494865880339,relevance_minus_redundancy,,
5,"f5_w8,f3_w8,f8_w8,f2_w8,f6_w8",0.4858586528421049,0.33205507906732834,0.651642574178619,0.3198311133084407,relevance_minus_redundancy,,
4,"f5_w8,f3_w8,f8_w8,f6_w8",0.5453007033615623,0.4518510370487286,0.651642574178619,0.31937518483719807,relevance_minus_redundancy,,
7,"f1_w8,f5_w8,f3_w8,f7_w8,f8_w8,f9_w8,f6_w8",0.5725371256138272,0.506511670842128,0.8910040858870307,0.3192812901927632,relevance_minus_redundancy,,
8,"f1_w8,f5_w8,f3_w8,f7_w8,f8_w8,f9_w8,f6_w8,f10_w8",0.5268714915138784,0.41527144253803266,0.8910040858870307,0.31923577024486205,relevance_minus_redundancy,,
4,"f1_w8,f3_w8,f2_w8,f4_w8",0.4490598992686037,0.25971561452518127,0.7958973477203893,0.319202092006013,relevance_minus_redundancy,,
5,"f3_w8,f7_w8,f8_w8,f9_w8,f10_w8",0.49284579837484566,0.3474507269887062,0.8910040858870307,0.3191204348804926,relevance_minus_redundancy,,
7,"f1_w8,f3_w8,f7_w8,f9_w8,f2_w8,f6_w8,f10_w8",0.456411425477014,0.27469599920547183,0.7958973477203893,0.3190634258742781,relevance_minus_redundancy,,
5,"f3_w8,f7_w8,f9_w8,f2_w8,f10_w8",0.430585131258884,0.22332507403027108,0.7211659687271271,0.31892259424374847,relevance_minus_redundancy,,
3,"f1_w8,f9_w8,f6_w8",0.4689219710665247,0.3003980739259707,0.4597979894490815,0.31872293410353936,relevance_minus_redundancy,,
8,"f1_w8,f5_w8,f3_w8,f8_w8,f9_w8,f2_w8,f6_w8,f10_w8",0.4789282424052608,0.3205635014757103,0.7958973477203893,0.31864649166740566,relevance_minus_redundancy,,
6,"f1_w8,f3_w8,f7_w8,f2_w8,f10_w8,f4_w8",0.43918134892031113,0.24193668967784374,0.7958973477203893,0.31821300408138925,relevance_minus_redundancy,,
5,"f1_w8,f3_w8,f8_w8,f9_w8,f4_w8",0.49447090476182387,0.3531654111390302,0.7958973477203893,0.31788819919230876,relevance_minus_redundancy,,
5,"f5_w8,f7_w8,f8_w8,f2_w8,f10_w8",0.47102427034958605,0.3065765847341886,0.8910040858870307,0.31773597798249176,relevance_minus_redundancy,,
7,"f1_w8,f5_w8,f3_w8,f7_w8,f2_w8,f6_w8,f4_w8",0.47835856426885703,0.32124925269301174,0.7958973477203893,0.31773393792235116,relevance_minus_redundancy,,
5,"f5_w8,f3_w8,f7_w8,f2_w8,f4_w8",0.46131112556746423,0.28736390655790023,0.651642574178619,0.3176291722885141,relevance_minus_redundancy,,
6,"f1_w8,f5_w8,f3_w8,f8_w8,f6_w8,f4_w8",0.5046961403047654,0.37427691653707923,0.7958973477203893,0.3175576820362258,relevance_minus_redundancy,,
8,"f1_w8,f5_w8,f3_w8,f7_w8,f9_w8,f2_w8,f10_w8,f4_w8",0.4635860378586104,0.2922903363178203,0.7958973477203893,0.31744086969970026,relevance_minus_redundancy,,
5,"f3_w8,f7_w8,f8_w8,f9_w8,f2_w8",0.5010214779648534,0.3675020219331303,0.8910040858870307,0.31727046699828826,relevance_minus_redundancy,,
7,"f1_w8,f5_w8,f7_w8,f8_w8,f9_w8,f2_w8,f10_w8",0.5071488534236079,0.3802921461785688,0.8910040858870307,0.3170027803343235,relevance_minus_redundancy,,
7,"f1_w8,f5_w8,f3_w8,f7_w8,f6_w8,f10_w8,f4_w8",0.47251879313313727,0.3110382299214202,0.7958973477203893,0.31699967817242714,relevance_minus_redundancy,,
7,"f1_w8,f3_w8,f7_w8,f8_w8,f9_w8,f2_w8,f6_w8",0.5067231016955636,0.3795843466226622,0.8910040858870307,0.3169309283842324,relevance_minus_redundancy,,
4,"f1_w8,f8_w8,f9_w8,f2_w8",0.500601214831421,0.3674823383482888,0.689042292309862,0.31686004565727655,relevance_minus_redundancy,,
9,"f1_w8,f5_w8,f3_w8,f7_w8,f8_w8,f9_w8,f2_w8,f6_w8,f10_w8",0.495895820319478,0.3586107296075374,0.8910040858870307,0.3165904555157093,relevance_minus_redundancy,,
3,"f3_w8,f9_w8,f4_w8",0.36095056880086895,0.08948263042881353,0.25872609211062897,0.3162092535864622,relevance_minus_redundancy,,
5,"f1_w8,f3_w8,f8_w8,f6_w8,f4_w8",0.4638776447272944,0.2956450045725728,0.7958973477203893,0.316055142441008,relevance_minus_redundancy,,
8,"f1_w8,f5_w8,f3_w8,f7_w8,f8_w8,f9_w8,f10_w8,f4_w8",0.5024989548060864,0.37293709088393184,0.8910040858870307,0.3160304093641205,relevance_minus_redundancy,,
6,"f1_w8,f3_w8,f9_w8,f2_w8,f6_w8,f10_w8",0.4272072557843137,0.2228400263403308,0.7958973477203893,0.31578724261414826,relevance_minus_redundancy,,
7,"f1_w8,f5_w8,f3_w8,f7_w8,f8_w8,f9_w8,f4_w8",0.5446827979477793,0.45888433224315633,0.8910040858870307,0.3152406318262011,relevance_minus_redundancy,,
5,"f1_w8,f5_w8,f2_w8,f6_w8,f10_w8",0.44120908876306186,0.25209082199056293,0.6765444111026879,0.3151636777677804,relevance_minus_redundancy,,
5,"f1_w8,f5_w8,f8_w8,f6_w8,f10_w8",0.5034697558790235,0.3769983872857671,0.689042292309862,0.31497056223613995,relevance_minus_redundancy,,
4,"f5_w8,f3_w8,f10_w8,f4_w8",0.40851019656351684,0.18795265588815513,0.651642574178619,0.31453386861943927,relevance_minus_redundancy,,
4,"f1_w8,f5_w8,f9_w8,f6_w8",0.5288886328479235,0.4287224235754221,0.6765444111026879,0.3145274210602125,relevance_minus_redundancy,,
6,"f1_w8,f5_w8,f7_w8,f8_w8,f9_w8,f10_w8",0.5503252538668301,0.4716270813681434,0.8910040858870307,0.3145117131827584,relevance_minus_redundancy,,
7,"f1_w8,f5_w8,f3_w8,f9_w8,f2_w8,f10_w8,f4_w8",0.43957883703366685,0.250180571285689,0.7958973477203893,0.3144885513908223,relevance_minus_redundancy,,
5,"f5_w8,f3_w8,f7_w8,f8_w8,f4_w8",0.5235717926834259,0.4184843833729265,0.8910040858870307,0.31432960099696267,relevance_minus_redundancy,,
5,"f1_w8,f7_w8,f9_w8,f2_w8,f10_w8",0.45637191388581033,0.28408475442916103,0.7797737067927382,0.3143295366712298,relevance_minus_redundancy,,
6,"f1_w8,f5_w8,f7_w8,f2_w8,f10_w8,f4_w8",0.4404502656310317,0.25263653365397043,0.7797737067927382,0.31413199880404646,relevance_minus_redundancy,,
8,"f1_w8,f5_w8,f3_w8,f7_w8,f8_w8,f9_w8,f2_w8,f4_w8",0.5076087545498412,0.3870760092935352,0.8910040858870307,0.3140707499030736,relevance_minus_redundancy,,
7,"f1_w8,f5_w8,f7_w8,f8_w8,f2_w8,f6_w8,f10_w8",0.4852965248275155,0.34265561720432597,0.8910040858870307,0.3139687162253525,relevance_minus_redundancy,,
4,"f3_w8,f7_w8,f10_w8,f4_w8",0.38922215292379064,0.1510611347300281,0.4379151377197497,0.3136915855587766,relevance_minus_redundancy,,
6,"f1_w8,f5_w8,f8_w8,f2_w8,f6_w8,f10_w8",0.46090653835989875,0.2947093895457508,0.689042292309862,0.31355184358702337,relevance_minus_redundancy,,
6,"f1_w8,f3_w8,f7_w8,f2_w8,f6_w8,f4_w8",0.43995355528164654,0.25416648695676025,0.7958973477203893,0.3128703118032664,relevance_minus_redundancy,,
3,"f1_w8,f10_w8,f4_w8",0.3513953603988597,0.07711707133729818,0.138026753813706,0.3128368247302106,relevance_minus_redundancy,,
6,"f1_w8,f5_w8,f3_w8,f6_w8,f10_w8,f4_w8",0.44599918471645755,0.2664502086792298,0.7958973477203893,0.3127740803768426,relevance_minus_redundancy,,
5,"f1_w8,f5_w8,f8_w8,f10_w8,f4_w8",0.46447369714655656,0.30385911726135617,0.689042292309862,0.3125441385158785,relevance_minus_redundancy,,
4,"f3_w8,f7_w8,f8_w8,f6_w8",0.5260126597218362,0.4270553657150324,0.8910040858870307,0.31248497686432,relevance_minus_redundancy,,
7,"f1_w8,f3_w8,f7_w8,f8_w8,f9_w8,f6_w8,f10_w8",0.5008833305598437,0.3768736205846829,0.8910040858870307,0.31244652026750225,relevance_minus_redundancy,,
6,"f1_w8,f3_w8,f7_w8,f6_w8,f10_w8,f4_w8",0.4331404889566401,0.2414358387941841,0.7958973477203893,0.31242256955954806,relevance_minus_redundancy,,
6,"f1_w8,f3_w8,f7_w8,f8_w8,f9_w8,f6_w8",0.5498285435174449,0.47518791219757345,0.8910040858870307,0.31223458741865817,relevance_minus_redundancy,,
4,"f5_w8,f7_w8,f8_w8,f10_w8",0.5267577252459138,0.42905849011601543,0.8910040858870307,0.31222848018790605,relevance_minus_redundancy,,
7,"f1_w8,f3_w8,f7_w8,f8_w8,f2_w8,f10_w8,f4_w8",0.4563545542665643,0.28838886845708767,0.8910040858870307,0.31216012003802046,relevance_minus_redundancy,,
6,"f5_w8,f3_w8,f7_w8,f8_w8,f2_w8,f4_w8",0.47765823569690075,0.3310724782839978,0.8910040858870307,0.31212199655490186,relevance_minus_redundancy,,
5,"f5_w8,f3_w8,f8_w8,f10_w8,f4_w8",0.4386869145196301,0.2532752577004584,0.651642574178619,0.31204928566940093,relevance_minus_redundancy,,
6,"f1_w8,f5_w8,f7_w8,f8_w8,f2_w8,f4_w8",0.4991472212193395,0.37428938540494294,0.8910040858870307,0.31200252851686805,relevance_minus_redundancy,,
7,"f1_w8,f5_w8,f3_w8,f8_w8,f2_w8,f6_w8,f4_w8",0.46803818465612396,0.31212567391760415,0.7958973477203893,0.3119753476973219,relevance_minus_redundancy,,
5,"f5_w8,f3_w8,f7_w8,f9_w8,f4_w8",0.48465535364558854,0.34570875928065986,0.7211659687271271,0.31180097400525864,relevance_minus_redundancy,,
6,"f1_w8,f5_w8,f3_w8,f9_w8,f6_w8,f4_w8",0.47226577443990087,0.3213763380629133,0.7958973477203893,0.3115776054084442,relevance_minus_redundancy,,
4,"f3_w8,f7_w8,f8_w8,f9_w8",0.564254234764998,0.505383913646909,0.8910040858870307,0.3115622779415435,relevance_minus_redundancy,,
7,"f1_w8,f3_w8,f8_w8,f9_w8,f2_w8,f6_w8,f10_w8",0.4460910458642808,0.26913869157893017,0.7958973477203893,0.3115217000748157,relevance_minus_redundancy,,
6,"f1_w8,f3_w8,f8_w8,f9_w8,f10_w8,f4_w8",0.44659442943722594,0.27031325246310794,0.7958973477203893,0.31143780320567194,relevance_minus_redundancy,,
5,"f5_w8,f3_w8,f7_w8,f8_w8,f6_w8",0.5625678514158929,0.5024586038322301,0.8910040858870307,0.3113385494997779,relevance_minus_redundancy,,
6,"f1_w8,f5_w8,f3_w8,f2_w8,f6_w8,f4_w8",0.45281225104146405,0.28319905009561425,0.7958973477203893,0.3112127259936569,relevance_minus_redundancy,,
8,"f1_w8,f5_w8,f3_w8,f8_w8,f9_w8,f2_w8,f10_w8,f4_w8",0.45455570569746884,0.2869138532478615,0.7958973477203893,0.3110987790735381,relevance_minus_redundancy,,
4,"f5_w8,f8_w8,f2_w8,f10_w8",0.43087122702867875,0.23963074633311754,0.5689549604133647,0.31105585386212,relevance_minus_redundancy,,
8,"f1_w8,f5_w8,f3_w8,f7_w8,f8_w8,f2_w8,f6_w8,f4_w8",0.4884879670282603,0.3551389926169911,0.8910040858870307,0.31091847071976475,relevance_minus_redundancy,,
4,"f1_w8,f9_w8,f2_w8,f10_w8",0.4125557814489592,0.20335318929501325,0.40982083524273283,0.3108791868014526,relevance_minus_redundancy,,
4,"f1_w8,f8_w8,f6_w8,f10_w8",0.45214004030074945,0.28261479804841577,0.689042292309862,0.31083264127654153,relevance_minus_redundancy,,
5,"f1_w8,f5_w8,f9_w8,f2_w8,f6_w8",0.47272899643119387,0.32380030790980757,0.6765444111026879,0.31082884247629006,relevance_minus_redundancy,,
5,"f5_w8,f3_w8,f8_w8,f2_w8,f4_w8",0.4468625941096379,0.27239802820153064,0.651642574178619,0.3106635800088726,relevance_minus_redundancy,,
6,"f5_w8,f3_w8,f7_w8,f8_w8,f10_w8,f4_w8",0.4708451693718943,0.3207773741527725,0.8910040858870307,0.31045648229550804,relevance_minus_redundancy,,
4,"f1_w8,f8_w8,f9_w8,f10_w8",0.4903816153439113,0.36117058257848944,0.689042292309862,0.30979632405466656,relevance_minus_redundancy,,
5,"f5_w8,f3_w8,f9_w8,f10_w8,f4_w8",0.3997704754817927,0.18010780366558754,0.651642574178619,0.3097165736489989,relevance_minus_redundancy,,
9,"f1_w8,f5_w8,f3_w8,f7_w8,f8_w8,f9_w8,f2_w8,f10_w8,f4_w8",0.4742313432458852,0.32930359435351814,0.8910040858870307,0.3095795460691261,relevance_minus_redundancy,,
4,"f1_w8,f7_w8,f10_w8,f4_w8",0.42145563120744867,0.2239875303383956,0.7797737067927382,0.3094618660382509,relevance_minus_redundancy,,
7,"f1_w8,f5_w8,f3_w8,f7_w8,f8_w8,f6_w8,f4_w8",0.5228304693516869,0.4267577425753616,0.8910040858870307,0.3094515980640061,relevance_minus_redundancy,,
5,"f1_w8,f5_w8,f9_w8,f10_w8,f4_w8",0.42555725810871914,0.232781668903765,0.6765444111026879,0.30916642365683666,relevance_minus_redundancy,,
8,"f1_w8,f3_w8,f7_w8,f8_w8,f9_w8,f2_w8,f6_w8,f10_w8",0.46928422058539765,0.3203190070448039,0.8910040858870307,0.3091247170629957,relevance_minus_redundancy,,
5,"f1_w8,f3_w8,f9_w8,f2_w8,f4_w8",0.4322102376458622,0.24676574080195124,0.7958973477203893,0.3088273672448866,relevance_minus_redundancy,,
6,"f5_w8,f3_w8,f7_w8,f8_w8,f6_w8,f10_w8",0.5033418849822835,0.38910603684140277,0.8910040858870307,0.3087888665615821,relevance_minus_redundancy,,
4,"f5_w8,f7_w8,f9_w8,f10_w8",0.4781121764486171,0.3386549326871955,0.7211659687271271,0.30878471010501934,relevance_minus_redundancy,,
6,"f1_w8,f3_w8,f7_w8,f9_w8,f2_w8,f4_w8",0.46544793864375444,0.3135007559628349,0.7958973477203893,0.308697560662337,relevance_minus_redundancy,,
4,"f5_w8,f3_w8,f9_w8,f6_w8",0.49665515456426557,0.37596480022379636,0.651642574178619,0.3086727544523674,relevance_minus_redundancy,,
4,"f1_w8,f2_w8,f6_w8,f10_w8",0.3743142064057973,0.13129473098692532,0.2111335688638628,0.30866684091233465,relevance_minus_redundancy,,
3,"f1_w8,f7_w8,f4_w8",0.4928701573385194,0.36883147281188416,0.7797737067927382,0.30845442093257736,relevance_minus_redundancy,,
4,"f1_w8,f7_w8,f2_w8,f4_w8",0.4316752306949583,0.24650484154131683,0.7797737067927382,0.3084228099242999,relevance_minus_redundancy,,
6,"f5_w8,f3_w8,f7_w8,f2_w8,f6_w8,f10_w8",0.4514579957189821,0.28621084865236707,0.651642574178619,0.3083525713927986,relevance_minus_redundancy,,
5,"f1_w8,f3_w8,f6_w8,f10_w8,f4_w8",0.393441298021325,0.17036764342058675,0.7958973477203893,0.3082574763110316,relevance_minus_redundancy,,
5,"f3_w8,f8_w8,f9_w8,f2_w8,f10_w8",0.41613659980105755,0.21584836508651994,0.6747291269831341,0.3082124172577976,relevance_minus_redundancy,,
6,"f5_w8,f3_w8,f7_w8,f9_w8,f10_w8,f4_w8",0.4384148035070298,0.2606765303188651,0.7211659687271271,0.3080765383475973,relevance_minus_redundancy,,
6,"f1_w8,f5_w8,f7_w8,f8_w8,f6_w8,f10_w8",0.5248308705047222,0.43357447973217295,0.8910040858870307,0.3080436306386357,relevance_minus_redundancy,,
6,"f1_w8,f3_w8,f8_w8,f2_w8,f10_w8,f4_w8",0.427140906038789,0.23821195006626142,0.7958973477203893,0.3080349310056583,relevance_minus_redundancy,,
6,"f3_w8,f7_w8,f8_w8,f9_w8,f2_w8,f10_w8",0.45205324043975054,0.28855717174671813,0.8910040858870307,0.30777465456639147,relevance_minus_redundancy,,
7,"f5_w8,f3_w8,f7_w8,f8_w8,f2_w8,f6_w8,f10_w8",0.4668773943797108,0.31898392784978463,0.8910040858870307,0.3073854304548185,relevance_minus_redundancy,,
7,"f1_w8,f5_w8,f3_w8,f8_w8,f6_w8,f10_w8,f4_w8",0.4621984135204041,0.3098571023764591,0.7958973477203893,0.30726986233217457,relevance_minus_redundancy,,
3,"f7_w8,f2_w8,f10_w8",0.3623129824039089,0.11030743395517613,0.2111335688638628,0.3071592654263208,relevance_minus_redundancy,,
6,"f1_w8,f5_w8,f7_w8,f9_w8,f2_w8,f6_w8",0.4992135709648642,0.38433314280138337,0.7797737067927382,0.3070469995641725,relevance_minus_redundancy,,
5,"f1_w8,f3_w8,f9_w8,f6_w8,f4_w8",0.424961205689457,0.23617681794403106,0.7958973477203893,0.3068727967174415,relevance_minus_redundancy,,
8,"f1_w8,f5_w8,f3_w8,f7_w8,f2_w8,f6_w8,f10_w8,f4_w8",0.44446525033702944,0.27549742012267303,0.7958973477203893,0.30671654027569295,relevance_minus_redundancy,,
5,"f1_w8,f5_w8,f9_w8,f6_w8,f10_w8",0.46455331684118606,0.31618100920949294,0.6765444111026879,0.30646281223643956,relevance_minus_redundancy,,
8,"f1_w8,f5_w8,f3_w8,f7_w8,f8_w8,f6_w8,f10_w8,f4_w8",0.4833781672845055,0.35475189049835887,0.8910040858870307,0.30600222203532607,relevance_minus_redundancy,,
3,"f1_w8,f6_w8,f4_w8",0.35293977312153046,0.09391187032025523,0.17794482543548976,0.3059838379614028,relevance_minus_redundancy,,
5,"f5_w8,f3_w8,f8_w8,f9_w8,f4_w8",0.4702068221877621,0.3291497929506566,0.6747291269831341,0.3056319257124338,relevance_minus_redundancy,,
6,"f1_w8,f3_w8,f8_w8,f2_w8,f6_w8,f4_w8",0.4279131124001245,0.24460904934059752,0.7958973477203893,0.3056085877298257,relevance_minus_redundancy,,
6,"f1_w8,f7_w8,f8_w8,f2_w8,f6_w8,f10_w8",0.4480478426000813,0.28509897442926135,0.8910040858870307,0.3054983553854506,relevance_minus_redundancy,,
5,"f5_w8,f3_w8,f8_w8,f6_w8,f10_w8",0.47768297325209713,0.3444815798569107,0.651642574178619,0.3054421833236418,relevance_minus_redundancy,,
5,"f1_w8,f8_w8,f2_w8,f6_w8,f10_w8",0.41133012239345457,0.211854604878882,0.689042292309862,0.3054028199540136,relevance_minus_redundancy,,
5,"f1_w8,f5_w8,f7_w8,f8_w8,f6_w8",0.5883546340428194,0.5662090290732248,0.8910040858870307,0.305250119506207,relevance_minus_redundancy,,
5,"f1_w8,f3_w8,f2_w8,f6_w8,f4_w8",0.4016169776113327,0.19314372996868537,0.7958973477203893,0.30504511262699,relevance_minus_redundancy,,
6,"f1_w8,f3_w8,f8_w8,f9_w8,f2_w8,f4_w8",0.4534074957622323,0.29759452597953845,0.7958973477203893,0.30461023277246313,relevance_minus_redundancy,,
7,"f1_w8,f5_w8,f3_w8,f7_w8,f9_w8,f6_w8,f4_w8",0.49503301289608864,0.3808840857052476,0.7958973477203893,0.3045909700434648,relevance_minus_redundancy,,
4,"f5_w8,f7_w8,f9_w8,f2_w8",0.4883317759361267,0.36915152378844157,0.7211659687271271,0.3037560140419059,relevance_minus_redundancy,,
5,"f3_w8,f7_w8,f8_w8,f6_w8,f10_w8",0.4622525383403162,0.317000875452345,0.8910040858870307,0.3037521006141437,relevance_minus_redundancy,,
6,"f1_w8,f5_w8,f7_w8,f8_w8,f10_w8,f4_w8",0.492334154894333,0.37729051846490363,0.8910040858870307,0.3036888956618812,relevance_minus_redundancy,,
5,"f5_w8,f3_w8,f7_w8,f9_w8,f6_w8",0.5236514123780556,0.4399430500212804,0.7211659687271271,0.30367988736741536,relevance_minus_redundancy,,
7,"f1_w8,f3_w8,f7_w8,f8_w8,f2_w8,f6_w8,f4_w8",0.45701644543342324,0.30672380146002587,0.8910040858870307,0.3036545447034103,relevance_minus_redundancy,,
4,"f3_w8,f8_w8,f6_w8,f10_w8",0.4199065620170914,0.23257042515433315,0.4161670857316782,0.30362134943992486,relevance_minus_redundancy,,
3,"f5_w8,f3_w8,f6_w8",0.5406030090340553,0.4740596126483864,0.651642574178619,0.3035732027098621,relevance_minus_redundancy,,
7,"f1_w8,f5_w8,f7_w8,f8_w8,f2_w8,f10_w8,f4_w8",0.4574421971614676,0.3086577866405684,0.8910040858870307,0.3031133038411834,relevance_minus_redundancy,,
6,"f5_w8,f3_w8,f7_w8,f9_w8,f6_w8,f10_w8",0.47091151911741896,0.3358452398617066,0.7211659687271271,0.3029888991865657,relevance_minus_redundancy,,
9,"f1_w8,f5_w8,f3_w8,f7_w8,f8_w8,f2_w8,f6_w8,f10_w8,f4_w8",0.4572350876711465,0.30906015838919637,0.8910040858870307,0.30270500847654835,relevance_minus_redundancy,,
7,"f1_w8,f5_w8,f3_w8,f9_w8,f6_w8,f10_w8,f4_w8",0.4344009570648059,0.26379685981939077,0.7958973477203893,0.3025025271551105,relevance_minus_redundancy,,
6,"f5_w8,f3_w8,f7_w8,f2_w8,f10_w8,f4_w8",0.4189612801085929,0.23313393074343106,0.651642574178619,0.3023943147368774,relevance_minus_redundancy,,
7,"f1_w8,f3_w8,f7_w8,f9_w8,f2_w8,f10_w8,f4_w8",0.4285570978109661,0.2524001938109993,0.7958973477203893,0.30235700090546647,relevance_minus_redundancy,,
6,"f1_w8,f3_w8,f7_w8,f8_w8,f6_w8,f4_w8",0.4918374445449479,0.37913468941984324,0.8910040858870307,0.3022700998350263,relevance_minus_redundancy,,
4,"f1_w8,f9_w8,f2_w8,f6_w8",0.4137140909909623,0.2231771749321982,0.4597979894490815,0.30212550352486317,relevance_minus_redundancy,,
8,"f1_w8,f5_w8,f3_w8,f7_w8,f9_w8,f6_w8,f10_w8,f4_w8",0.4590553928858571,0.31414106153913257,0.7958973477203893,0.30198486211629083,relevance_minus_redundancy,,
6,"f5_w8,f3_w8,f7_w8,f9_w8,f2_w8,f6_w8",0.4777245854424254,0.35176759998361273,0.7211659687271271,0.30184078545061904,relevance_minus_redundancy,,
5,"f3_w8,f7_w8,f2_w8,f6_w8,f10_w8",0.39999187122435453,0.19677361822710132,0.4379151377197497,0.30160506211080385,relevance_minus_redundancy,,
6,"f1_w8,f5_w8,f7_w8,f9_w8,f6_w8,f10_w8",0.4924005046398577,0.38170701987066324,0.7797737067927382,0.30154699470452606,relevance_minus_redundancy,,
5,"f1_w8,f8_w8,f9_w8,f2_w8,f10_w8",0.441923382427984,0.2809458839888804,0.689042292309862,0.30145044043354385,relevance_minus_redundancy,,
3,"f5_w8,f9_w8,f2_w8",0.44056355337043046,0.27835360952312604,0.3701281495862937,0.30138674860886744,relevance_minus_redundancy,,
5,"f1_w8,f5_w8,f2_w8,f10_w8,f4_w8",0.4022130300305949,0.2018291691356932,0.6765444111026879,0.3012984454627483,relevance_minus_redundancy,,
7,"f1_w8,f3_w8,f7_w8,f8_w8,f9_w8,f10_w8,f4_w8",0.47302900289379585,0.3436837117761431,0.8910040858870307,0.3011871470057243,relevance_minus_redundancy,,
6,"f1_w8,f5_w8,f8_w8,f2_w8,f10_w8,f4_w8",0.4284098227495096,0.25463687467415214,0.689042292309862,0.3010913854124335,relevance_minus_redundancy,,
3,"f3_w8,f2_w8,f6_w8",0.38703695322477355,0.17224184345318083,0.353102140345364,0.30091603149818313,relevance_minus_redundancy,,
7,"f5_w8,f3_w8,f7_w8,f8_w8,f2_w8,f10_w8,f4_w8",0.4390230667136629,0.27638273912791206,0.8910040858870307,0.3008316971497069,relevance_minus_redundancy,,
4,"f3_w8,f9_w8,f2_w8,f10_w8",0.3803223031653012,0.15906348347569468,0.353102140345364,0.30079056142745386,relevance_minus_redundancy,,
6,"f1_w8,f5_w8,f7_w8,f9_w8,f10_w8,f4_w8",0.45990378902946855,0.3185830117491826,0.7797737067927382,0.30061228315487726,relevance_minus_redundancy,,
6,"f1_w8,f5_w8,f8_w8,f9_w8,f2_w8,f6_w8",0.48717312808334207,0.3731922918338746,0.689042292309862,0.30057698216640477,relevance_minus_redundancy,,
8,"f1_w8,f5_w8,f3_w8,f7_w8,f9_w8,f2_w8,f6_w8,f4_w8",0.4641651926296119,0.32881036197086333,0.7958973477203893,0.29976001164418026,relevance_minus_redundancy,,
6,"f3_w8,f7_w8,f8_w8,f2_w8,f6_w8,f10_w8",0.42655885707764263,0.253618731794508,0.8910040858870307,0.2997494911803886,relevance_minus_redundancy,,
6,"f1_w8,f3_w8,f8_w8,f6_w8,f10_w8,f4_w8",0.42110004607511803,0.2429978329006464,0.7958973477203893,0.29960112962479485,relevance_minus_redundancy,,
4,"f3_w8,f7_w8,f9_w8,f6_w8",0.4773671109245394,0.3560005778346281,0.7211659687271271,0.2993668220072253,relevance_minus_redundancy,,
7,"f1_w8,f5_w8,f7_w8,f9_w8,f2_w8,f6_w8,f10_w8",0.45749906837191734,0.3163762475975722,0.7797737067927382,0.29931094457313123,relevance_minus_redundancy,,
7,"f1_w8,f5_w8,f3_w8,f8_w8,f9_w8,f6_w8,f4_w8",0.4847126332833555,0.37100189360906205,0.7958973477203893,0.29921168647882446,relevance_minus_redundancy,,
5,"f1_w8,f5_w8,f7_w8,f8_w8,f4_w8",0.5493585753103524,0.5003018607459626,0.8910040858870307,0.29920764493737106,relevance_minus_redundancy,,
4,"f5_w8,f3_w8,f2_w8,f6_w8",0.46747486946661027,0.336772595559011,0.651642574178619,0.2990885716871048,relevance_minus_redundancy,,
5,"f1_w8,f5_w8,f7_w8,f8_w8,f9_w8",0.6189478940773488,0.6398352087499455,0.8910040858870307,0.2990302897023761,relevance_minus_redundancy,,
5,"f1_w8,f3_w8,f2_w8,f10_w8,f4_w8",0.4006903299777303,0.20370674444497666,0.7958973477203893,0.298836957755242,relevance_minus_redundancy,,
8,"f1_w8,f5_w8,f3_w8,f8_w8,f2_w8,f6_w8,f10_w8,f4_w8",0.435434918175888,0.27352207582082155,0.7958973477203893,0.2986738802654772,relevance_minus_redundancy,,
4,"f1_w8,f5_w8,f6_w8,f4_w8",0.44190198438917794,0.286473629783207,0.6765444111026879,0.29866516949757443,relevance_minus_redundancy,,
5,"f5_w8,f3_w8,f8_w8,f9_w8,f6_w8",0.5092028809202291,0.4219445312673125,0.6747291269831341,0.2982306152865729,relevance_minus_redundancy,,
7,"f1_w8,f3_w8,f7_w8,f8_w8,f9_w8,f2_w8,f4_w8",0.4788687740295157,0.36141790033348187,0.8910040858870307,0.2981598238627748,relevance_minus_redundancy,,
2,"f3_w8,f2_w8",0.474632784346036,0.353102140345364,0.353102140345364,0.298081714173354,relevance_minus_redundancy,,
5,"f5_w8,f3_w8,f9_w8,f6_w8,f10_w8",0.4387665342142597,0.2815741961033569,0.651642574178619,0.29797943616258127,relevance_minus_redundancy,,
3,"f1_w8,f2_w8,f4_w8",0.3650214930488725,0.13441874142392213,0.18318097342918033,0.29781212233691146,relevance_minus_redundancy,,
5,"f1_w8,f5_w8,f9_w8,f2_w8,f4_w8",0.43373293769872684,0.27195023889473435,0.6765444111026879,0.29775781825135966,relevance_minus_redundancy,,
7,"f1_w8,f3_w8,f7_w8,f2_w8,f6_w8,f10_w8,f4_w8",0.40670476921487364,0.2178982289127388,0.7958973477203893,0.29775565475850424,relevance_minus_redundancy,,
7,"f1_w8,f5_w8,f3_w8,f9_w8,f2_w8,f6_w8,f4_w8",0.4402407282005258,0.28510836244466736,0.7958973477203893,0.2976865469781921,relevance_minus_redundancy,,
7,"f1_w8,f3_w8,f7_w8,f8_w8,f6_w8,f10_w8,f4_w8",0.45117667429770336,0.3073253679573153,0.8910040858870307,0.2975139903190457,relevance_minus_redundancy,,
5,"f1_w8,f7_w8,f8_w8,f6_w8,f10_w8",0.48803932096724256,0.3812133560960934,0.8910040858870307,0.29743264291919586,relevance_minus_redundancy,,
6,"f5_w8,f3_w8,f8_w8,f2_w8,f6_w8,f10_w8",0.43941755283746015,0.28435959572092545,0.651642574178619,0.29723775497699745,relevance_minus_redundancy,,
6,"f5_w8,f3_w8,f8_w8,f9_w8,f10_w8,f4_w8",0.42637436062550776,0.2587229203543109,0.6747291269831341,0.2970129004483523,relevance_minus_redundancy,,
6,"f5_w8,f3_w8,f8_w8,f9_w8,f2_w8,f6_w8",0.46568414256090346,0.33773485668045694,0.6747291269831341,0.296816714220675,relevance_minus_redundancy,,
6,"f1_w8,f3_w8,f7_w8,f8_w8,f9_w8,f4_w8",0.5173318279070558,0.4410678889147122,0.8910040858870307,0.2967978834496997,relevance_minus_redundancy,,
3,"f3_w8,f6_w8,f10_w8",0.37341082057476077,0.15362322504614276,0.20629680749542753,0.2965992080516894,relevance_minus_redundancy,,
5,"f1_w8,f5_w8,f7_w8,f9_w8,f6_w8",0.549438195004982,0.5057834809395547,0.7797737067927382,0.2965464545352047,relevance_minus_redundancy,,
6,"f5_w8,f3_w8,f7_w8,f9_w8,f2_w8,f4_w8",0.4452278698320362,0.29763173796787434,0.7211659687271271,0.29641200084809904,relevance_minus_redundancy,,
4,"f1_w8,f9_w8,f6_w8,f10_w8",0.4034944915034527,0.21439030305913728,0.4597979894490815,0.296299339973884,relevance_minus_redundancy,,
6,"f1_w8,f7_w8,f8_w8,f9_w8,f2_w8,f10_w8",0.47354222596218914,0.3547460889531576,0.8910040858870307,0.29616918148561033,relevance_minus_redundancy,,
4,"f5_w8,f8_w8,f9_w8,f2_w8",0.47027111161384366,0.34828879148964687,0.6747291269831341,0.29612671586902023,relevance_minus_redundancy,,
6,"f1_w8,f5_w8,f7_w8,f2_w8,f6_w8,f4_w8",0.44122247199236714,0.2903713751329771,0.7797737067927382,0.29603678442587855,relevance_minus_redundancy,,
4,"f3_w8,f7_w8,f2_w8,f4_w8",0.39944175241130025,0.20681903891091427,0.4379151377197497,0.29603223295584313,relevance_minus_redundancy,,
5,"f1_w8,f5_w8,f7_w8,f9_w8,f4_w8",0.510442136272515,0.4296162423309755,0.7797737067927382,0.29563401510702725,relevance_minus_redundancy,,
6,"f1_w8,f5_w8,f7_w8,f9_w8,f2_w8,f4_w8",0.466716855354475,0.34224198220700586,0.7797737067927382,0.29559586425097206,relevance_minus_redundancy,,
7,"f5_w8,f3_w8,f7_w8,f8_w8,f9_w8,f2_w8,f6_w8",0.48939161414266225,0.3877220204735034,0.8910040858870307,0.29553060390591057,relevance_minus_redundancy,,
4,"f5_w8,f3_w8,f6_w8,f10_w8",0.45725526997910065,0.3235513270613619,0.651642574178619,0.2954796064484197,relevance_minus_redundancy,,
7,"f1_w8,f5_w8,f3_w8,f2_w8,f6_w8,f10_w8,f4_w8",0.41772650843757436,0.24463734620446695,0.7958973477203893,0.2954078353353409,relevance_minus_redundancy,,
6,"f1_w8,f3_w8,f7_w8,f9_w8,f6_w8,f4_w8",0.4594070786800834,0.32816669052348846,0.7958973477203893,0.2953237334183392,relevance_minus_redundancy,,
4,"f1_w8,f8_w8,f2_w8,f4_w8",0.41361456637267524,0.23683037346000468,0.689042292309862,0.2951993796426729,relevance_minus_redundancy,,
6,"f1_w8,f3_w8,f9_w8,f2_w8,f10_w8,f4_w8",0.39471054017392454,0.1991503467057313,0.7958973477203893,0.2951353668210589,relevance_minus_redundancy,,
8,"f1_w8,f5_w8,f3_w8,f8_w8,f9_w8,f2_w8,f6_w8,f4_w8",0.4551348604684704,0.32030921925559364,0.7958973477203893,0.2949802508406736,relevance_minus_redundancy,,
5,"f1_w8,f7_w8,f8_w8,f9_w8,f2_w8",0.5268082605917798,0.463833158647629,0.8910040858870307,0.2948916812679653,relevance_minus_redundancy,,
8,"f1_w8,f3_w8,f7_w8,f8_w8,f9_w8,f2_w8,f10_w8,f4_w8",0.4449116838776057,0.3000803246230466,0.8910040858870307,0.29487152156608243,relevance_minus_redundancy,,
5,"f1_w8,f7_w8,f9_w8,f2_w8,f6_w8",0.45729856151941284,0.32488685620613805,0.7797737067927382,0.29485513341634384,relevance_minus_redundancy,,
5,"f3_w8,f7_w8,f9_w8,f6_w8,f10_w8",0.4233360993024788,0.2569923610655079,0.7211659687271271,0.2948399187697248,relevance_minus_redundancy,,
2,"f5_w8,f4_w8",0.3628268077560169,0.13609399765014887,0.13609399765014887,0.29477980893094247,relevance_minus_redundancy,,
5,"f5_w8,f7_w8,f9_w8,f2_w8,f10_w8",0.4321078313117487,0.2749489638949781,0.7211659687271271,0.29463334936425967,relevance_minus_redundancy,,
7,"f1_w8,f3_w8,f8_w8,f9_w8,f2_w8,f10_w8,f4_w8",0.4182367181982329,0.24752838733872656,0.7958973477203893,0.29447252452886963,relevance_minus_redundancy,,
8,"f1_w8,f5_w8,f3_w8,f8_w8,f9_w8,f6_w8,f10_w8,f4_w8",0.4500250607247156,0.3115967572466976,0.7958973477203893,0.2942266821013668,relevance_minus_redundancy,,
6,"f1_w8,f5_w8,f9_w8,f2_w8,f6_w8,f10_w8",0.4284761724950343,0.26924081324028903,0.6765444111026879,0.29385576587488976,relevance_minus_redundancy,,
9,"f1_w8,f5_w8,f3_w8,f7_w8,f9_w8,f2_w8,f6_w8,f10_w8,f4_w8",0.4356148437612369,0.2837557674259319,0.7958973477203893,0.29373696004827093,relevance_minus_redundancy,,
4,"f1_w8,f7_w8,f8_w8,f6_w8",0.5582461380054942,0.5291557682960121,0.8910040858870307,0.2936682538574881,relevance_minus_redundancy,,
8,"f1_w8,f3_w8,f7_w8,f8_w8,f2_w8,f6_w8,f10_w8,f4_w8",0.42579089635602485,0.2649694923332278,0.8910040858870307,0.293306150189411,relevance_minus_redundancy,,
7,"f5_w8,f3_w8,f7_w8,f9_w8,f2_w8,f6_w8,f10_w8",0.43907993792411265,0.29170931744432615,0.7211659687271271,0.2932252792019496,relevance_minus_redundancy,,
5,"f3_w8,f7_w8,f8_w8,f2_w8,f4_w8",0.4314321591978569,0.27644073817330855,0.8910040858870307,0.2932117901112026,relevance_minus_redundancy,,
7,"f1_w8,f5_w8,f7_w8,f8_w8,f9_w8,f2_w8,f6_w8",0.5078107445904669,0.42932773934846785,0.8910040858870307,0.29314687491623304,relevance_minus_redundancy,,
9,"f1_w8,f5_w8,f3_w8,f7_w8,f8_w8,f9_w8,f2_w8,f6_w8,f4_w8",0.47474614748677546,0.3633076874691615,0.8910040858870307,0.29309230375219475,relevance_minus_redundancy,,
4,"f3_w8,f7_w8,f8_w8,f4_w8",0.4772675863062524,0.3684939585054415,0.8910040858870307,0.2930206070535316,relevance_minus_redundancy,,
5,"f1_w8,f5_w8,f7_w8,f6_w8,f4_w8",0.4798488762379855,0.3737681401118865,0.7797737067927382,0.29296480618204224,relevance_minus_redundancy,,
3,"f7_w8,f2_w8,f6_w8",0.3638573951265797,0.14214024072720124,0.36737204196866546,0.2927872747629791,relevance_minus_redundancy,,
6,"f1_w8,f3_w8,f9_w8,f6_w8,f10_w8,f4_w8",0.38866968021025355,0.19176861404255552,0.7958973477203893,0.2927853731889758,relevance_minus_redundancy,,
6,"f5_w8,f3_w8,f8_w8,f9_w8,f6_w8,f10_w8",0.45887107623589696,0.3329319282811759,0.6747291269831341,0.292405112095309,relevance_minus_redundancy,,
5,"f5_w8,f3_w8,f9_w8,f2_w8,f6_w8",0.44694221380426746,0.30913785059045046,0.651642574178619,0.2923732885090422,relevance_minus_redundancy,,
4,"f3_w8,f8_w8,f9_w8,f6_w8",0.45930644660225634,0.33404197825153464,0.6747291269831341,0.29228545747648904,relevance_minus_redundancy,,
5,"f3_w8,f7_w8,f9_w8,f2_w8,f6_w8",0.4315117788924865,0.278528725671889,0.7211659687271271,0.292247416056542,relevance_minus_redundancy,,
4,"f5_w8,f7_w8,f2_w8,f6_w8",0.45009020089296486,0.3159794569086653,0.6244677589856393,0.29210047243863224,relevance_minus_redundancy,,
7,"f1_w8,f3_w8,f7_w8,f9_w8,f6_w8,f10_w8,f4_w8",0.42337921784210525,0.2626455393843978,0.7958973477203893,0.2920564481499064,relevance_minus_redundancy,,
7,"f5_w8,f3_w8,f7_w8,f8_w8,f9_w8,f10_w8,f4_w8",0.4556975153408946,0.32766275282518065,0.8910040858870307,0.29186613892830426,relevance_minus_redundancy,,
4,"f5_w8,f3_w8,f2_w8,f4_w8",0.41872979605102645,0.2537560432035621,0.651642574178619,0.29185177444924537,relevance_minus_redundancy,,
5,"f3_w8,f7_w8,f8_w8,f10_w8,f4_w8",0.4232564796078492,0.26334525755294874,0.8910040858870307,0.29158385083137484,relevance_minus_redundancy,,
9,"f1_w8,f5_w8,f3_w8,f7_w8,f8_w8,f9_w8,f6_w8,f10_w8,f4_w8",0.47020410327010453,0.3575535821023075,0.8910040858870307,0.2914273122189508,relevance_minus_redundancy,,
8,"f1_w8,f5_w8,f3_w8,f7_w8,f8_w8,f9_w8,f6_w8,f4_w8",0.503078109577088,0.4235701635908512,0.8910040858870307,0.2912930277816624,relevance_minus_redundancy,,
4,"f7_w8,f8_w8,f2_w8,f10_w8",0.41158318338895256,0.2412491120963811,0.8910040858870307,0.290958627340762,relevance_minus_redundancy,,
6,"f5_w8,f3_w8,f8_w8,f9_w8,f2_w8,f4_w8",0.43318742695051426,0.2845586962806951,0.6747291269831341,0.2909080788101667,relevance_minus_redundancy,,
7,"f1_w8,f5_w8,f7_w8,f9_w8,f2_w8,f10_w8,f4_w8",0.4296447407058695,0.27749266928080646,0.7797737067927382,0.29089840606546624,relevance_minus_redundancy,,
4,"f3_w8,f9_w8,f6_w8,f10_w8",0.37126101321979466,0.1608625873695886,0.4597979894490815,0.29082971953500036,relevance_minus_redundancy,,
6,"f5_w8,f3_w8,f8_w8,f2_w8,f10_w8,f4_w8",0.40692083722707095,0.23224237942796586,0.651642574178619,0.290799647513088,relevance_minus_redundancy,,
7,"f5_w8,f3_w8,f7_w8,f8_w8,f9_w8,f6_w8,f10_w8",0.48355184300694243,0.38604379271412853,0.8910040858870307,0.2905299466498782,relevance_minus_redundancy,,
5,"f1_w8,f7_w8,f2_w8,f10_w8,f4_w8",0.3867825951188139,0.19275933817064855,0.7797737067927382,0.2904029260334896,relevance_minus_redundancy,,
3,"f1_w8,f7_w8,f9_w8",0.6088523552835136,0.6369201702541994,0.7797737067927382,0.29039227015641383,relevance_minus_redundancy,,
4,"f3_w8,f8_w8,f10_w8,f4_w8",0.3711614886015076,0.161955515116161,0.31769589120639546,0.2901837310434271,relevance_minus_redundancy,,
6,"f5_w8,f3_w8,f7_w8,f8_w8,f9_w8,f4_w8",0.4971117590953376,0.41421846636657944,0.8910040858870307,0.2900025259120479,relevance_minus_redundancy,,
7,"f1_w8,f5_w8,f8_w8,f9_w8,f2_w8,f6_w8,f10_w8",0.4471786887591841,0.31490828327943343,0.689042292309862,0.2897245471194674,relevance_minus_redundancy,,
8,"f5_w8,f3_w8,f7_w8,f8_w8,f9_w8,f2_w8,f6_w8,f10_w8",0.4541191689766091,0.3287901624419269,0.8910040858870307,0.2897240877556456,relevance_minus_redundancy,,
8,"f1_w8,f5_w8,f7_w8,f8_w8,f9_w8,f2_w8,f6_w8,f10_w8",0.4702359081184381,0.36104882270356475,0.8910040858870307,0.2897114967666557,relevance_minus_redundancy,,
6,"f1_w8,f5_w8,f8_w8,f9_w8,f6_w8,f10_w8",0.4803600617583357,0.3816856006257795,0.689042292309862,0.28951726144544593,relevance_minus_redundancy,,
7,"f5_w8,f3_w8,f7_w8,f8_w8,f9_w8,f2_w8,f4_w8",0.46153728647661435,0.3443644431039149,0.8910040858870307,0.2893550649246569,relevance_minus_redundancy,,
3,"f1_w8,f8_w8,f9_w8",0.5847714695204695,0.5911974181785763,0.689042292309862,0.2891727604311814,relevance_minus_redundancy,,
7,"f5_w8,f3_w8,f7_w8,f9_w8,f2_w8,f10_w8,f4_w8",0.4112256102580648,0.24422238096944554,0.7211659687271271,0.28911441977334207,relevance_minus_redundancy,,
10,"f1_w8,f5_w8,f3_w8,f7_w8,f8_w8,f9_w8,f2_w8,f6_w8,f10_w8,f4_w8",0.44799273801952155,0.3178261042865091,0.8910040858870307,0.289079685876267,relevance_minus_redundancy,,
3,"f1_w8,f8_w8,f4_w8",0.46878927157547534,0.3596511906518119,0.689042292309862,0.2889636762495694,relevance_minus_redundancy,,
5,"f1_w8,f5_w8,f8_w8,f9_w8,f6_w8",0.5349896635471556,0.4921228006890573,0.689042292309862,0.288928263202627,relevance_minus_redundancy,,
7,"f1_w8,f3_w8,f7_w8,f9_w8,f2_w8,f6_w8,f4_w8",0.42921898897782507,0.2810869039712398,0.7958973477203893,0.28867553699220516,relevance_minus_redundancy,,
6,"f1_w8,f5_w8,f8_w8,f9_w8,f2_w8,f4_w8",0.45467641247295293,0.33206083285547355,0.689042292309862,0.2886459960452161,relevance_minus_redundancy,,
6,"f1_w8,f3_w8,f8_w8,f9_w8,f6_w8,f4_w8",0.44736663579856134,0.31754719425823663,0.7958973477203893,0.288593038669443,relevance_minus_redundancy,,
4,"f3_w8,f7_w8,f9_w8,f4_w8",0.42862203750895556,0.2803390534895089,0.7211659687271271,0.2884525107642011,relevance_minus_redundancy,,
5,"f1_w8,f5_w8,f2_w8,f6_w8,f4_w8",0.4031396776641974,0.22952372095953727,0.6765444111026879,0.2883778171844288,relevance_minus_redundancy,,
5,"f5_w8,f3_w8,f9_w8,f2_w8,f4_w8",0.4079461550718005,0.23922072944333586,0.651642574178619,0.28833579035013257,relevance_minus_redundancy,,
6,"f1_w8,f5_w8,f7_w8,f6_w8,f10_w8,f4_w8",0.43440940566736064,0.29238246175163324,0.7797737067927382,0.288218174791544,relevance_minus_redundancy,,
6,"f1_w8,f5_w8,f8_w8,f9_w8,f10_w8,f4_w8",0.4478633461479465,0.3195212941202753,0.689042292309862,0.28810269908780883,relevance_minus_redundancy,,
5,"f1_w8,f7_w8,f8_w8,f2_w8,f4_w8",0.4572189418247833,0.33877591516231936,0.8910040858870307,0.28783098424362363,relevance_minus_redundancy,,
6,"f5_w8,f3_w8,f7_w8,f8_w8,f9_w8,f6_w8",0.5296084747057268,0.48360607316201215,0.8910040858870307,0.2878054381247207,relevance_minus_redundancy,,
5,"f3_w8,f7_w8,f9_w8,f10_w8,f4_w8",0.38434004057001175,0.1930766728847947,0.7211659687271271,0.2878017041276144,relevance_minus_redundancy,,
7,"f1_w8,f3_w8,f8_w8,f2_w8,f6_w8,f10_w8,f4_w8",0.39638438960214045,0.21756127413127588,0.7958973477203893,0.2876037525365025,relevance_minus_redundancy,,
8,"f1_w8,f5_w8,f3_w8,f9_w8,f2_w8,f6_w8,f10_w8,f4_w8",0.4111121437772396,0.247053505909478,0.7958973477203893,0.28758539082250056,relevance_minus_redundancy,,
5,"f1_w8,f7_w8,f9_w8,f6_w8,f10_w8",0.4491228819294052,0.3232948473865359,0.7797737067927382,0.28747545823613724,relevance_minus_redundancy,,
5,"f1_w8,f5_w8,f8_w8,f9_w8,f4_w8",0.49599360481468857,0.41739511450444267,0.689042292309862,0.28729604756246724,relevance_minus_redundancy,,
4,"f5_w8,f8_w8,f9_w8,f10_w8",0.46005151212633405,0.34559077969496316,0.6747291269831341,0.28725612227885244,relevance_minus_redundancy,,
9,"f1_w8,f5_w8,f3_w8,f8_w8,f9_w8,f2_w8,f6_w8,f10_w8,f4_w8",0.42758788184022223,0.28092947625382536,0.7958973477203893,0.28712314371330955,relevance_minus_redundancy,,
3,"f5_w8,f7_w8,f8_w8",0.6332729493898063,0.6923825322516265,0.8910040858870307,0.287081683263993,relevance_minus_redundancy,,
5,"f1_w8,f7_w8,f8_w8,f9_w8,f10_w8",0.518632581001772,0.4637262194899837,0.8910040858870307,0.28676947125678015,relevance_minus_redundancy,,
4,"f3_w8,f8_w8,f2_w8,f4_w8",0.3813810880890172,0.18991483999048478,0.353102140345364,0.28642366809377484,relevance_minus_redundancy,,
5,"f1_w8,f8_w8,f9_w8,f2_w8,f6_w8",0.4428500300615865,0.31299893875898677,0.689042292309862,0.28635056068209314,relevance_minus_redundancy,,
5,"f3_w8,f8_w8,f2_w8,f6_w8,f10_w8",0.3855433397665281,0.1988200978340508,0.4161670857316782,0.2861332908495027,relevance_minus_redundancy,,
4,"f3_w8,f9_w8,f10_w8,f4_w8",0.32251593980421084,0.07314756019588815,0.25872609211062897,0.28594215970626674,relevance_minus_redundancy,,
6,"f1_w8,f5_w8,f8_w8,f2_w8,f6_w8,f4_w8",0.429182029110845,0.2865390181485786,0.689042292309862,0.28591252003655576,relevance_minus_redundancy,,
5,"f3_w8,f8_w8,f9_w8,f2_w8,f6_w8",0.41706324743466006,0.2623029697212673,0.6747291269831341,0.2859117625740264,relevance_minus_redundancy,,
3,"f3_w8,f10_w8,f4_w8",0.3084173893539824,0.04521713647822598,0.10850436286209991,0.2858088211148694,relevance_minus_redundancy,,
7,"f1_w8,f5_w8,f7_w8,f8_w8,f2_w8,f6_w8,f4_w8",0.45810408832832655,0.3452106083578567,0.8910040858870307,0.2854987841493982,relevance_minus_redundancy,,
6,"f1_w8,f3_w8,f9_w8,f2_w8,f6_w8,f4_w8",0.39548274653525994,0.22003993400029068,0.7958973477203893,0.2854627795351146,relevance_minus_redundancy,,
8,"f5_w8,f3_w8,f7_w8,f8_w8,f9_w8,f2_w8,f10_w8,f4_w8",0.42974663226881715,0.28965813170986354,0.8910040858870307,0.2849175664138854,relevance_minus_redundancy,,
6,"f1_w8,f7_w8,f9_w8,f2_w8,f6_w8,f10_w8",0.41561747673521676,0.2615629777016107,0.7797737067927382,0.28483598788441145,relevance_minus_redundancy,,
6,"f1_w8,f5_w8,f9_w8,f2_w8,f10_w8,f4_w8",0.3959794568846451,0.22232825151447905,0.6765444111026879,0.28481533112740554,relevance_minus_redundancy,,
7,"f5_w8,f3_w8,f8_w8,f9_w8,f2_w8,f6_w8,f10_w8",0.4287595583113796,0.28817571574358253,0.6747291269831341,0.28467170043958834,relevance_minus_redundancy,,
5,"f5_w8,f7_w8,f8_w8,f9_w8,f2_w8",0.502544178017718,0.43605851489861835,0.8910040858870307,0.2845149205684088,relevance_minus_redundancy,,
3,"f5_w8,f7_w8,f4_w8",0.45243001971508306,0.33592929043612285,0.6171885504544837,0.28446537449702164,relevance_minus_redundancy,,
5,"f1_w8,f7_w8,f2_w8,f6_w8,f4_w8",0.38770924275241636,0.20734761989714318,0.7797737067927382,0.2840354328038448,relevance_minus_redundancy,,
3,"f5_w8,f7_w8,f9_w8",0.5684122176600773,0.5694942229226349,0.7211659687271271,0.2836651061987599,relevance_minus_redundancy,,
7,"f1_w8,f5_w8,f7_w8,f2_w8,f6_w8,f10_w8,f4_w8",0.407792412109777,0.24832189147686448,0.7797737067927382,0.2836314663713448,relevance_minus_redundancy,,
6,"f3_w8,f7_w8,f8_w8,f9_w8,f2_w8,f6_w8",0.45282544680108594,0.3387987150996604,0.8910040858870307,0.28342608925125573,relevance_minus_redundancy,,
7,"f1_w8,f5_w8,f7_w8,f8_w8,f9_w8,f6_w8,f10_w8",0.5019709734547471,0.43714682386851156,0.8910040858870307,0.2833975615204913,relevance_minus_redundancy,,
5,"f5_w8,f3_w8,f7_w8,f6_w8,f4_w8",0.45406209361105904,0.3419236689191,0.651642574178619,0.28310025915150905,relevance_minus_redundancy,,
6,"f5_w8,f7_w8,f8_w8,f9_w8,f2_w8,f10_w8",0.4533221571504711,0.34064973980393576,0.8910040858870307,0.2829972872485032,relevance_minus_redundancy,,
7,"f1_w8,f3_w8,f8_w8,f9_w8,f2_w8,f6_w8,f4_w8",0.4188986093650918,0.27204888463855253,0.7958973477203893,0.2828741670458156,relevance_minus_redundancy,,
5,"f5_w8,f7_w8,f8_w8,f2_w8,f6_w8",0.47195091798318856,0.37829907064560697,0.8910040858870307,0.28280138266038507,relevance_minus_redundancy,,
7,"f1_w8,f5_w8,f7_w8,f8_w8,f9_w8,f2_w8,f4_w8",0.47995641692441904,0.3945735201369943,0.8910040858870307,0.2826696568559219,relevance_minus_redundancy,,
4,"f5_w8,f7_w8,f2_w8,f4_w8",0.40134512747738105,0.23749020642028365,0.6171885504544837,0.28260002426723924,relevance_minus_redundancy,,
4,"f1_w8,f8_w8,f10_w8,f4_w8",0.40339496688516563,0.24211164156364592,0.689042292309862,0.28233914610334265,relevance_minus_redundancy,,
4,"f1_w8,f7_w8,f6_w8,f4_w8",0.42261394074945174,0.28056444715431755,0.7797737067927382,0.282331717172293,relevance_minus_redundancy,,
7,"f1_w8,f3_w8,f8_w8,f9_w8,f6_w8,f10_w8,f4_w8",0.41305883822937206,0.2615499712821569,0.7958973477203893,0.2822838525882936,relevance_minus_redundancy,,
6,"f1_w8,f3_w8,f2_w8,f6_w8,f10_w8,f4_w8",0.3692161568118167,0.17443385763206398,0.7958973477203893,0.2819992279957847,relevance_minus_redundancy,,
4,"f5_w8,f7_w8,f10_w8,f4_w8",0.39112552798987144,0.21858663919247814,0.6171885504544837,0.2818322083936324,relevance_minus_redundancy,,
8,"f1_w8,f3_w8,f7_w8,f9_w8,f2_w8,f6_w8,f10_w8,f4_w8",0.40146812195737647,0.2395362329099974,0.7958973477203893,0.2817000055023778,relevance_minus_redundancy,,
8,"f1_w8,f5_w8,f7_w8,f8_w8,f9_w8,f2_w8,f10_w8,f4_w8",0.44586337141064614,0.3283693105900875,0.8910040858870307,0.28167871611560236,relevance_minus_redundancy,,
8,"f1_w8,f3_w8,f7_w8,f8_w8,f9_w8,f2_w8,f6_w8,f4_w8",0.4454908386486073,0.3287948798817254,0.8910040858870307,0.2810933987077446,relevance_minus_redundancy,,
7,"f1_w8,f5_w8,f8_w8,f9_w8,f2_w8,f10_w8,f4_w8",0.41932436109313626,0.27671020611693664,0.689042292309862,0.28096925803466793,relevance_minus_redundancy,,
3,"f5_w8,f2_w8,f10_w8",0.38803037392354384,0.21442041091987096,0.2277997098302651,0.28082016846360836,relevance_minus_redundancy,,
6,"f3_w8,f7_w8,f8_w8,f2_w8,f10_w8,f4_w8",0.39406214146725344,0.22653531833958582,0.8910040858870307,0.2807944822974605,relevance_minus_redundancy,,
5,"f1_w8,f5_w8,f6_w8,f10_w8,f4_w8",0.39496399807418964,0.22886023658328708,0.6765444111026879,0.28053387978254607,relevance_minus_redundancy,,
6,"f1_w8,f7_w8,f8_w8,f2_w8,f10_w8,f4_w8",0.4155511269896921,0.2700602623957001,0.8910040858870307,0.2805209957918421,relevance_minus_redundancy,,
3,"f1_w8,f9_w8,f4_w8",0.40392853984574634,0.2469207719308467,0.40982083524273283,0.280468153880323,relevance_minus_redundancy,,
7,"f1_w8,f5_w8,f7_w8,f8_w8,f9_w8,f10_w8,f4_w8",0.4741166457886992,0.38736914213767853,0.8910040858870307,0.28043207471986,relevance_minus_redundancy,,
3,"f1_w8,f7_w8,f8_w8",0.6737130870132426,0.7866066949965437,0.8910040858870307,0.2804097395149708,relevance_minus_redundancy,,
7,"f5_w8,f3_w8,f8_w8,f9_w8,f2_w8,f10_w8,f4_w8",0.4009052306453317,0.24137428042297074,0.6747291269831341,0.2802180904338463,relevance_minus_redundancy,,
4,"f3_w8,f8_w8,f9_w8,f4_w8",0.4105613731866725,0.2607797079463566,0.6747291269831341,0.28017151921349426,relevance_minus_redundancy,,
5,"f3_w8,f8_w8,f9_w8,f6_w8,f10_w8",0.40888756784465236,0.2574457526988237,0.6747291269831341,0.2801646914952405,relevance_minus_redundancy,,
4,"f3_w8,f9_w8,f2_w8,f6_w8",0.38148061270730427,0.20289005222061451,0.4597979894490815,0.280035586596997,relevance_minus_redundancy,,
5,"f1_w8,f5_w8,f8_w8,f6_w8,f4_w8",0.46540034478015907,0.3710702008360542,0.689042292309862,0.279865244362132,relevance_minus_redundancy,,
7,"f5_w8,f3_w8,f7_w8,f8_w8,f2_w8,f6_w8,f4_w8",0.43968495788052187,0.3197934417331247,0.8910040858870307,0.2797882370139595,relevance_minus_redundancy,,
6,"f3_w8,f7_w8,f9_w8,f2_w8,f6_w8,f10_w8",0.3941284912127781,0.2286893979486709,0.7211659687271271,0.27978379223844263,relevance_minus_redundancy,,
5,"f5_w8,f8_w8,f9_w8,f2_w8,f10_w8",0.41765929985392225,0.2760598758988731,0.6747291269831341,0.27962936190448573,relevance_minus_redundancy,,
6,"f5_w8,f3_w8,f7_w8,f2_w8,f6_w8,f4_w8",0.4197334864699283,0.2804698054655317,0.651642574178619,0.27949858373716246,relevance_minus_redundancy,,
8,"f1_w8,f3_w8,f7_w8,f8_w8,f9_w8,f6_w8,f10_w8,f4_w8",0.4403810389048525,0.32223502140165516,0.8910040858870307,0.2792635282040249,relevance_minus_redundancy,,
4,"f1_w8,f7_w8,f9_w8,f6_w8",0.5096005892081974,0.46158432321107373,0.7797737067927382,0.27880842760266056,relevance_minus_redundancy,,
6,"f5_w8,f3_w8,f7_w8,f6_w8,f10_w8,f4_w8",0.4129204201449219,0.26918465489300186,0.651642574178619,0.27832809269842096,relevance_minus_redundancy,,
6,"f5_w8,f3_w8,f9_w8,f2_w8,f6_w8,f10_w8",0.4069871869725956,0.25749768229727715,0.651642574178619,0.278238345823957,relevance_minus_redundancy,,
8,"f1_w8,f5_w8,f7_w8,f8_w8,f2_w8,f6_w8,f10_w8,f4_w8",0.4267425838890653,0.29725686862100753,0.8910040858870307,0.2781141495785615,relevance_minus_redundancy,,
7,"f1_w8,f3_w8,f7_w8,f8_w8,f9_w8,f6_w8,f4_w8",0.4736908940606548,0.39118781800821883,0.8910040858870307,0.27809698505654534,relevance_minus_redundancy,,
5,"f3_w8,f7_w8,f2_w8,f10_w8,f4_w8",0.3609958124918875,0.1659956174972464,0.4379151377197497,0.27799800374326433,relevance_minus_redundancy,,
5,"f5_w8,f3_w8,f2_w8,f6_w8,f10_w8",0.4154223061361355,0.2750898266640941,0.651642574178619,0.27787739280408846,relevance_minus_redundancy,,
6,"f3_w8,f7_w8,f8_w8,f9_w8,f6_w8,f10_w8",0.44601238047607955,0.33801397995418764,0.8910040858870307,0.27700539049898576,relevance_minus_redundancy,,
9,"f1_w8,f3_w8,f7_w8,f8_w8,f9_w8,f2_w8,f6_w8,f10_w8,f4_w8",0.41901541800034386,0.2840285174062756,0.8910040858870307,0.27700115929720603,relevance_minus_redundancy,,
6,"f1_w8,f7_w8,f8_w8,f9_w8,f2_w8,f6_w8",0.4743144323235246,0.395386599063006,0.8910040858870307,0.2766211327920216,relevance_minus_redundancy,,
4,"f5_w8,f8_w8,f2_w8,f6_w8",0.4320295365706818,0.3109887055277049,0.6244677589856393,0.2765351838068294,relevance_minus_redundancy,,
4,"f1_w8,f9_w8,f10_w8,f4_w8",0.35474941808786886,0.15678702943883907,0.40982083524273283,0.27635590336844934,relevance_minus_redundancy,,
7,"f3_w8,f7_w8,f8_w8,f9_w8,f2_w8,f6_w8,f10_w8",0.41773781908867885,0.28293404242189546,0.8910040858870307,0.2762707978777311,relevance_minus_redundancy,,
5,"f1_w8,f7_w8,f8_w8,f10_w8,f4_w8",0.4490432622347756,0.34562479032873855,0.8910040858870307,0.27623086707040634,relevance_minus_redundancy,,
2,"f8_w8,f10_w8",0.3833029195791599,0.2145804518537234,0.2145804518537234,0.2760126936522982,relevance_minus_redundancy,,
5,"f1_w8,f9_w8,f2_w8,f6_w8,f10_w8",0.37241368335561714,0.19353442150339636,0.4597979894490815,0.27564647260391895,relevance_minus_redundancy,,
3,"f5_w8,f8_w8,f9_w8",0.5443313318970332,0.5379374123275975,0.6747291269831341,0.27536262573323445,relevance_minus_redundancy,,
5,"f5_w8,f7_w8,f8_w8,f9_w8,f10_w8",0.49436849842771025,0.43811982212604256,0.8910040858870307,0.275308587364689,relevance_minus_redundancy,,
6,"f5_w8,f3_w8,f9_w8,f2_w8,f10_w8,f4_w8",0.3744904713622064,0.1985404191501063,0.651642574178619,0.27522026178715325,relevance_minus_redundancy,,
4,"f5_w8,f9_w8,f2_w8,f10_w8",0.382225678231382,0.21522439779441735,0.3701281495862937,0.2746134793341733,relevance_minus_redundancy,,
4,"f3_w8,f7_w8,f6_w8,f4_w8",0.3903804624657937,0.23164063465368492,0.4379151377197497,0.2745601451389513,relevance_minus_redundancy,,
6,"f1_w8,f5_w8,f7_w8,f8_w8,f9_w8,f6_w8",0.5510974602281655,0.5531821573813746,0.8910040858870307,0.27450638153747825,relevance_minus_redundancy,,
6,"f5_w8,f3_w8,f7_w8,f8_w8,f6_w8,f4_w8",0.47161737573322976,0.3944576033754426,0.8910040858870307,0.2743885740455084,relevance_minus_redundancy,,
4,"f1_w8,f2_w8,f6_w8,f4_w8",0.3267274425322166,0.10505522200443856,0.18318097342918033,0.2741998315299973,relevance_minus_redundancy,,
7,"f1_w8,f5_w8,f7_w8,f8_w8,f6_w8,f10_w8,f4_w8",0.45226431719260674,0.3563419854131692,0.8910040858870307,0.27409332448602214,relevance_minus_redundancy,,
7,"f1_w8,f7_w8,f8_w8,f9_w8,f2_w8,f6_w8,f10_w8",0.4361569495364834,0.3247597876791235,0.8910040858870307,0.2737770556969216,relevance_minus_redundancy,,
8,"f1_w8,f3_w8,f8_w8,f9_w8,f2_w8,f6_w8,f10_w8,f4_w8",0.392437789796235,0.23762505819018612,0.7958973477203893,0.27362526070114196,relevance_minus_redundancy,,
3,"f3_w8,f2_w8,f10_w8",0.3854925405021028,0.22424669069044226,0.353102140345364,0.2733691951568817,relevance_minus_redundancy,,
5,"f1_w8,f7_w8,f6_w8,f10_w8,f4_w8",0.3795335631624087,0.21271142540160543,0.7797737067927382,0.27317785046160603,relevance_minus_redundancy,,
7,"f5_w8,f3_w8,f7_w8,f8_w8,f6_w8,f10_w8,f4_w8",0.4338451867448021,0.3214275065090186,0.8910040858870307,0.2731314334902928,relevance_minus_redundancy,,
5,"f5_w8,f3_w8,f2_w8,f10_w8,f4_w8",0.3764262474036685,0.20676112167718305,0.651642574178619,0.27304568656507694,relevance_minus_redundancy,,
7,"f1_w8,f3_w8,f9_w8,f2_w8,f6_w8,f10_w8,f4_w8",0.3685869331465423,0.19173779095553542,0.7958973477203893,0.27271803766877456,relevance_minus_redundancy,,
5,"f3_w8,f7_w8,f8_w8,f9_w8,f6_w8",0.49377244600844816,0.4421709103811781,0.8910040858870307,0.2726869908178591,relevance_minus_redundancy,,
6,"f1_w8,f5_w8,f8_w8,f6_w8,f10_w8,f4_w8",0.42236896278583863,0.29966953648985967,0.689042292309862,0.27253419454090877,relevance_minus_redundancy,,
6,"f1_w8,f5_w8,f7_w8,f8_w8,f6_w8,f4_w8",0.4931063612556685,0.44136971444447975,0.8910040858870307,0.2724215040334286,relevance_minus_redundancy,,
5,"f3_w8,f8_w8,f9_w8,f10_w8,f4_w8",0.3698915091121853,0.19496961694207512,0.6747291269831341,0.27240670064114775,relevance_minus_redundancy,,
5,"f5_w8,f7_w8,f8_w8,f2_w8,f4_w8",0.4329548592507216,0.32135840090004975,0.8910040858870307,0.2722756588006967,relevance_minus_redundancy,,
6,"f1_w8,f8_w8,f9_w8,f2_w8,f6_w8,f10_w8",0.4035770338536948,0.2627234003256244,0.689042292309862,0.2722153336908826,relevance_minus_redundancy,,
5,"f5_w8,f3_w8,f8_w8,f6_w8,f4_w8",0.4396135621532326,0.33488789113979733,0.651642574178619,0.27216961658333394,relevance_minus_redundancy,,
8,"f5_w8,f3_w8,f7_w8,f8_w8,f2_w8,f6_w8,f10_w8,f4_w8",0.4106258447472363,0.27713962254704405,0.8910040858870307,0.27205603347371426,relevance_minus_redundancy,,
5,"f1_w8,f8_w8,f2_w8,f10_w8,f4_w8",0.3723340636609875,0.20058320870503307,0.689042292309862,0.27204245930847093,relevance_minus_redundancy,,
5,"f5_w8,f7_w8,f2_w8,f6_w8,f10_w8",0.4015145712772192,0.2595930009898772,0.6244677589856393,0.2717180707822806,relevance_minus_redundancy,,
7,"f1_w8,f5_w8,f8_w8,f2_w8,f6_w8,f10_w8,f4_w8",0.39747203249704377,0.25207428000380444,0.689042292309862,0.2714348924951415,relevance_minus_redundancy,,
5,"f1_w8,f7_w8,f9_w8,f10_w8,f4_w8",0.41012682319693816,0.27744621133786407,0.7797737067927382,0.2714037175280061,relevance_minus_redundancy,,
6,"f5_w8,f7_w8,f8_w8,f2_w8,f6_w8,f10_w8",0.4278277737883632,0.3131749617837716,0.8910040858870307,0.2712402928964774,relevance_minus_redundancy,,
6,"f5_w8,f3_w8,f8_w8,f2_w8,f6_w8,f4_w8",0.40769304358840636,0.2737455561454862,0.651642574178619,0.2708202655156633,relevance_minus_redundancy,,
6,"f1_w8,f5_w8,f7_w8,f8_w8,f9_w8,f4_w8",0.5186007446177764,0.49583925200730283,0.8910040858870307,0.27068111861412497,relevance_minus_redundancy,,
5,"f1_w8,f8_w8,f9_w8,f6_w8,f10_w8",0.43467435047157876,0.32808607752332214,0.689042292309862,0.2706313117099177,relevance_minus_redundancy,,
5,"f1_w8,f8_w8,f2_w8,f6_w8,f4_w8",0.37326071129458993,0.20642244342465715,0.689042292309862,0.2700494895822614,relevance_minus_redundancy,,
6,"f1_w8,f7_w8,f8_w8,f2_w8,f6_w8,f4_w8",0.4163233333510275,0.2932248924718935,0.8910040858870307,0.26971088711508073,relevance_minus_redundancy,,
7,"f5_w8,f3_w8,f7_w8,f2_w8,f6_w8,f10_w8,f4_w8",0.3893732816619723,0.2398435135738508,0.651642574178619,0.2694515248750469,relevance_minus_redundancy,,
5,"f3_w8,f7_w8,f9_w8,f2_w8,f4_w8",0.39251572016001945,0.24616230878183054,0.7211659687271271,0.2694345657691042,relevance_minus_redundancy,,
6,"f3_w8,f7_w8,f8_w8,f9_w8,f10_w8,f4_w8",0.41351566486569036,0.28883877486535997,0.8910040858870307,0.26909627743301034,relevance_minus_redundancy,,
3,"f7_w8,f8_w8,f10_w8",0.46608076093051176,0.3946264919209197,0.8910040858870307,0.2687675149700519,relevance_minus_redundancy,,
6,"f3_w8,f8_w8,f9_w8,f2_w8,f6_w8,f10_w8",0.3820880483312561,0.22695792823703767,0.6747291269831341,0.26860908421273727,relevance_minus_redundancy,,
4,"f1_w8,f8_w8,f9_w8,f6_w8",0.49153992488591436,0.44685545446709773,0.689042292309862,0.2681121976523655,relevance_minus_redundancy,,
7,"f1_w8,f5_w8,f7_w8,f9_w8,f2_w8,f6_w8,f4_w8",0.4303066318727284,0.3243972681553971,0.7797737067927382,0.2681079977950298,relevance_minus_redundancy,,
6,"f1_w8,f5_w8,f2_w8,f6_w8,f10_w8,f4_w8",0.3704850735225372,0.20507542437285764,0.6765444111026879,0.26794736133610836,relevance_minus_redundancy,,
4,"f7_w8,f8_w8,f2_w8,f6_w8",0.41274149293095563,0.2907632877953861,0.8910040858870307,0.2673598490332626,relevance_minus_redundancy,,
6,"f1_w8,f7_w8,f2_w8,f6_w8,f10_w8,f4_w8",0.35762637776271977,0.18188915592836288,0.7797737067927382,0.26668179979853834,relevance_minus_redundancy,,
7,"f1_w8,f5_w8,f7_w8,f9_w8,f6_w8,f10_w8,f4_w8",0.42446686073700857,0.31648571412657817,0.7797737067927382,0.26622400367371946,relevance_minus_redundancy,,
4,"f5_w8,f8_w8,f2_w8,f4_w8",0.383284463155098,0.23489870907926436,0.5689549604133647,0.26583510861546583,relevance_minus_redundancy,,
7,"f5_w8,f3_w8,f7_w8,f9_w8,f6_w8,f10_w8,f4_w8",0.40604773028920393,0.28057599442372294,0.7211659687271271,0.26575973307734246,relevance_minus_redundancy,,
3,"f8_w8,f2_w8,f6_w8",0.33977650936353565,0.14823660131232008,0.4161670857316782,0.2656582087073756,relevance_minus_redundancy,,
5,"f1_w8,f5_w8,f9_w8,f6_w8,f4_w8",0.4264839057423216,0.3217314845087979,0.6765444111026879,0.26561816348792266,relevance_minus_redundancy,,
2,"f9_w8,f10_w8",0.2860118219845663,0.04082403526777814,0.04082403526777814,0.26559980435067726,relevance_minus_redundancy,,
5,"f5_w8,f7_w8,f2_w8,f10_w8,f4_w8",0.36251851254475215,0.19398067712320652,0.6171885504544837,0.2655281739831489,relevance_minus_redundancy,,
3,"f8_w8,f2_w8,f10_w8",0.3382320966408649,0.14556728456319687,0.2145804518537234,0.26544845435926645,relevance_minus_redundancy,,
6,"f3_w8,f7_w8,f8_w8,f2_w8,f6_w8,f4_w8",0.3948343478285889,0.2593009816588732,0.8910040858870307,0.26518385699915226,relevance_minus_redundancy,,
4,"f5_w8,f7_w8,f6_w8,f10_w8",0.43987060140545525,0.34965800849861767,0.6244677589856393,0.2650415971561464,relevance_minus_redundancy,,
6,"f3_w8,f7_w8,f8_w8,f9_w8,f2_w8,f4_w8",0.42032873119069675,0.3106563575379359,0.8910040858870307,0.2650005524217288,relevance_minus_redundancy,,
6,"f5_w8,f3_w8,f7_w8,f9_w8,f6_w8,f4_w8",0.43918700986836523,0.34884924756175834,0.7211659687271271,0.26476238608748603,relevance_minus_redundancy,,
8,"f1_w8,f5_w8,f7_w8,f9_w8,f2_w8,f6_w8,f10_w8,f4_w8",0.4024198094904169,0.275441277162522,0.7797737067927382,0.2646991709091559,relevance_minus_redundancy,,
4,"f5_w8,f3_w8,f6_w8,f4_w8",0.4096685061055199,0.2903759393073943,0.651642574178619,0.2644805364518228,relevance_minus_redundancy,,
5,"f3_w8,f7_w8,f2_w8,f6_w8,f4_w8",0.36192246012548995,0.19498544908838195,0.4379151377197497,0.264429735581299,relevance_minus_redundancy,,
6,"f3_w8,f7_w8,f9_w8,f2_w8,f10_w8,f4_w8",0.36163177560238896,0.19476593763953742,0.7211659687271271,0.26424880678262025,relevance_minus_redundancy,,
6,"f5_w8,f3_w8,f8_w8,f6_w8,f10_w8,f4_w8",0.4008799772633999,0.2735798372955813,0.651642574178619,0.2640900586156093,relevance_minus_redundancy,,
6,"f5_w8,f7_w8,f8_w8,f2_w8,f10_w8,f4_w8",0.39533105817797404,0.26286866623763894,0.8910040858870307,0.26389672505915457,relevance_minus_redundancy,,
6,"f1_w8,f7_w8,f8_w8,f9_w8,f6_w8,f10_w8",0.46750136599851816,0.40789810110871916,0.8910040858870307,0.2635523154441586,relevance_minus_redundancy,,
5,"f3_w8,f7_w8,f6_w8,f10_w8,f4_w8",0.35374678053548225,0.18040489880606522,0.4379151377197497,0.2635443311324496,relevance_minus_redundancy,,
6,"f1_w8,f7_w8,f9_w8,f2_w8,f10_w8,f4_w8",0.38312076112482757,0.2396842188138381,0.7797737067927382,0.26327865171790854,relevance_minus_redundancy,,
5,"f1_w8,f7_w8,f9_w8,f2_w8,f4_w8",0.41830250278694586,0.3105874914481209,0.7797737067927382,0.2630087570628854,relevance_minus_redundancy,,
7,"f5_w8,f3_w8,f7_w8,f9_w8,f2_w8,f6_w8,f4_w8",0.41188750142492375,0.2979848607319605,0.7211659687271271,0.2628950710589435,relevance_minus_redundancy,,
7,"f3_w8,f7_w8,f8_w8,f9_w8,f2_w8,f10_w8,f4_w8",0.38988349142263096,0.25401389484273895,0.8910040858870307,0.2628765440012615,relevance_minus_redundancy,,
4,"f1_w8,f6_w8,f10_w8,f4_w8",0.31650784304470697,0.10786137400481823,0.20629680749542753,0.26257715604229787,relevance_minus_redundancy,,
4,"f1_w8,f8_w8,f6_w8,f4_w8",0.4045532764271687,0.2841068133681169,0.689042292309862,0.26249986974311024,relevance_minus_redundancy,,
6,"f1_w8,f5_w8,f9_w8,f2_w8,f6_w8,f4_w8",0.3967516632459805,0.2687228830091286,0.6765444111026879,0.2623902217414162,relevance_minus_redundancy,,
5,"f3_w8,f8_w8,f9_w8,f2_w8,f4_w8",0.378067188702193,0.2313761052551735,0.6747291269831341,0.2623791360746063,relevance_minus_redundancy,,
6,"f1_w8,f5_w8,f9_w8,f6_w8,f10_w8,f4_w8",0.38993859692097405,0.25519329783262573,0.6765444111026879,0.26234194800466115,relevance_minus_redundancy,,
6,"f1_w8,f5_w8,f7_w8,f9_w8,f6_w8,f4_w8",0.46067599539080395,0.39715469574898193,0.7797737067927382,0.26209864751631295,relevance_minus_redundancy,,
5,"f3_w8,f8_w8,f2_w8,f10_w8,f4_w8",0.34654728103406107,0.16948164952816053,0.353102140345364,0.2618064562699808,relevance_minus_redundancy,,
8,"f5_w8,f3_w8,f7_w8,f8_w8,f9_w8,f2_w8,f6_w8,f4_w8",0.4303257870398187,0.3371795141702481,0.8910040858870307,0.2617360299546947,relevance_minus_redundancy,,
5,"f3_w8,f7_w8,f8_w8,f9_w8,f4_w8",0.4547763872759812,0.38692687632157835,0.8910040858870307,0.261312949115192,relevance_minus_redundancy,,
3,"f7_w8,f9_w8,f10_w8",0.40122002920078276,0.28009498067230343,0.7211659687271271,0.26117253886463104,relevance_minus_redundancy,,
4,"f1_w8,f2_w8,f10_w8,f4_w8",0.3255691329902135,0.12892093645139088,0.2111335688638628,0.26110866476451805,relevance_minus_redundancy,,
8,"f1_w8,f5_w8,f7_w8,f8_w8,f9_w8,f2_w8,f6_w8,f4_w8",0.4464425261816477,0.37074728238452886,0.8910040858870307,0.2610688849893833,relevance_minus_redundancy,,
7,"f1_w8,f7_w8,f8_w8,f2_w8,f6_w8,f10_w8,f4_w8",0.38645029327434305,0.2508483323279113,0.8910040858870307,0.2610261271103874,relevance_minus_redundancy,,
7,"f1_w8,f5_w8,f8_w8,f9_w8,f2_w8,f6_w8,f4_w8",0.4199862522599952,0.31944859213111276,0.689042292309862,0.2602619561944388,relevance_minus_redundancy,,
9,"f1_w8,f5_w8,f7_w8,f8_w8,f9_w8,f2_w8,f6_w8,f10_w8,f4_w8",0.4198613624741576,0.31931993021966126,0.8910040858870307,0.260201397364327,relevance_minus_redundancy,,
5,"f5_w8,f7_w8,f8_w8,f10_w8,f4_w8",0.42477917966071377,0.3303755224515383,0.8910040858870307,0.2595914184349446,relevance_minus_redundancy,,
8,"f5_w8,f3_w8,f7_w8,f8_w8,f9_w8,f6_w8,f10_w8,f4_w8",0.4252159872960639,0.3313940293991314,0.8910040858870307,0.25951897259649825,relevance_minus_redundancy,,
9,"f5_w8,f3_w8,f7_w8,f8_w8,f9_w8,f2_w8,f6_w8,f10_w8,f4_w8",0.40553537212586516,0.292391599637676,0.8910040858870307,0.25933957230702714,relevance_minus_redundancy,,
4,"f1_w8,f7_w8,f8_w8,f4_w8",0.5095010645899104,0.5007061146398234,0.8910040858870307,0.2591480072699987,relevance_minus_redundancy,,
8,"f5_w8,f3_w8,f7_w8,f9_w8,f2_w8,f6_w8,f10_w8,f4_w8",0.3863030703485879,0.25457760048953,0.7211659687271271,0.25901427010382294,relevance_minus_redundancy,,
5,"f5_w8,f3_w8,f9_w8,f6_w8,f4_w8",0.4006971231153952,0.28345916913526137,0.651642574178619,0.2589675385477645,relevance_minus_redundancy,,
4,"f3_w8,f8_w8,f6_w8,f4_w8",0.3723197981435107,0.22795327002836688,0.4161670857316782,0.25834316312932726,relevance_minus_redundancy,,
7,"f5_w8,f3_w8,f8_w8,f2_w8,f6_w8,f10_w8,f4_w8",0.3790529020492392,0.2415302647181858,0.651642574178619,0.2582877696901463,relevance_minus_redundancy,,
5,"f3_w8,f7_w8,f8_w8,f6_w8,f4_w8",0.4241831272414517,0.3318516208949383,0.8910040858870307,0.25825731679398256,relevance_minus_redundancy,,
3,"f5_w8,f8_w8,f4_w8",0.42834913395203905,0.34091494975663633,0.5689549604133647,0.2578916590737209,relevance_minus_redundancy,,
5,"f3_w8,f9_w8,f2_w8,f6_w8,f10_w8",0.34662690072869073,0.17840990878128554,0.4597979894490815,0.25742194633804794,relevance_minus_redundancy,,
6,"f5_w8,f3_w8,f8_w8,f9_w8,f6_w8,f4_w8",0.4271465669868432,0.34106293959262374,0.6747291269831341,0.2566150971905313,relevance_minus_redundancy,,
6,"f3_w8,f7_w8,f8_w8,f6_w8,f10_w8,f4_w8",0.38802128150358245,0.2631534560627766,0.8910040858870307,0.25644455347219414,relevance_minus_redundancy,,
7,"f5_w8,f3_w8,f7_w8,f8_w8,f9_w8,f6_w8,f4_w8",0.45635940650775353,0.40024262865953086,0.8910040858870307,0.2562380921779881,relevance_minus_redundancy,,
7,"f5_w8,f3_w8,f8_w8,f9_w8,f2_w8,f6_w8,f4_w8",0.4015671218121906,0.2909705473250711,0.6747291269831341,0.25608184814965507,relevance_minus_redundancy,,
7,"f1_w8,f7_w8,f8_w8,f9_w8,f2_w8,f10_w8,f4_w8",0.40830262187043553,0.30444299825808196,0.8910040858870307,0.25608112274139455,relevance_minus_redundancy,,
4,"f1_w8,f9_w8,f2_w8,f4_w8",0.3649690175753785,0.21815602012965793,0.40982083524273283,0.2558910075105495,relevance_minus_redundancy,,
7,"f3_w8,f7_w8,f8_w8,f2_w8,f6_w8,f10_w8,f4_w8",0.3680311628265385,0.22521113932091558,0.8910040858870307,0.2554255931660807,relevance_minus_redundancy,,
8,"f1_w8,f5_w8,f7_w8,f8_w8,f9_w8,f6_w8,f10_w8,f4_w8",0.4413327264378929,0.37208478182297605,0.8910040858870307,0.2552903355264049,relevance_minus_redundancy,,
4,"f3_w8,f2_w8,f6_w8,f10_w8",0.3420807281221393,0.17377671159682215,0.353102140345364,0.2551923723237282,relevance_minus_redundancy,,
8,"f1_w8,f5_w8,f8_w8,f9_w8,f2_w8,f6_w8,f10_w8,f4_w8",0.3933894773292753,0.27659710992401293,0.689042292309862,0.2550909223672688,relevance_minus_redundancy,,
5,"f5_w8,f3_w8,f6_w8,f10_w8,f4_w8",0.36917721544726323,0.22824938320263888,0.651642574178619,0.2550525238459438,relevance_minus_redundancy,,
7,"f5_w8,f3_w8,f8_w8,f9_w8,f6_w8,f10_w8,f4_w8",0.3957273506764708,0.28150413224728,0.6747291269831341,0.2549752845528308,relevance_minus_redundancy,,
3,"f3_w8,f6_w8,f4_w8",0.3099618020766531,0.11001710167665278,0.17794482543548976,0.2549532512383267,relevance_minus_redundancy,,
6,"f5_w8,f3_w8,f9_w8,f6_w8,f10_w8,f4_w8",0.3684496113985354,0.227710261520161,0.651642574178619,0.2545944806384549,relevance_minus_redundancy,,
7,"f1_w8,f5_w8,f8_w8,f9_w8,f6_w8,f10_w8,f4_w8",0.4141464811242754,0.3194794893327402,0.689042292309862,0.2544067364579053,relevance_minus_redundancy,,
5,"f5_w8,f7_w8,f8_w8,f6_w8,f10_w8",0.4637752383931808,0.41886546348775033,0.8910040858870307,0.25434250664930563,relevance_minus_redundancy,,
6,"f1_w8,f7_w8,f8_w8,f6_w8,f10_w8,f4_w8",0.4095102670260211,0.310373604066983,0.8910040858870307,0.2543234649925296,relevance_minus_redundancy,,
7,"f1_w8,f5_w8,f9_w8,f2_w8,f6_w8,f10_w8,f4_w8",0.3696745760414456,0.23107435411439045,0.6765444111026879,0.25413739898425036,relevance_minus_redundancy,,
5,"f1_w8,f8_w8,f9_w8,f10_w8,f4_w8",0.39567829173911173,0.28367699389861495,0.689042292309862,0.25383979478980423,relevance_minus_redundancy,,
5,"f1_w8,f8_w8,f9_w8,f2_w8,f4_w8",0.4038539713291195,0.30013912642493434,0.689042292309862,0.2537844081166523,relevance_minus_redundancy,,
5,"f5_w8,f3_w8,f2_w8,f6_w8,f4_w8",0.37735289503727093,0.248857223365668,0.651642574178619,0.25292428335443695,relevance_minus_redundancy,,
4,"f1_w8,f7_w8,f9_w8,f4_w8",0.4608555157926136,0.4160345524193569,0.7797737067927382,0.25283823958293516,relevance_minus_redundancy,,
5,"f3_w8,f8_w8,f2_w8,f6_w8,f4_w8",0.3474739286676635,0.1897224341124255,0.4161670857316782,0.25261271161145077,relevance_minus_redundancy,,
6,"f3_w8,f8_w8,f9_w8,f2_w8,f10_w8,f4_w8",0.3495913327208669,0.19399416954388066,0.6747291269831341,0.2525942479489266,relevance_minus_redundancy,,
6,"f1_w8,f5_w8,f8_w8,f9_w8,f6_w8,f4_w8",0.44863555250928194,0.3922602801154943,0.689042292309862,0.2525054124515348,relevance_minus_redundancy,,
6,"f1_w8,f7_w8,f8_w8,f9_w8,f2_w8,f4_w8",0.4418177167131354,0.37928894292264237,0.8910040858870307,0.2521732452518142,relevance_minus_redundancy,,
4,"f7_w8,f9_w8,f2_w8,f10_w8",0.3629376345916558,0.22167421250220887,0.7211659687271271,0.25210052834055136,relevance_minus_redundancy,,
5,"f5_w8,f8_w8,f2_w8,f6_w8,f10_w8",0.38706603981939275,0.2702271015444728,0.6244677589856393,0.25195248904715634,relevance_minus_redundancy,,
4,"f5_w8,f8_w8,f10_w8,f4_w8",0.3730648636675884,0.24379372115802125,0.5689549604133647,0.2511680030885778,relevance_minus_redundancy,,
5,"f1_w8,f8_w8,f6_w8,f10_w8,f4_w8",0.3650850317045823,0.2284653965130569,0.689042292309862,0.25085233344805385,relevance_minus_redundancy,,
5,"f5_w8,f7_w8,f9_w8,f10_w8,f4_w8",0.3858627406228764,0.2702364080846697,0.7211659687271271,0.2507445365805415,relevance_minus_redundancy,,
3,"f5_w8,f10_w8,f4_w8",0.3109552227754234,0.1205103411582147,0.20432795406548496,0.2507000521963161,relevance_minus_redundancy,,
6,"f1_w8,f8_w8,f2_w8,f6_w8,f10_w8,f4_w8",0.34558593488119776,0.19035807253548678,0.689042292309862,0.2504068986134544,relevance_minus_redundancy,,
6,"f3_w8,f7_w8,f2_w8,f6_w8,f10_w8,f4_w8",0.33613739224028105,0.17167954932574833,0.4379151377197497,0.2502976175774069,relevance_minus_redundancy,,
8,"f5_w8,f3_w8,f8_w8,f9_w8,f2_w8,f6_w8,f10_w8,f4_w8",0.37727273818744633,0.2541842052140672,0.6747291269831341,0.2501806355804127,relevance_minus_redundancy,,
6,"f1_w8,f8_w8,f9_w8,f2_w8,f10_w8,f4_w8",0.3710803182433056,0.24180434305382828,0.689042292309862,0.2501781467163915,relevance_minus_redundancy,,
5,"f1_w8,f7_w8,f8_w8,f6_w8,f4_w8",0.4499699098683781,0.3997296038060872,0.8910040858870307,0.25010510796533447,relevance_minus_redundancy,,
6,"f1_w8,f7_w8,f8_w8,f9_w8,f10_w8,f4_w8",0.435004650388129,0.37076759744125243,0.8910040858870307,0.2496208516675028,relevance_minus_redundancy,,
4,"f1_w8,f7_w8,f8_w8,f9_w8",0.596487713048656,0.6942560026571042,0.8910040858870307,0.2493597117201039,relevance_minus_redundancy,,
3,"f5_w8,f7_w8,f6_w8",0.5174234509358615,0.5363427838029295,0.6244677589856393,0.24925205903439673,relevance_minus_redundancy,,
5,"f7_w8,f8_w8,f2_w8,f6_w8,f10_w8",0.3716356049076118,0.24548854930073358,0.8910040858870307,0.24889133025724502,relevance_minus_redundancy,,
4,"f3_w8,f9_w8,f2_w8,f4_w8",0.33273553929172045,0.16775714386467197,0.353102140345364,0.24885696735938445,relevance_minus_redundancy,,
5,"f5_w8,f7_w8,f9_w8,f2_w8,f6_w8",0.4330344789453511,0.36841018183673135,0.7211659687271271,0.2488293880269854,relevance_minus_redundancy,,
7,"f1_w8,f5_w8,f7_w8,f8_w8,f9_w8,f6_w8,f4_w8",0.4747785369555581,0.4530911370841045,0.8910040858870307,0.24823296841350587,relevance_minus_redundancy,,
3,"f7_w8,f9_w8,f2_w8",0.41484616185079554,0.33326424428653567,0.7211659687271271,0.2482140397075277,relevance_minus_redundancy,,
1,f2_w8,0.24809045076427494,0.0,0.0,0.24809045076427494,relevance_minus_redundancy,,
6,"f5_w8,f3_w8,f9_w8,f2_w8,f6_w8,f4_w8",0.3752626777235419,0.2545360838878498,0.651642574178619,0.24799463577961697,relevance_minus_redundancy,,
6,"f5_w8,f7_w8,f9_w8,f2_w8,f6_w8,f10_w8",0.3953974079234986,0.2949986081387915,0.7211659687271271,0.24789810385410285,relevance_minus_redundancy,,
4,"f7_w8,f2_w8,f6_w8,f10_w8",0.3246960595484939,0.1536910060938165,0.36737204196866546,0.24785055650158566,relevance_minus_redundancy,,
5,"f1_w8,f7_w8,f8_w8,f9_w8,f6_w8",0.5195592286353745,0.5440448530178148,0.8910040858870307,0.24753680212646711,relevance_minus_redundancy,,
5,"f1_w8,f9_w8,f2_w8,f10_w8,f4_w8",0.33341762462315006,0.1720029550482305,0.40982083524273283,0.2474161470990348,relevance_minus_redundancy,,
7,"f5_w8,f7_w8,f8_w8,f9_w8,f2_w8,f6_w8,f10_w8",0.41882546198358217,0.3429239364725147,0.8910040858870307,0.24736349374732483,relevance_minus_redundancy,,
4,"f5_w8,f7_w8,f8_w8,f4_w8",0.4791709613723331,0.4642404681358599,0.8910040858870307,0.24705072730440317,relevance_minus_redundancy,,
5,"f7_w8,f8_w8,f9_w8,f2_w8,f10_w8",0.4022288649421412,0.3121346772709146,0.8910040858870307,0.24616152630668392,relevance_minus_redundancy,,
6,"f3_w8,f7_w8,f9_w8,f6_w8,f10_w8,f4_w8",0.355590915638718,0.21921645986516747,0.7211659687271271,0.24598268570613424,relevance_minus_redundancy,,
6,"f5_w8,f7_w8,f8_w8,f9_w8,f2_w8,f6_w8",0.4540943635118065,0.41639632735696835,0.8910040858870307,0.2458961998333223,relevance_minus_redundancy,,
4,"f5_w8,f7_w8,f8_w8,f9_w8",0.5661576098310788,0.6405284736752391,0.8910040858870307,0.2458933729934592,relevance_minus_redundancy,,
6,"f1_w8,f7_w8,f9_w8,f2_w8,f6_w8,f4_w8",0.38389296748616303,0.27734133691025475,0.7797737067927382,0.24522229903103565,relevance_minus_redundancy,,
5,"f5_w8,f8_w8,f2_w8,f10_w8,f4_w8",0.3480699810869257,0.20605433010176677,0.5689549604133647,0.24504281603604233,relevance_minus_redundancy,,
3,"f5_w8,f2_w8,f6_w8",0.38957478664621464,0.28994078468306067,0.6244677589856393,0.2446043943046843,relevance_minus_redundancy,,
6,"f5_w8,f7_w8,f9_w8,f2_w8,f10_w8,f4_w8",0.3629006923131095,0.23785226573844748,0.7211659687271271,0.24397455944388577,relevance_minus_redundancy,,
5,"f3_w8,f7_w8,f9_w8,f6_w8,f4_w8",0.3852666882036142,0.2833217682571191,0.7211659687271271,0.24360580407505467,relevance_minus_redundancy,,
5,"f5_w8,f7_w8,f9_w8,f2_w8,f4_w8",0.39403842021288404,0.30120944180985715,0.7211659687271271,0.24343369930795547,relevance_minus_redundancy,,
5,"f3_w8,f8_w8,f6_w8,f10_w8,f4_w8",0.3392982490776558,0.19182103141404624,0.4161670857316782,0.2433877333706327,relevance_minus_redundancy,,
6,"f1_w8,f7_w8,f9_w8,f6_w8,f10_w8,f4_w8",0.3770799011611566,0.2678299449875602,0.7797737067927382,0.2431649286673765,relevance_minus_redundancy,,
7,"f1_w8,f7_w8,f9_w8,f2_w8,f6_w8,f10_w8,f4_w8",0.3586528368187449,0.2312288204226482,0.7797737067927382,0.24303842660742078,relevance_minus_redundancy,,
5,"f1_w8,f2_w8,f6_w8,f10_w8,f4_w8",0.30282436458862055,0.12068975339586382,0.2111335688638628,0.24247948789068863,relevance_minus_redundancy,,
7,"f5_w8,f7_w8,f8_w8,f9_w8,f2_w8,f10_w8,f4_w8",0.39097113431753433,0.297416015971065,0.8910040858870307,0.24226312633200184,relevance_minus_redundancy,,
7,"f3_w8,f7_w8,f8_w8,f9_w8,f2_w8,f6_w8,f4_w8",0.3905453825894899,0.2973690807461015,0.8910040858870307,0.24186084221643914,relevance_minus_redundancy,,
3,"f7_w8,f6_w8,f10_w8",0.3502312624765669,0.217321262495366,0.36737204196866546,0.2415706312288839,relevance_minus_redundancy,,
7,"f5_w8,f3_w8,f9_w8,f2_w8,f6_w8,f10_w8,f4_w8",0.3512554455936411,0.2195350980300672,0.651642574178619,0.24148789657860747,relevance_minus_redundancy,,
6,"f3_w8,f7_w8,f9_w8,f2_w8,f6_w8,f4_w8",0.36240398196372436,0.242024088979048,0.7211659687271271,0.24139193747420035,relevance_minus_redundancy,,
6,"f5_w8,f3_w8,f2_w8,f6_w8,f10_w8,f4_w8",0.34899608800009857,0.21599626658017104,0.651642574178619,0.24099795471001306,relevance_minus_redundancy,,
4,"f1_w8,f8_w8,f9_w8,f4_w8",0.44279485147033054,0.40370493771532195,0.689042292309862,0.24094238261266956,relevance_minus_redundancy,,
8,"f3_w8,f7_w8,f8_w8,f9_w8,f2_w8,f6_w8,f10_w8,f4_w8",0.3676287163675832,0.25448192613543,0.8910040858870307,0.2403877532998682,relevance_minus_redundancy,,
5,"f5_w8,f7_w8,f9_w8,f6_w8,f10_w8",0.4248587993553434,0.3689864194021986,0.7211659687271271,0.24036558965424407,relevance_minus_redundancy,,
8,"f1_w8,f7_w8,f8_w8,f9_w8,f2_w8,f6_w8,f10_w8,f4_w8",0.3837454555094123,0.28821471413640853,0.8910040858870307,0.23963809844120804,relevance_minus_redundancy,,
7,"f3_w8,f7_w8,f8_w8,f9_w8,f6_w8,f10_w8,f4_w8",0.38470561145377014,0.2907728037067449,0.8910040858870307,0.23931920960039768,relevance_minus_redundancy,,
3,"f5_w8,f2_w8,f4_w8",0.32458135542543626,0.17058452329460724,0.2277997098302651,0.23928909377813262,relevance_minus_redundancy,,
6,"f5_w8,f7_w8,f8_w8,f9_w8,f2_w8,f4_w8",0.42159764790141735,0.3650310877040333,0.8910040858870307,0.2390821040494007,relevance_minus_redundancy,,
7,"f1_w8,f7_w8,f8_w8,f9_w8,f2_w8,f6_w8,f4_w8",0.4089645130372945,0.34094030327352026,0.8910040858870307,0.23849436140053434,relevance_minus_redundancy,,
4,"f5_w8,f9_w8,f10_w8,f4_w8",0.32441931487029163,0.17186821673989083,0.3701281495862937,0.23848520650034621,relevance_minus_redundancy,,
4,"f1_w8,f9_w8,f6_w8,f4_w8",0.35590772762987194,0.23501342129386818,0.4597979894490815,0.23840101698293786,relevance_minus_redundancy,,
5,"f3_w8,f9_w8,f2_w8,f10_w8,f4_w8",0.30763084199622365,0.1388113901940783,0.353102140345364,0.2382251468991845,relevance_minus_redundancy,,
5,"f5_w8,f8_w8,f9_w8,f2_w8,f6_w8",0.41858594748752465,0.3607720468337558,0.6747291269831341,0.23819992407064675,relevance_minus_redundancy,,
2,"f7_w8,f6_w8",0.4217408673077321,0.36737204196866546,0.36737204196866546,0.23805484632339935,relevance_minus_redundancy,,
7,"f3_w8,f7_w8,f9_w8,f2_w8,f6_w8,f10_w8,f4_w8",0.34023370637094036,0.20459638661694785,0.7211659687271271,0.23793551306246644,relevance_minus_redundancy,,
3,"f3_w8,f2_w8,f4_w8",0.32204352200399516,0.16899999252077982,0.353102140345364,0.23754352574360527,relevance_minus_redundancy,,
4,"f5_w8,f7_w8,f8_w8,f6_w8",0.5279160347879169,0.580859080573477,0.8910040858870307,0.23748649450117842,relevance_minus_redundancy,,
3,"f8_w8,f9_w8,f2_w8",0.3907652760877515,0.30761664303598596,0.6747291269831341,0.23695695456975854,relevance_minus_redundancy,,
4,"f7_w8,f8_w8,f9_w8,f2_w8",0.45098306797411747,0.4294189631169627,0.8910040858870307,0.23627358641563612,relevance_minus_redundancy,,
3,"f5_w8,f9_w8,f4_w8",0.36348840222231,0.2549827464490238,0.3701281495862937,0.2359970289977981,relevance_minus_redundancy,,
4,"f3_w8,f9_w8,f6_w8,f4_w8",0.3236742493462139,0.17537653515865212,0.4597979894490815,0.23598598176688784,relevance_minus_redundancy,,
6,"f5_w8,f7_w8,f8_w8,f9_w8,f10_w8,f4_w8",0.41478458157641085,0.3579552398126896,0.8910040858870307,0.23580696167006604,relevance_minus_redundancy,,
4,"f5_w8,f8_w8,f6_w8,f10_w8",0.4218099370831722,0.37246583642421965,0.6244677589856393,0.2355770188710624,relevance_minus_redundancy,,
6,"f5_w8,f7_w8,f8_w8,f2_w8,f6_w8,f4_w8",0.39610326453930944,0.32113937375701646,0.8910040858870307,0.2355335776608012,relevance_minus_redundancy,,
6,"f3_w8,f8_w8,f2_w8,f6_w8,f10_w8,f4_w8",0.32409694935875905,0.17725657359722524,0.4161670857316782,0.23546866256014642,relevance_minus_redundancy,,
5,"f1_w8,f9_w8,f6_w8,f10_w8,f4_w8",0.32616859266674486,0.1816337196099131,0.4597979894490815,0.23535173286178832,relevance_minus_redundancy,,
6,"f1_w8,f8_w8,f9_w8,f2_w8,f6_w8,f4_w8",0.3718525246046411,0.27362876314566453,0.689042292309862,0.2350381430318088,relevance_minus_redundancy,,
5,"f1_w8,f9_w8,f2_w8,f6_w8,f4_w8",0.33434427225675256,0.19958092179818943,0.4597979894490815,0.23455381135765785,relevance_minus_redundancy,,
5,"f1_w8,f7_w8,f9_w8,f6_w8,f4_w8",0.41105347083054067,0.35328975684554764,0.7797737067927382,0.23440859240776685,relevance_minus_redundancy,,
4,"f5_w8,f7_w8,f9_w8,f4_w8",0.43052541257503635,0.39296801362206973,0.7211659687271271,0.23404140576400148,relevance_minus_redundancy,,
6,"f5_w8,f8_w8,f9_w8,f2_w8,f6_w8,f10_w8",0.3833569650419766,0.2989922190589223,0.6747291269831341,0.23386085551251543,relevance_minus_redundancy,,
6,"f3_w8,f7_w8,f8_w8,f9_w8,f6_w8,f4_w8",0.41428787122702576,0.3624412807054399,0.8910040858870307,0.2330672308743058,relevance_minus_redundancy,,
5,"f5_w8,f7_w8,f2_w8,f6_w8,f4_w8",0.3634451601783546,0.2612280750144774,0.6244677589856393,0.2328311226711159,relevance_minus_redundancy,,
6,"f3_w8,f8_w8,f9_w8,f2_w8,f6_w8,f4_w8",0.35036353908220236,0.23541962287881088,0.6747291269831341,0.2326537276427969,relevance_minus_redundancy,,
5,"f3_w8,f8_w8,f9_w8,f6_w8,f4_w8",0.3708181567457878,0.276465665307529,0.6747291269831341,0.2325853240920233,relevance_minus_redundancy,,
7,"f5_w8,f7_w8,f8_w8,f2_w8,f6_w8,f10_w8,f4_w8",0.36911880572144184,0.2739444475435601,0.8910040858870307,0.23214658194966178,relevance_minus_redundancy,,
6,"f5_w8,f7_w8,f8_w8,f9_w8,f6_w8,f10_w8",0.44728129718680004,0.4303533269927279,0.8910040858870307,0.2321046336904361,relevance_minus_redundancy,,
5,"f5_w8,f8_w8,f9_w8,f2_w8,f4_w8",0.3795898887550576,0.29501085923084625,0.6747291269831341,0.2320844591396345,relevance_minus_redundancy,,
6,"f3_w8,f8_w8,f9_w8,f6_w8,f10_w8,f4_w8",0.3435504727571959,0.22373142548755529,0.6747291269831341,0.23168476001341826,relevance_minus_redundancy,,
7,"f1_w8,f7_w8,f8_w8,f9_w8,f6_w8,f10_w8,f4_w8",0.4031247419015747,0.3438413385135822,0.8910040858870307,0.23120407264478363,relevance_minus_redundancy,,
5,"f5_w8,f8_w8,f9_w8,f10_w8,f4_w8",0.37141420916504997,0.2807169730895963,0.6747291269831341,0.2310557226202518,relevance_minus_redundancy,,
7,"f1_w8,f8_w8,f9_w8,f2_w8,f6_w8,f10_w8,f4_w8",0.3483324572060118,0.23506676839230845,0.689042292309862,0.23079907300985758,relevance_minus_redundancy,,
6,"f5_w8,f8_w8,f9_w8,f2_w8,f10_w8,f4_w8",0.3508602494315875,0.24280557827455482,0.6747291269831341,0.22945746029431008,relevance_minus_redundancy,,
4,"f8_w8,f9_w8,f2_w8,f10_w8",0.34487697026937275,0.23156466418222035,0.6747291269831341,0.2290946381782626,relevance_minus_redundancy,,
5,"f3_w8,f9_w8,f6_w8,f10_w8,f4_w8",0.30038181003981845,0.14289934883362285,0.4597979894490815,0.22893213562300702,relevance_minus_redundancy,,
4,"f3_w8,f6_w8,f10_w8,f4_w8",0.28427436476104895,0.11099359119108265,0.20629680749542753,0.22877756916550762,relevance_minus_redundancy,,
6,"f1_w8,f8_w8,f9_w8,f6_w8,f10_w8,f4_w8",0.3650394582796346,0.27523680294559494,0.689042292309862,0.2274210568068371,relevance_minus_redundancy,,
5,"f1_w8,f7_w8,f8_w8,f9_w8,f4_w8",0.48056316990290754,0.5068678710902563,0.8910040858870307,0.22712923435777937,relevance_minus_redundancy,,
7,"f3_w8,f8_w8,f9_w8,f2_w8,f6_w8,f10_w8,f4_w8",0.32991332675820717,0.20636869720400308,0.6747291269831341,0.22672897815620563,relevance_minus_redundancy,,
6,"f5_w8,f7_w8,f2_w8,f6_w8,f10_w8,f4_w8",0.3374063089510016,0.22222953935670434,0.6244677589856393,0.22629153927264944,relevance_minus_redundancy,,
3,"f7_w8,f10_w8,f4_w8",0.2852378312557885,0.11796977766158373,0.2545053232037359,0.22625294242499663,relevance_minus_redundancy,,
6,"f1_w8,f9_w8,f2_w8,f6_w8,f10_w8,f4_w8",0.3131555690163332,0.1742132970121119,0.4597979894490815,0.22604892051027722,relevance_minus_redundancy,,
4,"f7_w8,f8_w8,f2_w8,f4_w8",0.3639964195153718,0.2772577984420391,0.8910040858870307,0.22536752029435225,relevance_minus_redundancy,,
3,"f5_w8,f8_w8,f6_w8",0.49334256517281744,0.5365299350435607,0.6244677589856393,0.22507759765103708,relevance_minus_redundancy,,
3,"f7_w8,f2_w8,f4_w8",0.29886396390580133,0.14795299352893476,0.2545053232037359,0.22488746714133395,relevance_minus_redundancy,,
4,"f3_w8,f2_w8,f6_w8,f4_w8",0.29449396424855856,0.14142803216866798,0.353102140345364,0.22377994816422458,relevance_minus_redundancy,,
5,"f7_w8,f8_w8,f2_w8,f10_w8,f4_w8",0.33263954617514474,0.21886648211508364,0.8910040858870307,0.22320630511760292,relevance_minus_redundancy,,
4,"f3_w8,f2_w8,f10_w8,f4_w8",0.2933356547065555,0.14129116350788543,0.353102140345364,0.22269007295261278,relevance_minus_redundancy,,
4,"f7_w8,f8_w8,f9_w8,f10_w8",0.44076346848660786,0.43676643445679986,0.8910040858870307,0.22238025125820793,relevance_minus_redundancy,,
3,"f8_w8,f9_w8,f10_w8",0.3771391434377387,0.3100445380348786,0.6747291269831341,0.2221168744202994,relevance_minus_redundancy,,
4,"f5_w8,f9_w8,f2_w8,f6_w8",0.38338398777338506,0.32281357703956276,0.6244677589856393,0.22197719925360368,relevance_minus_redundancy,,
5,"f5_w8,f8_w8,f9_w8,f6_w8,f10_w8",0.41041026789751694,0.3780274319831606,0.6747291269831341,0.22139655190593666,relevance_minus_redundancy,,
4,"f7_w8,f8_w8,f6_w8,f10_w8",0.402521893443446,0.36228590182642173,0.8910040858870307,0.22137894253023516,relevance_minus_redundancy,,
5,"f1_w8,f8_w8,f9_w8,f6_w8,f4_w8",0.3966049393727142,0.3507714923994279,0.689042292309862,0.22121919317300023,relevance_minus_redundancy,,
2,"f2_w8,f6_w8",0.22996787087326184,0.017554885233277667,0.017554885233277667,0.221190428256623,relevance_minus_redundancy,,
5,"f5_w8,f7_w8,f6_w8,f10_w8,f4_w8",0.3552694805883469,0.26876012690400913,0.6244677589856393,0.22088941713634233,relevance_minus_redundancy,,
4,"f5_w8,f9_w8,f2_w8,f4_w8",0.33463891435780124,0.22962346345559395,0.3701281495862937,0.21982718263000428,relevance_minus_redundancy,,
4,"f5_w8,f2_w8,f6_w8,f10_w8",0.3439841031882201,0.24859678074565958,0.6244677589856393,0.2196857128153903,relevance_minus_redundancy,,
6,"f5_w8,f7_w8,f8_w8,f6_w8,f10_w8,f4_w8",0.38929019821430294,0.3397335829421522,0.8910040858870307,0.21942340674322683,relevance_minus_redundancy,,
4,"f5_w8,f8_w8,f9_w8,f4_w8",0.4124647482527533,0.3877213696583277,0.6747291269831341,0.21860406342358946,relevance_minus_redundancy,,
6,"f1_w8,f7_w8,f8_w8,f9_w8,f6_w8,f4_w8",0.4357768567494644,0.43476907003823845,0.8910040858870307,0.2183923217303452,relevance_minus_redundancy,,
5,"f5_w8,f9_w8,f2_w8,f6_w8,f10_w8",0.3481496007815553,0.259946382792993,0.6244677589856393,0.21817640938505883,relevance_minus_redundancy,,
5,"f3_w8,f9_w8,f2_w8,f6_w8,f4_w8",0.3085574896298261,0.18079090680867815,0.4597979894490815,0.21816203622548702,relevance_minus_redundancy,,
6,"f7_w8,f8_w8,f9_w8,f2_w8,f6_w8,f10_w8",0.3704982692821592,0.3059023721724851,0.8910040858870307,0.21754708319591662,relevance_minus_redundancy,,
4,"f8_w8,f2_w8,f6_w8,f10_w8",0.30663539522621086,0.1794534386916623,0.4161670857316782,0.2169086758803797,relevance_minus_redundancy,,
5,"f5_w8,f8_w8,f2_w8,f6_w8,f4_w8",0.34899662872052817,0.26455268098616713,0.6244677589856393,0.2167202882274446,relevance_minus_redundancy,,
8,"f5_w8,f7_w8,f8_w8,f9_w8,f2_w8,f6_w8,f10_w8,f4_w8",0.36858040390062363,0.30411920463184366,0.8910040858870307,0.2165208015847018,relevance_minus_redundancy,,
5,"f5_w8,f9_w8,f2_w8,f10_w8,f4_w8",0.3091535420490883,0.18551354106897,0.3701281495862937,0.2163967715146033,relevance_minus_redundancy,,
4,"f5_w8,f2_w8,f10_w8,f4_w8",0.2952390297726363,0.15805402742869662,0.2277997098302651,0.21621201605828796,relevance_minus_redundancy,,
4,"f5_w8,f7_w8,f9_w8,f6_w8",0.47927048599062017,0.5266867431952151,0.7211659687271271,0.2159271143930126,relevance_minus_redundancy,,
5,"f5_w8,f7_w8,f8_w8,f9_w8,f4_w8",0.4562990873288458,0.48101921462223435,0.8910040858870307,0.2157894800177286,relevance_minus_redundancy,,
4,"f5_w8,f9_w8,f6_w8,f10_w8",0.37316438828587545,0.31764044914161754,0.6244677589856393,0.21434416371506668,relevance_minus_redundancy,,
5,"f7_w8,f9_w8,f2_w8,f6_w8,f10_w8",0.3327191658697744,0.23810669991597053,0.7211659687271271,0.21366581591178913,relevance_minus_redundancy,,
4,"f7_w8,f2_w8,f10_w8,f4_w8",0.2759509861329101,0.12573275987194707,0.2545053232037359,0.21308460619693653,relevance_minus_redundancy,,
7,"f5_w8,f7_w8,f9_w8,f2_w8,f6_w8,f10_w8,f4_w8",0.3413213492658436,0.2581532521259188,0.7211659687271271,0.21224472320288423,relevance_minus_redundancy,,
7,"f5_w8,f7_w8,f8_w8,f9_w8,f2_w8,f6_w8,f4_w8",0.39163302548439327,0.3589890905887777,0.8910040858870307,0.21213848019000442,relevance_minus_redundancy,,
1,f6_w8,0.21184529098224875,0.0,0.0,0.21184529098224875,relevance_minus_redundancy,,
6,"f3_w8,f9_w8,f2_w8,f6_w8,f10_w8,f4_w8",0.2916665834938945,0.15971846095566403,0.4597979894490815,0.21180735301606252,relevance_minus_redundancy,,
5,"f7_w8,f8_w8,f9_w8,f2_w8,f6_w8",0.4031555125757437,0.3837405781084479,0.8910040858870307,0.21128522352151977,relevance_minus_redundancy,,
4,"f5_w8,f7_w8,f6_w8,f4_w8",0.3922838375318745,0.3629287496163605,0.6244677589856393,0.21081946272369426,relevance_minus_redundancy,,
4,"f7_w8,f9_w8,f2_w8,f6_w8",0.36409594413365887,0.307419608251772,0.7211659687271271,0.21038614000777286,relevance_minus_redundancy,,
5,"f5_w8,f7_w8,f8_w8,f9_w8,f6_w8",0.49529514606131275,0.57109757181865,0.8910040858870307,0.20974636015198778,relevance_minus_redundancy,,
6,"f5_w8,f8_w8,f2_w8,f6_w8,f10_w8,f4_w8",0.32536586606947954,0.23353164425994538,0.6244677589856393,0.20860004393950685,relevance_minus_redundancy,,
6,"f5_w8,f7_w8,f9_w8,f2_w8,f6_w8,f4_w8",0.36367289867444486,0.3106154612780483,0.7211659687271271,0.2083651680354207,relevance_minus_redundancy,,
5,"f3_w8,f2_w8,f6_w8,f10_w8,f4_w8",0.27703758196169415,0.13956120039924086,0.353102140345364,0.20725698176207372,relevance_minus_redundancy,,
1,f10_w8,0.20721205281423646,0.0,0.0,0.20721205281423646,relevance_minus_redundancy,,
5,"f5_w8,f7_w8,f8_w8,f6_w8,f4_w8",0.4257058272943163,0.4371394520936632,0.8910040858870307,0.20713610124748466,relevance_minus_redundancy,,
4,"f7_w8,f8_w8,f10_w8,f4_w8",0.3537768200278622,0.2961982936553168,0.8910040858870307,0.2056776732002038,relevance_minus_redundancy,,
6,"f5_w8,f7_w8,f9_w8,f6_w8,f10_w8,f4_w8",0.35685983234943847,0.30254956694540003,0.7211659687271271,0.20558504887673845,relevance_minus_redundancy,,
7,"f5_w8,f7_w8,f8_w8,f9_w8,f6_w8,f10_w8,f4_w8",0.3857932543486734,0.36292262410744414,0.8910040858870307,0.20433194229495133,relevance_minus_redundancy,,
3,"f5_w8,f6_w8,f10_w8",0.3759486539962018,0.34503084018218394,0.6244677589856393,0.20343323390510984,relevance_minus_redundancy,,
4,"f5_w8,f8_w8,f9_w8,f6_w8",0.4612098216683371,0.5190408451915319,0.6747291269831341,0.20168939907257116,relevance_minus_redundancy,,
5,"f7_w8,f8_w8,f2_w8,f6_w8,f4_w8",0.3335661938087472,0.2642585629021346,0.8910040858870307,0.20143691235767988,relevance_minus_redundancy,,
6,"f7_w8,f8_w8,f9_w8,f2_w8,f10_w8,f4_w8",0.33800155367177,0.27474953422615495,0.8910040858870307,0.2006267865586925,relevance_minus_redundancy,,
6,"f7_w8,f8_w8,f2_w8,f6_w8,f10_w8,f4_w8",0.3125071703096621,0.2249333644676917,0.8910040858870307,0.20004048807581623,relevance_minus_redundancy,,
7,"f5_w8,f8_w8,f9_w8,f2_w8,f6_w8,f10_w8,f4_w8",0.3310009696531105,0.264014906021377,0.6747291269831341,0.19899351664242199,relevance_minus_redundancy,,
4,"f7_w8,f9_w8,f6_w8,f10_w8",0.35387634464614925,0.3122919634883475,0.7211659687271271,0.19773036290197551,relevance_minus_redundancy,,
2,"f7_w8,f4_w8",0.3242507204765645,0.2545053232037359,0.2545053232037359,0.19699805887469654,relevance_minus_redundancy,,
6,"f5_w8,f8_w8,f9_w8,f2_w8,f6_w8,f4_w8",0.35163245579292285,0.30973607580957524,0.6747291269831341,0.19676441788813523,relevance_minus_redundancy,,
5,"f5_w8,f8_w8,f6_w8,f10_w8,f4_w8",0.34082094913052047,0.2887638804596363,0.6244677589856393,0.19643900890070232,relevance_minus_redundancy,,
3,"f8_w8,f2_w8,f4_w8",0.27478307814275726,0.15884786219393585,0.31769589120639546,0.19535914704578933,relevance_minus_redundancy,,
4,"f8_w8,f9_w8,f2_w8,f6_w8",0.34603527981137583,0.30272831492033253,0.6747291269831341,0.19467112235120956,relevance_minus_redundancy,,
5,"f8_w8,f9_w8,f2_w8,f6_w8,f10_w8",0.318270634411948,0.24892047530027872,0.6747291269831341,0.1938103967618086,relevance_minus_redundancy,,
4,"f7_w8,f2_w8,f6_w8,f4_w8",0.27710929567491316,0.16778845553737287,0.36737204196866546,0.19321506790622672,relevance_minus_redundancy,,
5,"f7_w8,f9_w8,f2_w8,f10_w8,f4_w8",0.2937231071373073,0.20122456244900358,0.7211659687271271,0.19311082591280554,relevance_minus_redundancy,,
3,"f9_w8,f2_w8,f10_w8",0.27337136491113584,0.16303019109482011,0.23713296915281937,0.1918562693637258,relevance_minus_redundancy,,
5,"f7_w8,f8_w8,f9_w8,f6_w8,f10_w8",0.394979832985736,0.4070232531385652,0.8910040858870307,0.19146820641645343,relevance_minus_redundancy,,
4,"f7_w8,f9_w8,f10_w8,f4_w8",0.30513127123056544,0.22910423818171424,0.7211659687271271,0.19057915213970833,relevance_minus_redundancy,,
3,"f7_w8,f8_w8,f6_w8",0.4676251736531825,0.5581810711957914,0.8910040858870307,0.1885346380552868,relevance_minus_redundancy,,
6,"f5_w8,f8_w8,f9_w8,f6_w8,f10_w8,f4_w8",0.3448193894679164,0.31278961319955195,0.6747291269831341,0.18842458286814043,relevance_minus_redundancy,,
2,"f9_w8,f2_w8",0.30645102095958554,0.23713296915281937,0.23713296915281937,0.18788453638317587,relevance_minus_redundancy,,
4,"f5_w8,f8_w8,f6_w8,f4_w8",0.3742231732095915,0.37355408657045275,0.6244677589856393,0.1874461299243651,relevance_minus_redundancy,,
5,"f5_w8,f7_w8,f9_w8,f6_w8,f4_w8",0.38678938825647885,0.39873906975712947,0.7211659687271271,0.18741985337791411,relevance_minus_redundancy,,
6,"f5_w8,f7_w8,f8_w8,f9_w8,f6_w8,f4_w8",0.41555678793774625,0.45706278985285986,0.8910040858870307,0.18702539301131632,relevance_minus_redundancy,,
5,"f7_w8,f2_w8,f6_w8,f10_w8,f4_w8",0.2631298471027778,0.1523565119364543,0.36737204196866546,0.18695159113455068,relevance_minus_redundancy,,
3,"f8_w8,f6_w8,f10_w8",0.3261503767135228,0.2790147816936097,0.4161670857316782,0.18664298586671796,relevance_minus_redundancy,,
5,"f7_w8,f8_w8,f9_w8,f2_w8,f4_w8",0.3641594538432767,0.35553009476259445,0.8910040858870307,0.18639440646197947,relevance_minus_redundancy,,
3,"f5_w8,f9_w8,f6_w8",0.42848183344308843,0.4847979660070048,0.6244677589856393,0.18608285043958603,relevance_minus_redundancy,,
4,"f5_w8,f2_w8,f6_w8,f4_w8",0.29639733931463935,0.22195350658970478,0.6244677589856393,0.18542058601978695,relevance_minus_redundancy,,
7,"f7_w8,f8_w8,f9_w8,f2_w8,f6_w8,f10_w8,f4_w8",0.3199792304304098,0.27458936422409264,0.8910040858870307,0.1826845483183635,relevance_minus_redundancy,,
5,"f7_w8,f8_w8,f9_w8,f10_w8,f4_w8",0.355983774253269,0.34726349850205696,0.8910040858870307,0.18235202500224051,relevance_minus_redundancy,,
6,"f5_w8,f9_w8,f2_w8,f6_w8,f10_w8,f4_w8",0.29293550020461506,0.22274651181924107,0.6244677589856393,0.1815622442949945,relevance_minus_redundancy,,
4,"f8_w8,f2_w8,f10_w8,f4_w8",0.25789032181062704,0.153894446509734,0.31769589120639546,0.18094309855576005,relevance_minus_redundancy,,
5,"f5_w8,f2_w8,f6_w8,f10_w8,f4_w8",0.2785602820145588,0.19745884417220141,0.6244677589856393,0.1798308599284581,relevance_minus_redundancy,,
5,"f7_w8,f8_w8,f6_w8,f10_w8,f4_w8",0.32539051421873955,0.2944970522563162,0.8910040858870307,0.17814198809058143,relevance_minus_redundancy,,
2,"f8_w8,f6_w8",0.385619538663166,0.4161670857316782,0.4161670857316782,0.1775359957973269,relevance_minus_redundancy,,
5,"f5_w8,f9_w8,f2_w8,f6_w8,f4_w8",0.31008018968269074,0.2657506239837052,0.6244677589856393,0.17720487769083815,relevance_minus_redundancy,,
4,"f7_w8,f9_w8,f2_w8,f4_w8",0.31535087071807505,0.2768140017628966,0.7211659687271271,0.17694386983662674,relevance_minus_redundancy,,
5,"f5_w8,f9_w8,f6_w8,f10_w8,f4_w8",0.30190451009268304,0.24997166818049835,0.6244677589856393,0.17691867600243388,relevance_minus_redundancy,,
4,"f7_w8,f6_w8,f10_w8,f4_w8",0.26688969618740355,0.184253834647389,0.36737204196866546,0.17476277886370906,relevance_minus_redundancy,,
5,"f8_w8,f9_w8,f2_w8,f10_w8,f4_w8",0.2792745756794809,0.21347789025727648,0.6747291269831341,0.17253563055084264,relevance_minus_redundancy,,
6,"f7_w8,f8_w8,f9_w8,f2_w8,f6_w8,f4_w8",0.3387737600331054,0.3329425183629425,0.8910040858870307,0.17230250085163415,relevance_minus_redundancy,,
5,"f5_w8,f8_w8,f9_w8,f6_w8,f4_w8",0.3723408567986524,0.40047058775518546,0.6747291269831341,0.1721055629210597,relevance_minus_redundancy,,
6,"f7_w8,f9_w8,f2_w8,f6_w8,f10_w8,f4_w8",0.2800768044447976,0.21608081160479858,0.7211659687271271,0.1720363986423983,relevance_minus_redundancy,,
4,"f5_w8,f6_w8,f10_w8,f4_w8",0.28617773982712974,0.22837340256520014,0.6244677589856393,0.17199103854452968,relevance_minus_redundancy,,
3,"f8_w8,f10_w8,f4_w8",0.26115694549274443,0.18446180493970968,0.31769589120639546,0.1689260430228896,relevance_minus_redundancy,,
4,"f8_w8,f2_w8,f6_w8,f4_w8",0.2590486313526301,0.18136839716370887,0.4161670857316782,0.16836443277077567,relevance_minus_redundancy,,
4,"f8_w8,f9_w8,f6_w8,f10_w8",0.3358156803238662,0.3353992494634705,0.6747291269831341,0.16811605559213097,relevance_minus_redundancy,,
6,"f7_w8,f8_w8,f9_w8,f6_w8,f10_w8,f4_w8",0.33196069370809894,0.34001424900672744,0.8910040858870307,0.16195356920473522,relevance_minus_redundancy,,
5,"f8_w8,f2_w8,f6_w8,f10_w8,f4_w8",0.24868131564495138,0.17413302829542773,0.4161670857316782,0.1616148014972375,relevance_minus_redundancy,,
5,"f7_w8,f9_w8,f2_w8,f6_w8,f4_w8",0.2946497547709098,0.2683553752663894,0.7211659687271271,0.1604720671377151,relevance_minus_redundancy,,
4,"f9_w8,f2_w8,f6_w8,f10_w8",0.2579898464289141,0.19545670924370784,0.4597979894490815,0.16026149180706017,relevance_minus_redundancy,,
4,"f8_w8,f9_w8,f2_w8,f4_w8",0.297290206395792,0.2745219624713983,0.6747291269831341,0.16002922516009285,relevance_minus_redundancy,,
4,"f8_w8,f9_w8,f10_w8,f4_w8",0.2870706069082824,0.2546107781967784,0.6747291269831341,0.1597652178098932,relevance_minus_redundancy,,
3,"f7_w8,f8_w8,f4_w8",0.4026317424324041,0.487735100099054,0.8910040858870307,0.15876419238287712,relevance_minus_redundancy,,
5,"f7_w8,f9_w8,f6_w8,f10_w8,f4_w8",0.2864740751809021,0.258603709343895,0.7211659687271271,0.15717222050895463,relevance_minus_redundancy,,
4,"f5_w8,f9_w8,f6_w8,f4_w8",0.3255776244122947,0.3378598022028803,0.6244677589856393,0.15664772331085455,relevance_minus_redundancy,,
3,"f5_w8,f6_w8,f4_w8",0.3124996354980942,0.31283552735709264,0.6244677589856393,0.15608187181954786,relevance_minus_redundancy,,
3,"f9_w8,f2_w8,f6_w8",0.27491577763380665,0.23816194794505952,0.4597979894490815,0.1558348036612769,relevance_minus_redundancy,,
6,"f8_w8,f9_w8,f2_w8,f6_w8,f10_w8,f4_w8",0.26803636156327554,0.227502699727848,0.6747291269831341,0.15428501169935155,relevance_minus_redundancy,,
3,"f7_w8,f6_w8,f4_w8",0.28678224397845925,0.2666073968692971,0.36737204196866546,0.1534785455438107,relevance_minus_redundancy,,
4,"f7_w8,f8_w8,f6_w8,f4_w8",0.3549351295698653,0.40411487557216597,0.8910040858870307,0.1528776917837823,relevance_minus_redundancy,,
2,"f7_w8,f8_w8",0.5955151149886494,0.8910040858870307,0.8910040858870307,0.15001307204513403,relevance_minus_redundancy,,
3,"f2_w8,f6_w8,f10_w8",0.22238259818692005,0.14499508719752266,0.2111335688638628,0.1498850545881587,relevance_minus_redundancy,,
2,"f5_w8,f6_w8",0.46031695458718447,0.6244677589856393,0.6244677589856393,0.1480830750943648,relevance_minus_redundancy,,
4,"f7_w8,f8_w8,f9_w8,f6_w8",0.44192177802861093,0.5883727164577862,0.8910040858870307,0.14773541979971783,relevance_minus_redundancy,,
3,"f7_w8,f9_w8,f6_w8",0.4027644419234535,0.5161120000482914,0.7211659687271271,0.14470844189930782,relevance_minus_redundancy,,
5,"f8_w8,f9_w8,f2_w8,f6_w8,f4_w8",0.2802012233130834,0.2718596560677917,0.6747291269831341,0.14427139527918753,relevance_minus_redundancy,,
3,"f9_w8,f6_w8,f10_w8",0.2612896449837938,0.2356396107374291,0.4597979894490815,0.14346983961507925,relevance_minus_redundancy,,
3,"f9_w8,f10_w8,f4_w8",0.1962962137630154,0.10688639971247248,0.25872609211062897,0.14285301390677915,relevance_minus_redundancy,,
2,"f7_w8,f9_w8",0.49822401739405586,0.7211659687271271,0.7211659687271271,0.1376410330304923,relevance_minus_redundancy,,
3,"f7_w8,f8_w8,f9_w8",0.5186139403773983,0.7622997271990973,0.8910040858870307,0.1374640767778496,relevance_minus_redundancy,,
4,"f8_w8,f6_w8,f10_w8,f4_w8",0.2488290318651205,0.22563235558028746,0.4161670857316782,0.13601285407497676,relevance_minus_redundancy,,
4,"f7_w8,f8_w8,f9_w8,f4_w8",0.3931767046130271,0.5196377480196754,0.8910040858870307,0.1333578306031894,relevance_minus_redundancy,,
4,"f9_w8,f2_w8,f10_w8,f4_w8",0.20924477301333028,0.15279759992625122,0.25872609211062897,0.13284597305020468,relevance_minus_redundancy,,
5,"f8_w8,f9_w8,f6_w8,f10_w8,f4_w8",0.2720255437230757,0.27878713772923475,0.6747291269831341,0.13263197485845832,relevance_minus_redundancy,,
3,"f7_w8,f9_w8,f4_w8",0.33777101070267507,0.4114657946804973,0.7211659687271271,0.1320381133624264,relevance_minus_redundancy,,
5,"f7_w8,f8_w8,f9_w8,f6_w8,f4_w8",0.35691042188687144,0.4539108430702967,0.8910040858870307,0.12995500035172308,relevance_minus_redundancy,,
2,"f8_w8,f4_w8",0.2881293918319984,0.31769589120639546,0.31769589120639546,0.1292814462288007,relevance_minus_redundancy,,
2,"f8_w8,f9_w8",0.4621026887494898,0.6747291269831341,0.6747291269831341,0.12473812525792272,relevance_minus_redundancy,,
2,"f2_w8,f10_w8",0.22765125178925572,0.2111335688638628,0.2111335688638628,0.12208446735732431,relevance_minus_redundancy,,
5,"f9_w8,f2_w8,f6_w8,f10_w8,f4_w8",0.209764876607114,0.17783801071707842,0.4597979894490815,0.12084587124857478,relevance_minus_redundancy,,
3,"f8_w8,f9_w8,f6_w8",0.37868355616040944,0.5168980673879646,0.6747291269831341,0.12023452246642713,relevance_minus_redundancy,,
4,"f7_w8,f9_w8,f6_w8,f4_w8",0.3062895807725685,0.3732520401491215,0.7211659687271271,0.11966356069800776,relevance_minus_redundancy,,
3,"f8_w8,f6_w8,f4_w8",0.2627013582154152,0.30393593412452113,0.4161670857316782,0.11073339115315461,relevance_minus_redundancy,,
2,"f6_w8,f10_w8",0.2095286718982426,0.20629680749542753,0.20629680749542753,0.10638026815052883,relevance_minus_redundancy,,
4,"f2_w8,f6_w8,f10_w8,f4_w8",0.1710031979701684,0.13031650353174595,0.2111335688638628,0.10584494620429544,relevance_minus_redundancy,,
3,"f8_w8,f9_w8,f4_w8",0.31369012493963105,0.4170503701000528,0.6747291269831341,0.10516493988960465,relevance_minus_redundancy,,
4,"f9_w8,f6_w8,f10_w8,f4_w8",0.20018348306782374,0.1941164702529027,0.4597979894490815,0.10312524794137239,relevance_minus_redundancy,,
3,"f9_w8,f2_w8,f4_w8",0.2099223464130282,0.21457297455561872,0.25872609211062897,0.10263585913521885,relevance_minus_redundancy,,
4,"f9_w8,f2_w8,f6_w8,f4_w8",0.21040308255533335,0.21650277063078419,0.4597979894490815,0.10215169723994126,relevance_minus_redundancy,,
3,"f2_w8,f6_w8,f4_w8",0.15893357968881242,0.11445319102405839,0.17794482543548976,0.10170698417678323,relevance_minus_redundancy,,
2,"f10_w8,f4_w8",0.11203852506707503,0.021109071759010254,0.021109071759010254,0.1014839891875699,relevance_minus_redundancy,,
4,"f8_w8,f9_w8,f6_w8,f4_w8",0.2882289164502855,0.38417683515273465,0.6747291269831341,0.09614049887391815,relevance_minus_redundancy,,
3,"f2_w8,f10_w8,f4_w8",0.15738916696614166,0.12670083434209362,0.2111335688638628,0.09403874979509486,relevance_minus_redundancy,,
3,"f6_w8,f10_w8,f4_w8",0.14530744703879958,0.1351169015633092,0.20629680749542753,0.07774899625714499,relevance_minus_redundancy,,
2,"f9_w8,f4_w8",0.1908382942374049,0.25872609211062897,0.25872609211062897,0.06147524818209041,relevance_minus_redundancy,,
2,"f2_w8,f4_w8",0.13247772404209426,0.14785986240340776,0.14785986240340776,0.058547792840390384,relevance_minus_redundancy,,
2,"f9_w8,f6_w8",0.28832844106857247,0.4597979894490815,0.4597979894490815,0.058429446344031716,relevance_minus_redundancy,,
3,"f9_w8,f6_w8,f4_w8",0.19784062648568615,0.29882296899840005,0.4597979894490815,0.048429141986486124,relevance_minus_redundancy,,
2,"f6_w8,f4_w8",0.11435514415108117,0.17794482543548976,0.17794482543548976,0.02538273143333629,relevance_minus_redundancy,,
1,f4_w8,0.01686499731991358,0.0,0.0,0.01686499731991358,relevance_minus_redundancy,,
