combo_size,features,relevance_mean_abs_pearson,redundancy_mean_abs_pearson,redundancy_max_abs_pearson,score,selector,mrmr_last_added,mrmr_score
1,f1_w7,0.8267380473559911,0.0,0.0,0.8267380473559911,relevance_minus_redundancy,,
1,f5_w7,0.7087886181921202,0.0,0.0,0.7087886181921202,relevance_minus_redundancy,,
1,f3_w7,0.7011751179277971,0.0,0.0,0.7011751179277971,relevance_minus_redundancy,,
1,f7_w7,0.5593226141123538,0.0,0.0,0.5593226141123538,relevance_minus_redundancy,,
1,f8_w7,0.5187220135278213,0.0,0.0,0.5187220135278213,relevance_minus_redundancy,,
2,"f1_w7,f6_w7",0.51929166916912,0.04861002390227615,0.04861002390227615,0.49498665721798185,relevance_minus_redundancy,,
2,"f3_w7,f8_w7",0.6099485657278092,0.25611860106604584,0.25611860106604584,0.48188926519478625,relevance_minus_redundancy,,
2,"f3_w7,f9_w7",0.5029988865496328,0.05078994050922054,0.05078994050922054,0.47760391629502247,relevance_minus_redundancy,,
2,"f3_w7,f7_w7",0.6302488660200755,0.35070824762787667,0.35070824762787667,0.4548947422061371,relevance_minus_redundancy,,
2,"f1_w7,f4_w7",0.45336157246645414,0.015055578826323855,0.015055578826323855,0.44583378305329224,relevance_minus_redundancy,,
2,"f1_w7,f10_w7",0.5169750500851138,0.14474842445092878,0.14474842445092878,0.44460083785964943,relevance_minus_redundancy,,
2,"f1_w7,f2_w7",0.5555015196567078,0.2460770703033775,0.2460770703033775,0.4324629845050191,relevance_minus_redundancy,,
2,"f1_w7,f5_w7",0.7677633327740556,0.6901188998694144,0.6901188998694144,0.4227038828393484,relevance_minus_redundancy,,
3,"f1_w7,f3_w7,f6_w7",0.5799194854220123,0.33005464672687657,0.7954854114974527,0.41489216205857404,relevance_minus_redundancy,,
3,"f1_w7,f5_w7,f4_w7",0.5385039210416761,0.2512894601143029,0.6901188998694144,0.4128591909845246,relevance_minus_redundancy,,
3,"f1_w7,f3_w7,f9_w7",0.6109119401517523,0.4033587925110369,0.7954854114974527,0.40923254389623387,relevance_minus_redundancy,,
3,"f1_w7,f5_w7,f10_w7",0.5809129061207826,0.34639842612860944,0.6901188998694144,0.40771369305647787,relevance_minus_redundancy,,
3,"f1_w7,f5_w7,f2_w7",0.606597219168512,0.4059675642194036,0.6901188998694144,0.40361343705881014,relevance_minus_redundancy,,
3,"f1_w7,f3_w7,f10_w7",0.5783750726993416,0.34957939960349377,0.7954854114974527,0.4035853728975948,relevance_minus_redundancy,,
3,"f1_w7,f3_w7,f8_w7",0.6822117262705366,0.5615151378927826,0.7954854114974527,0.4014541573241453,relevance_minus_redundancy,,
2,"f8_w7,f2_w7",0.40149350274262285,0.00035501146444842223,0.00035501146444842223,0.40131599701039866,relevance_minus_redundancy,,
3,"f3_w7,f7_w7,f10_w7",0.4892365949514625,0.17704813708806733,0.35070824762787667,0.4007125264074288,relevance_minus_redundancy,,
2,"f3_w7,f10_w7",0.4541935853710168,0.10850436286209991,0.10850436286209991,0.3999414039399668,relevance_minus_redundancy,,
2,"f7_w7,f2_w7",0.4217938030348891,0.04483581668298718,0.04483581668298718,0.3993758946933955,relevance_minus_redundancy,,
3,"f1_w7,f8_w7,f2_w7",0.5432416842804123,0.2931244942942251,0.6329414011148494,0.3966794371332998,relevance_minus_redundancy,,
3,"f5_w7,f3_w7,f8_w7",0.6428952498825796,0.49406750266891925,0.651642574178619,0.39586149854812,relevance_minus_redundancy,,
4,"f1_w7,f5_w7,f3_w7,f10_w7",0.6109784590725361,0.43247127115399997,0.7954854114974527,0.39474282349553613,relevance_minus_redundancy,,
4,"f1_w7,f3_w7,f7_w7,f10_w7",0.5736119580525946,0.362476679214854,0.7954854114974527,0.3923736184451676,relevance_minus_redundancy,,
3,"f1_w7,f7_w7,f2_w7",0.5567752178085899,0.3314649050209684,0.7034818280765406,0.39104276529810567,relevance_minus_redundancy,,
3,"f1_w7,f3_w7,f4_w7",0.5359660876202351,0.2903106780320562,0.7954854114974527,0.39081074860420706,relevance_minus_redundancy,,
4,"f1_w7,f5_w7,f3_w7,f4_w7",0.5791717202632063,0.37689790163189546,0.7954854114974527,0.3907227694472586,relevance_minus_redundancy,,
4,"f1_w7,f5_w7,f3_w7,f9_w7",0.6353811096618441,0.4901443245057194,0.7954854114974527,0.3903089474089845,relevance_minus_redundancy,,
3,"f5_w7,f3_w7,f9_w7",0.5715954637637953,0.36382020338033727,0.651642574178619,0.3896853620736267,relevance_minus_redundancy,,
3,"f1_w7,f5_w7,f3_w7",0.745567261158636,0.712415628515162,0.7954854114974527,0.389359446901055,relevance_minus_redundancy,,
3,"f3_w7,f8_w7,f2_w7",0.5013873744710143,0.2244216228191126,0.4167912559268436,0.38917656306145804,relevance_minus_redundancy,,
4,"f1_w7,f5_w7,f3_w7,f8_w7",0.6888559492509324,0.6001247034147457,0.7954854114974527,0.3887935975435596,relevance_minus_redundancy,,
3,"f1_w7,f2_w7,f6_w7",0.44094944343188813,0.10473671425726673,0.2460770703033775,0.3885810863032548,relevance_minus_redundancy,,
3,"f5_w7,f3_w7,f7_w7",0.656428783410757,0.5362726010487987,0.651642574178619,0.3882924828863577,relevance_minus_redundancy,,
3,"f1_w7,f3_w7,f7_w7",0.695745259798714,0.6165584957339566,0.7954854114974527,0.38746601193173574,relevance_minus_redundancy,,
4,"f1_w7,f3_w7,f8_w7,f2_w7",0.5827250426922586,0.3912947918955029,0.7954854114974527,0.38707764674450706,relevance_minus_redundancy,,
5,"f1_w7,f5_w7,f3_w7,f7_w7,f10_w7",0.6006472900804997,0.43274164847425445,0.7954854114974527,0.38427646584337244,relevance_minus_redundancy,,
2,"f1_w7,f9_w7",0.5657803512637298,0.3638010255264375,0.3638010255264375,0.3838798385005111,relevance_minus_redundancy,,
4,"f1_w7,f3_w7,f9_w7,f10_w7",0.5099869683173733,0.25247344901958735,0.7954854114974527,0.38375024380757966,relevance_minus_redundancy,,
2,"f3_w7,f6_w7",0.4565102044550229,0.1460685047809008,0.1460685047809008,0.38347595206457247,relevance_minus_redundancy,,
4,"f1_w7,f5_w7,f3_w7,f7_w7",0.6990060993970655,0.632983990431634,0.7954854114974527,0.3825141041812485,relevance_minus_redundancy,,
4,"f1_w7,f5_w7,f8_w7,f2_w7",0.5846284177583393,0.40427340633326686,0.6901188998694144,0.38249171459170583,relevance_minus_redundancy,,
5,"f1_w7,f5_w7,f3_w7,f8_w7,f2_w7",0.6079377577922308,0.45456782806685625,0.7954854114974527,0.3806538437588027,relevance_minus_redundancy,,
4,"f1_w7,f3_w7,f8_w7,f10_w7",0.5634618079064615,0.3659085452890987,0.7954854114974527,0.38050753526191217,relevance_minus_redundancy,,
4,"f1_w7,f5_w7,f7_w7,f2_w7",0.5947785679044724,0.42878121979293976,0.7034818280765406,0.3803879580080025,relevance_minus_redundancy,,
4,"f1_w7,f3_w7,f7_w7,f2_w7",0.5928751928383916,0.426229938352513,0.7954854114974527,0.37976022366213513,relevance_minus_redundancy,,
3,"f3_w7,f7_w7,f2_w7",0.5149209079991918,0.27077844007923585,0.4167912559268436,0.3795316879595738,relevance_minus_redundancy,,
2,"f5_w7,f3_w7",0.7049818680599587,0.651642574178619,0.651642574178619,0.37916058097064914,relevance_minus_redundancy,,
3,"f5_w7,f3_w7,f10_w7",0.5390585963113846,0.3214916303687347,0.651642574178619,0.3783127811270173,relevance_minus_redundancy,,
4,"f5_w7,f3_w7,f7_w7,f10_w7",0.5441246007616268,0.33226365347470105,0.651642574178619,0.37799277402427633,relevance_minus_redundancy,,
3,"f1_w7,f7_w7,f10_w7",0.5310909047608605,0.30672068443389827,0.7034818280765406,0.37773056254391135,relevance_minus_redundancy,,
5,"f1_w7,f5_w7,f3_w7,f9_w7,f10_w7",0.5497472982923226,0.3449958217684215,0.7954854114974527,0.37724938740811187,relevance_minus_redundancy,,
4,"f1_w7,f3_w7,f8_w7,f4_w7",0.5316550690971317,0.30900452368598,0.7954854114974527,0.3771528072541417,relevance_minus_redundancy,,
5,"f1_w7,f5_w7,f3_w7,f8_w7,f10_w7",0.5925271699635932,0.43159820326102044,0.7954854114974527,0.37672806833308303,relevance_minus_redundancy,,
5,"f1_w7,f5_w7,f3_w7,f7_w7,f2_w7",0.6160578779091372,0.4787314807988431,0.7954854114974527,0.3766921375097157,relevance_minus_redundancy,,
5,"f1_w7,f5_w7,f3_w7,f8_w7,f4_w7",0.5670817789161293,0.3818923850573177,0.7954854114974527,0.37613558638747047,relevance_minus_redundancy,,
4,"f1_w7,f5_w7,f7_w7,f10_w7",0.5755153331186753,0.40351264809608245,0.7034818280765406,0.3737590090706341,relevance_minus_redundancy,,
5,"f1_w7,f5_w7,f3_w7,f7_w7,f4_w7",0.5752018990330358,0.4030382905442044,0.7954854114974527,0.3736827537609335,relevance_minus_redundancy,,
4,"f1_w7,f5_w7,f3_w7,f2_w7",0.6302416938583332,0.513636989043521,0.7954854114974527,0.3734231993365727,relevance_minus_redundancy,,
3,"f1_w7,f5_w7,f9_w7",0.6134497735731933,0.48098267361634145,0.6901188998694144,0.3729584367650226,relevance_minus_redundancy,,
4,"f1_w7,f3_w7,f7_w7,f4_w7",0.5418052192432647,0.33891009140115663,0.7954854114974527,0.3723501735426864,relevance_minus_redundancy,,
3,"f3_w7,f8_w7,f10_w7",0.47570306142328495,0.2074253448904538,0.2576530707432157,0.37199038897805803,relevance_minus_redundancy,,
4,"f5_w7,f3_w7,f8_w7,f2_w7",0.5532376854012908,0.36350924964724474,0.651642574178619,0.37148306057766844,relevance_minus_redundancy,,
5,"f1_w7,f5_w7,f3_w7,f9_w7,f4_w7",0.5243019072448587,0.30790196809464476,0.7954854114974527,0.3703509231975363,relevance_minus_redundancy,,
2,"f5_w7,f4_w7",0.3943868578845187,0.04869390164717061,0.04869390164717061,0.3700399070609334,relevance_minus_redundancy,,
4,"f1_w7,f3_w7,f9_w7,f4_w7",0.4781802295080435,0.21658936829967854,0.7954854114974527,0.3698855453582042,relevance_minus_redundancy,,
3,"f5_w7,f3_w7,f4_w7",0.4966496112322782,0.2535758398660606,0.651642574178619,0.3698616912992479,relevance_minus_redundancy,,
3,"f3_w7,f9_w7,f10_w7",0.40440327530450065,0.07026861088090175,0.10850436286209991,0.3692689698640498,relevance_minus_redundancy,,
3,"f1_w7,f5_w7,f8_w7",0.6847495596919776,0.6325005445821189,0.6901188998694144,0.36849928740091814,relevance_minus_redundancy,,
4,"f1_w7,f3_w7,f8_w7,f6_w7",0.5646201174484646,0.39383125206953035,0.7954854114974527,0.36770449141369943,relevance_minus_redundancy,,
4,"f5_w7,f3_w7,f7_w7,f2_w7",0.5633878355474239,0.39202526637360763,0.651642574178619,0.36737520236062005,relevance_minus_redundancy,,
4,"f1_w7,f3_w7,f7_w7,f6_w7",0.5747702675945977,0.4152882832800327,0.7954854114974527,0.3671261259545814,relevance_minus_redundancy,,
5,"f1_w7,f5_w7,f3_w7,f10_w7,f4_w7",0.5047797867734123,0.275970778728622,0.7954854114974527,0.36679439740910125,relevance_minus_redundancy,,
4,"f1_w7,f3_w7,f2_w7,f6_w7",0.5060058620558654,0.2787592191628329,0.7954854114974527,0.3666262524744489,relevance_minus_redundancy,,
4,"f1_w7,f5_w7,f2_w7,f4_w7",0.47494418877061323,0.21714583711888846,0.6901188998694144,0.366371270211169,relevance_minus_redundancy,,
2,"f1_w7,f3_w7",0.7639565826418941,0.7954854114974527,0.7954854114974527,0.3662138768931678,relevance_minus_redundancy,,
4,"f1_w7,f3_w7,f6_w7,f10_w7",0.4867426272700684,0.24161892249818095,0.7954854114974527,0.3659331660209779,relevance_minus_redundancy,,
4,"f1_w7,f5_w7,f3_w7,f6_w7",0.6121367686145393,0.49273219553571707,0.7954854114974527,0.3657706708466807,relevance_minus_redundancy,,
3,"f1_w7,f5_w7,f7_w7",0.698283093220155,0.6666892364286184,0.7034818280765406,0.3649384750058458,relevance_minus_redundancy,,
3,"f3_w7,f8_w7,f4_w7",0.43329407634417855,0.13684825022575137,0.25611860106604584,0.36486995123130284,relevance_minus_redundancy,,
4,"f5_w7,f3_w7,f8_w7,f10_w7",0.5339744506154938,0.34211464927959306,0.651642574178619,0.36291712597569725,relevance_minus_redundancy,,
4,"f1_w7,f5_w7,f7_w7,f4_w7",0.5437085943093455,0.3620259380609507,0.7034818280765406,0.3626956252788701,relevance_minus_redundancy,,
4,"f1_w7,f3_w7,f6_w7,f4_w7",0.45493588846073857,0.18476901828790016,0.7954854114974527,0.3625513793167885,relevance_minus_redundancy,,
4,"f1_w7,f5_w7,f8_w7,f4_w7",0.5335584441632124,0.3425477033431112,0.6901188998694144,0.3622845924916568,relevance_minus_redundancy,,
3,"f5_w7,f7_w7,f2_w7",0.5174587414206329,0.3110031735027689,0.6064669813399005,0.3619571546692484,relevance_minus_redundancy,,
6,"f1_w7,f5_w7,f3_w7,f7_w7,f8_w7,f2_w7",0.5998352338455847,0.47588923528852217,0.8871673749319654,0.36189061620132357,relevance_minus_redundancy,,
4,"f5_w7,f3_w7,f8_w7,f4_w7",0.5021677118061639,0.2808870932108561,0.651642574178619,0.3617241652007359,relevance_minus_redundancy,,
6,"f1_w7,f5_w7,f3_w7,f7_w7,f2_w7,f10_w7",0.5479169070599871,0.37241357700556754,0.7954854114974527,0.3617101185572033,relevance_minus_redundancy,,
5,"f1_w7,f3_w7,f7_w7,f8_w7,f2_w7",0.5780445569762775,0.4333962018692388,0.8871673749319654,0.36134645604165816,relevance_minus_redundancy,,
3,"f5_w7,f8_w7,f2_w7",0.5039252078924553,0.28550102223732005,0.5744413327620927,0.3611746967737953,relevance_minus_redundancy,,
3,"f1_w7,f3_w7,f2_w7",0.604059385747071,0.48611791257589126,0.7954854114974527,0.36100042945912536,relevance_minus_redundancy,,
6,"f1_w7,f5_w7,f3_w7,f7_w7,f10_w7,f4_w7",0.5138702579965692,0.3067090055807412,0.7954854114974527,0.36051575520619855,relevance_minus_redundancy,,
6,"f1_w7,f5_w7,f3_w7,f8_w7,f2_w7,f4_w7",0.5199456477563452,0.3190051173556594,0.7954854114974527,0.3604430890785155,relevance_minus_redundancy,,
2,"f3_w7,f4_w7",0.39058010775235713,0.06039104377239208,0.06039104377239208,0.36038458586616107,relevance_minus_redundancy,,
4,"f1_w7,f5_w7,f10_w7,f4_w7",0.45568095398481623,0.19061406582927606,0.6901188998694144,0.3603739210701782,relevance_minus_redundancy,,
3,"f3_w7,f7_w7,f4_w7",0.44682760987235604,0.17314591000220755,0.35070824762787667,0.36025465487125224,relevance_minus_redundancy,,
4,"f5_w7,f3_w7,f7_w7,f4_w7",0.512317861952297,0.30437353119538546,0.651642574178619,0.3601310963546043,relevance_minus_redundancy,,
4,"f5_w7,f3_w7,f9_w7,f10_w7",0.4804996110264056,0.24263407605666357,0.651642574178619,0.3591825729980738,relevance_minus_redundancy,,
5,"f1_w7,f5_w7,f3_w7,f2_w7,f4_w7",0.52019037460205,0.32271853080886376,0.7954854114974527,0.35883110919761807,relevance_minus_redundancy,,
6,"f1_w7,f5_w7,f3_w7,f7_w7,f2_w7,f4_w7",0.5267124145204339,0.3360677746948197,0.7954854114974527,0.35867852717302406,relevance_minus_redundancy,,
4,"f1_w7,f5_w7,f9_w7,f10_w7",0.5118903433834541,0.30725598810613713,0.6901188998694144,0.3582623493303855,relevance_minus_redundancy,,
5,"f1_w7,f3_w7,f7_w7,f2_w7,f10_w7",0.5157425648335605,0.3151940523144675,0.7954854114974527,0.35814553867632676,relevance_minus_redundancy,,
5,"f1_w7,f5_w7,f3_w7,f9_w7,f2_w7",0.5651578861209602,0.41431498718200166,0.7954854114974527,0.35800039252995935,relevance_minus_redundancy,,
6,"f1_w7,f5_w7,f3_w7,f8_w7,f2_w7,f10_w7",0.5411501402958984,0.3686858931821757,0.7954854114974527,0.3568071937048105,relevance_minus_redundancy,,
4,"f1_w7,f3_w7,f10_w7,f4_w7",0.4537775789187355,0.19415407625425515,0.7954854114974527,0.3567005407916079,relevance_minus_redundancy,,
4,"f1_w7,f5_w7,f8_w7,f10_w7",0.5653651829725422,0.41737184716766434,0.6901188998694144,0.35667925938871003,relevance_minus_redundancy,,
5,"f1_w7,f3_w7,f8_w7,f2_w7,f6_w7",0.5085490923502566,0.3045733898677998,0.7954854114974527,0.3562623974163567,relevance_minus_redundancy,,
2,"f1_w7,f8_w7",0.6727300304419062,0.6329414011148494,0.6329414011148494,0.35625932988448145,relevance_minus_redundancy,,
5,"f1_w7,f5_w7,f3_w7,f8_w7,f9_w7",0.6120492904350396,0.5122221351644042,0.7954854114974527,0.35593822285283755,relevance_minus_redundancy,,
2,"f5_w7,f10_w7",0.45800033550317837,0.20432795406548496,0.20432795406548496,0.3558363584704359,relevance_minus_redundancy,,
6,"f1_w7,f5_w7,f3_w7,f7_w7,f8_w7,f10_w7",0.5869930773217199,0.4623825510240475,0.8871673749319654,0.3558018018096961,relevance_minus_redundancy,,
5,"f1_w7,f3_w7,f7_w7,f2_w7,f6_w7",0.516669212467163,0.3218956891159551,0.7954854114974527,0.35572136790918546,relevance_minus_redundancy,,
2,"f5_w7,f2_w7",0.4965268050747723,0.28170672248541895,0.28170672248541895,0.35567344383206284,relevance_minus_redundancy,,
5,"f1_w7,f5_w7,f3_w7,f7_w7,f8_w7",0.6629492822232167,0.6148572652464757,0.8871673749319654,0.35552064959997887,relevance_minus_redundancy,,
3,"f1_w7,f5_w7,f6_w7",0.5824573188434533,0.45439889425244334,0.6901188998694144,0.35525787171723167,relevance_minus_redundancy,,
5,"f1_w7,f3_w7,f8_w7,f2_w7,f4_w7",0.4821770536691902,0.2538473329392175,0.7954854114974527,0.35525338719958144,relevance_minus_redundancy,,
5,"f1_w7,f5_w7,f3_w7,f2_w7,f10_w7",0.5456357656495138,0.38087789805819827,0.7954854114974527,0.35519681662041463,relevance_minus_redundancy,,
3,"f1_w7,f6_w7,f4_w7",0.37285614530505234,0.035556383225551796,0.04861002390227615,0.35507795369227646,relevance_minus_redundancy,,
5,"f1_w7,f3_w7,f7_w7,f10_w7,f4_w7",0.47488658595745903,0.23993847726105275,0.7954854114974527,0.35491734732693264,relevance_minus_redundancy,,
6,"f1_w7,f5_w7,f3_w7,f8_w7,f10_w7,f4_w7",0.5071034912324804,0.3049931532540827,0.7954854114974527,0.3546069146054391,relevance_minus_redundancy,,
5,"f1_w7,f5_w7,f7_w7,f2_w7,f10_w7",0.5172652648864251,0.32630718029906214,0.7034818280765406,0.35411167473689403,relevance_minus_redundancy,,
4,"f1_w7,f5_w7,f2_w7,f10_w7",0.506750927579943,0.306059229352828,0.6901188998694144,0.35372131290352904,relevance_minus_redundancy,,
5,"f1_w7,f5_w7,f7_w7,f2_w7,f4_w7",0.4918198738389613,0.27659980874191126,0.7034818280765406,0.3535199694680057,relevance_minus_redundancy,,
5,"f1_w7,f5_w7,f8_w7,f2_w7,f4_w7",0.4836997537220548,0.26046478738935375,0.6901188998694144,0.35346736002737794,relevance_minus_redundancy,,
4,"f1_w7,f5_w7,f9_w7,f4_w7",0.48008360457412425,0.2534517851647939,0.6901188998694144,0.3533577119917273,relevance_minus_redundancy,,
4,"f1_w7,f3_w7,f8_w7,f9_w7",0.5878644584957695,0.46949840823012384,0.7954854114974527,0.35311525438070757,relevance_minus_redundancy,,
6,"f1_w7,f5_w7,f3_w7,f7_w7,f9_w7,f10_w7",0.5513431842623278,0.3966335315328093,0.7954854114974527,0.3530264184959231,relevance_minus_redundancy,,
3,"f1_w7,f9_w7,f10_w7",0.44625758511389874,0.18668699308291703,0.3638010255264375,0.3529140885724402,relevance_minus_redundancy,,
4,"f3_w7,f7_w7,f8_w7,f2_w7",0.5158711843813492,0.3259960512833612,0.8871673749319654,0.35287315873966857,relevance_minus_redundancy,,
5,"f1_w7,f3_w7,f7_w7,f8_w7,f10_w7",0.56263396914764,0.4208740523145201,0.8871673749319654,0.35219694299037996,relevance_minus_redundancy,,
5,"f1_w7,f3_w7,f7_w7,f2_w7,f4_w7",0.4902971737860967,0.2762387540901773,0.7954854114974527,0.3521777967410081,relevance_minus_redundancy,,
5,"f1_w7,f5_w7,f3_w7,f7_w7,f9_w7",0.6201694105519461,0.5368478901568016,0.7954854114974527,0.3517454654735453,relevance_minus_redundancy,,
4,"f1_w7,f3_w7,f9_w7,f2_w7",0.5292502031031703,0.3551089299722318,0.7954854114974527,0.35169573811705435,relevance_minus_redundancy,,
3,"f1_w7,f8_w7,f4_w7",0.4751483861535765,0.2473440285933298,0.6329414011148494,0.3514763718569116,relevance_minus_redundancy,,
5,"f1_w7,f3_w7,f8_w7,f2_w7,f10_w7",0.5076224447166541,0.3128050914371605,0.7954854114974527,0.3512198989980738,relevance_minus_redundancy,,
5,"f5_w7,f3_w7,f7_w7,f8_w7,f2_w7",0.5544546711435034,0.40702339184661984,0.8871673749319654,0.3509429752201935,relevance_minus_redundancy,,
3,"f1_w7,f7_w7,f4_w7",0.48868191968175406,0.27562528183640606,0.7034818280765406,0.350869278763551,relevance_minus_redundancy,,
5,"f1_w7,f5_w7,f3_w7,f2_w7,f6_w7",0.5465624132831163,0.39204912704960887,0.7954854114974527,0.3505378497583118,relevance_minus_redundancy,,
6,"f1_w7,f5_w7,f3_w7,f9_w7,f10_w7,f4_w7",0.4714535981730883,0.24192343918084533,0.7954854114974527,0.3504918785826656,relevance_minus_redundancy,,
5,"f1_w7,f5_w7,f3_w7,f6_w7,f10_w7",0.5311518254544787,0.36202707220882435,0.7954854114974527,0.3501382893500665,relevance_minus_redundancy,,
5,"f1_w7,f3_w7,f7_w7,f6_w7,f10_w7",0.5012586246385254,0.30232110952628777,0.7954854114974527,0.35009806987538156,relevance_minus_redundancy,,
6,"f1_w7,f5_w7,f3_w7,f7_w7,f8_w7,f4_w7",0.5657885847821668,0.4316724480770542,0.8871673749319654,0.34995236074363967,relevance_minus_redundancy,,
3,"f1_w7,f2_w7,f4_w7",0.3969960456301109,0.09411849957044222,0.2460770703033775,0.3499367958448898,relevance_minus_redundancy,,
5,"f1_w7,f5_w7,f3_w7,f6_w7,f4_w7",0.5057064344070148,0.31235372444082443,0.7954854114974527,0.3495295721866026,relevance_minus_redundancy,,
4,"f1_w7,f3_w7,f9_w7,f6_w7",0.5111452778593764,0.32332958845079446,0.7954854114974527,0.3494804836339791,relevance_minus_redundancy,,
5,"f1_w7,f3_w7,f7_w7,f9_w7,f10_w7",0.5198540974763693,0.3407918468085548,0.7954854114974527,0.34945817407209195,relevance_minus_redundancy,,
4,"f1_w7,f3_w7,f7_w7,f8_w7",0.6514894482309909,0.604317144052455,0.8871673749319654,0.3493308762047634,relevance_minus_redundancy,,
4,"f1_w7,f5_w7,f2_w7,f6_w7",0.5079092371219461,0.3184172540187122,0.6901188998694144,0.34870061011259,relevance_minus_redundancy,,
3,"f1_w7,f6_w7,f10_w7",0.4152651303841588,0.13321841861621084,0.20629680749542753,0.34865592107605337,relevance_minus_redundancy,,
7,"f1_w7,f5_w7,f3_w7,f7_w7,f8_w7,f2_w7,f10_w7",0.5437462079839634,0.3902324022460063,0.8871673749319654,0.3486300068609603,relevance_minus_redundancy,,
5,"f1_w7,f5_w7,f3_w7,f7_w7,f6_w7",0.6015739377141022,0.506442591405377,0.7954854114974527,0.3483526420114137,relevance_minus_redundancy,,
6,"f1_w7,f5_w7,f3_w7,f8_w7,f9_w7,f10_w7",0.544576417498239,0.39259777953581043,0.7954854114974527,0.3482775277303338,relevance_minus_redundancy,,
5,"f1_w7,f5_w7,f3_w7,f8_w7,f6_w7",0.5934538175971957,0.4903658078212949,0.7954854114974527,0.3482709136865483,relevance_minus_redundancy,,
4,"f5_w7,f3_w7,f9_w7,f4_w7",0.44869287221707577,0.2024264608711365,0.651642574178619,0.34747964178150753,relevance_minus_redundancy,,
7,"f1_w7,f5_w7,f3_w7,f7_w7,f8_w7,f2_w7,f4_w7",0.5255709286643464,0.35647978321907214,0.8871673749319654,0.34733103705481033,relevance_minus_redundancy,,
2,"f7_w7,f10_w7",0.38326733346329517,0.07193180077422541,0.07193180077422541,0.34730143307618244,relevance_minus_redundancy,,
6,"f1_w7,f5_w7,f3_w7,f8_w7,f9_w7,f2_w7",0.5574185740221037,0.4216573525262793,0.7954854114974527,0.3465898977589641,relevance_minus_redundancy,,
5,"f1_w7,f3_w7,f8_w7,f10_w7,f4_w7",0.4667664658405526,0.24056726362884584,0.7954854114974527,0.34648283402612967,relevance_minus_redundancy,,
6,"f1_w7,f5_w7,f3_w7,f8_w7,f2_w7,f6_w7",0.5419223466572338,0.3912074124639455,0.7954854114974527,0.34631864042526106,relevance_minus_redundancy,,
6,"f1_w7,f5_w7,f3_w7,f7_w7,f2_w7,f6_w7",0.5486891134213225,0.40489065520123624,0.7954854114974527,0.3462437858207044,relevance_minus_redundancy,,
5,"f1_w7,f5_w7,f7_w7,f8_w7,f2_w7",0.5795672570291421,0.46675924390309953,0.8871673749319654,0.34618763507759237,relevance_minus_redundancy,,
4,"f1_w7,f7_w7,f2_w7,f10_w7",0.4693844265600015,0.24674187420506707,0.7034818280765406,0.34601348945746796,relevance_minus_redundancy,,
4,"f1_w7,f5_w7,f9_w7,f2_w7",0.531153578169251,0.37140678161798,0.6901188998694144,0.345450187360261,relevance_minus_redundancy,,
4,"f1_w7,f3_w7,f7_w7,f9_w7",0.5980146086419026,0.5052037251211515,0.7954854114974527,0.3454127460813268,relevance_minus_redundancy,,
3,"f1_w7,f8_w7,f10_w7",0.517557371232683,0.34511429876966465,0.6329414011148494,0.3450002218478506,relevance_minus_redundancy,,
6,"f1_w7,f5_w7,f3_w7,f8_w7,f9_w7,f4_w7",0.5233719249586858,0.3569606794263326,0.7954854114974527,0.3448915852455195,relevance_minus_redundancy,,
4,"f5_w7,f3_w7,f7_w7,f8_w7",0.6220020909400231,0.55442418531775,0.8871673749319654,0.34478999828114815,relevance_minus_redundancy,,
4,"f1_w7,f7_w7,f2_w7,f6_w7",0.4705427361020046,0.2516505785544129,0.7034818280765406,0.3447174468247981,relevance_minus_redundancy,,
5,"f1_w7,f5_w7,f7_w7,f10_w7,f4_w7",0.4764092860103236,0.2633903443772677,0.7034818280765406,0.34471411382168976,relevance_minus_redundancy,,
3,"f5_w7,f7_w7,f10_w7",0.4917744283729035,0.29424224539320365,0.6064669813399005,0.3446533056763017,relevance_minus_redundancy,,
3,"f3_w7,f7_w7,f8_w7",0.5930732485226574,0.4979980745419626,0.8871673749319654,0.34407421125167614,relevance_minus_redundancy,,
5,"f1_w7,f5_w7,f8_w7,f2_w7,f10_w7",0.5091451447695187,0.3301746192201574,0.6901188998694144,0.34405783515944,relevance_minus_redundancy,,
6,"f1_w7,f5_w7,f3_w7,f7_w7,f9_w7,f2_w7",0.5641853407861924,0.44103990953578004,0.7954854114974527,0.34366538601830243,relevance_minus_redundancy,,
4,"f1_w7,f3_w7,f2_w7,f4_w7",0.4730408137045325,0.2591705349846692,0.7954854114974527,0.34345554621219787,relevance_minus_redundancy,,
6,"f1_w7,f3_w7,f7_w7,f8_w7,f2_w7,f10_w7",0.5162391396159374,0.3457450654976801,0.8871673749319654,0.3433666068670973,relevance_minus_redundancy,,
4,"f1_w7,f8_w7,f2_w7,f4_w7",0.4274275376045385,0.16828116952157346,0.6329414011148494,0.34328695284375177,relevance_minus_redundancy,,
6,"f1_w7,f5_w7,f3_w7,f7_w7,f9_w7,f4_w7",0.5301386917227745,0.37433140493909994,0.7954854114974527,0.3429729892532245,relevance_minus_redundancy,,
5,"f1_w7,f3_w7,f8_w7,f9_w7,f10_w7",0.5117339773594629,0.3379407836708372,0.7954854114974527,0.3427635855240443,relevance_minus_redundancy,,
4,"f1_w7,f7_w7,f2_w7,f4_w7",0.4375776877506717,0.18983526367953474,0.7034818280765406,0.3426600559109043,relevance_minus_redundancy,,
6,"f1_w7,f5_w7,f3_w7,f7_w7,f6_w7,f10_w7",0.5358469568974579,0.3866823509134625,0.7954854114974527,0.34250578144072663,relevance_minus_redundancy,,
5,"f1_w7,f3_w7,f7_w7,f8_w7,f4_w7",0.5371885781001761,0.3903723031358617,0.8871673749319654,0.3420024265322452,relevance_minus_redundancy,,
5,"f5_w7,f3_w7,f7_w7,f2_w7,f10_w7",0.49215267900078635,0.30062920208857996,0.651642574178619,0.34183807795649634,relevance_minus_redundancy,,
5,"f1_w7,f3_w7,f9_w7,f10_w7,f4_w7",0.4239865941692821,0.16450401624988184,0.7954854114974527,0.34173458604434115,relevance_minus_redundancy,,
6,"f1_w7,f5_w7,f3_w7,f9_w7,f2_w7,f10_w7",0.5055002472365062,0.32810789649415045,0.7954854114974527,0.341446298989431,relevance_minus_redundancy,,
2,"f1_w7,f7_w7",0.6930303307341725,0.7034818280765406,0.7034818280765406,0.34128941669590224,relevance_minus_redundancy,,
3,"f3_w7,f9_w7,f4_w7",0.36199429022539426,0.0417313979826191,0.06039104377239208,0.3411285912340847,relevance_minus_redundancy,,
4,"f1_w7,f8_w7,f2_w7,f6_w7",0.4603925859558714,0.23854502090112586,0.6329414011148494,0.3411200755053085,relevance_minus_redundancy,,
7,"f1_w7,f5_w7,f3_w7,f7_w7,f2_w7,f10_w7,f4_w7",0.4810695057052628,0.280030719220653,0.7954854114974527,0.34105414609493634,relevance_minus_redundancy,,
6,"f1_w7,f5_w7,f3_w7,f9_w7,f2_w7,f4_w7",0.484295754696953,0.2868350970209182,0.7954854114974527,0.3408782061864939,relevance_minus_redundancy,,
7,"f1_w7,f5_w7,f3_w7,f7_w7,f8_w7,f10_w7,f4_w7",0.5145633659296053,0.3477615223889573,0.8871673749319654,0.3406826047351266,relevance_minus_redundancy,,
6,"f1_w7,f3_w7,f7_w7,f8_w7,f2_w7,f4_w7",0.49503464707638417,0.3088670023545266,0.8871673749319654,0.3406011458991209,relevance_minus_redundancy,,
5,"f5_w7,f3_w7,f7_w7,f8_w7,f10_w7",0.5390440833148658,0.3968962300351526,0.8871673749319654,0.34059596829728944,relevance_minus_redundancy,,
5,"f1_w7,f3_w7,f8_w7,f9_w7,f2_w7",0.5271445651881005,0.37379226631454715,0.7954854114974527,0.3402484320308269,relevance_minus_redundancy,,
5,"f1_w7,f3_w7,f7_w7,f6_w7,f4_w7",0.47581323359106154,0.27185183078333214,0.7954854114974527,0.33988731819939544,relevance_minus_redundancy,,
4,"f1_w7,f3_w7,f2_w7,f10_w7",0.5048475525138623,0.33016380499717424,0.7954854114974527,0.33976565001527514,relevance_minus_redundancy,,
3,"f5_w7,f3_w7,f2_w7",0.564742909359114,0.4500468508636272,0.651642574178619,0.33971948392730034,relevance_minus_redundancy,,
5,"f1_w7,f3_w7,f8_w7,f6_w7,f10_w7",0.49313850452161895,0.3080190177968854,0.7954854114974527,0.3391289956231762,relevance_minus_redundancy,,
5,"f1_w7,f3_w7,f8_w7,f6_w7,f4_w7",0.4676931134741551,0.25754727878027694,0.7954854114974527,0.3389194740840166,relevance_minus_redundancy,,
5,"f5_w7,f3_w7,f7_w7,f10_w7,f4_w7",0.45129670012468487,0.22517449409904566,0.651642574178619,0.33870945307516204,relevance_minus_redundancy,,
4,"f5_w7,f3_w7,f8_w7,f9_w7",0.5583771012048018,0.43997910227264797,0.7178540696667369,0.33838755006847776,relevance_minus_redundancy,,
3,"f1_w7,f9_w7,f4_w7",0.4038486000347923,0.13095660467300202,0.3638010255264375,0.3383702976982913,relevance_minus_redundancy,,
5,"f5_w7,f3_w7,f8_w7,f2_w7,f4_w7",0.45858716783641607,0.24053983987234734,0.651642574178619,0.3383172479002424,relevance_minus_redundancy,,
3,"f1_w7,f10_w7,f4_w7",0.3713117325823816,0.06684787979786214,0.14474842445092878,0.33788779268345054,relevance_minus_redundancy,,
4,"f1_w7,f7_w7,f8_w7,f2_w7",0.5472619167383977,0.41914308376236137,0.8871673749319654,0.3376903748572171,relevance_minus_redundancy,,
3,"f3_w7,f8_w7,f9_w7",0.5082399288756957,0.34158753708066775,0.7178540696667369,0.3374461603353618,relevance_minus_redundancy,,
5,"f5_w7,f3_w7,f7_w7,f2_w7,f4_w7",0.4667072879533225,0.25907978318491875,0.651642574178619,0.3371673963608631,relevance_minus_redundancy,,
7,"f1_w7,f5_w7,f3_w7,f8_w7,f2_w7,f10_w7,f4_w7",0.47526941990747246,0.2766869768340618,0.7954854114974527,0.3369259314904416,relevance_minus_redundancy,,
6,"f1_w7,f5_w7,f3_w7,f7_w7,f6_w7,f4_w7",0.5146424643579046,0.35599389492360434,0.7954854114974527,0.33664551689610245,relevance_minus_redundancy,,
5,"f1_w7,f3_w7,f8_w7,f9_w7,f4_w7",0.486288586311999,0.300048538748452,0.7954854114974527,0.33626431693777303,relevance_minus_redundancy,,
5,"f1_w7,f5_w7,f3_w7,f9_w7,f6_w7",0.5506739459259251,0.4295234859191612,0.7954854114974527,0.3359122029663445,relevance_minus_redundancy,,
6,"f1_w7,f5_w7,f3_w7,f8_w7,f6_w7,f4_w7",0.5078756975938159,0.344322483683047,0.7954854114974527,0.3357144557522924,relevance_minus_redundancy,,
4,"f3_w7,f7_w7,f8_w7,f10_w7",0.49660794959555216,0.32201390966757143,0.8871673749319654,0.3356009947617664,relevance_minus_redundancy,,
7,"f1_w7,f5_w7,f3_w7,f7_w7,f9_w7,f10_w7,f4_w7",0.4840063147358405,0.2969873705536647,0.7954854114974527,0.33551262945900817,relevance_minus_redundancy,,
5,"f1_w7,f3_w7,f7_w7,f9_w7,f2_w7",0.5352646853050069,0.39966353697101764,0.7954854114974527,0.3354329168194981,relevance_minus_redundancy,,
7,"f1_w7,f5_w7,f3_w7,f7_w7,f9_w7,f2_w7,f10_w7",0.5131891567901987,0.3555237628287223,0.7954854114974527,0.3354272753758376,relevance_minus_redundancy,,
6,"f1_w7,f5_w7,f3_w7,f8_w7,f6_w7,f10_w7",0.5290801901333692,0.3883459131886737,0.7954854114974527,0.3349072335390323,relevance_minus_redundancy,,
6,"f1_w7,f5_w7,f3_w7,f2_w7,f10_w7,f4_w7",0.4680273209707477,0.26632546603505525,0.7954854114974527,0.33486458795322005,relevance_minus_redundancy,,
6,"f1_w7,f3_w7,f7_w7,f8_w7,f2_w7,f6_w7",0.5170113459772728,0.3652868566528345,0.8871673749319654,0.3343679176508556,relevance_minus_redundancy,,
4,"f1_w7,f5_w7,f6_w7,f4_w7",0.4568392635268193,0.24499161836314662,0.6901188998694144,0.334343454345246,relevance_minus_redundancy,,
4,"f5_w7,f3_w7,f7_w7,f9_w7",0.5685272513509348,0.4692652894330284,0.7669558974893812,0.3338946066344206,relevance_minus_redundancy,,
5,"f5_w7,f3_w7,f7_w7,f9_w7,f10_w7",0.49626421164359513,0.3251867383571365,0.7669558974893812,0.3336708424650269,relevance_minus_redundancy,,
3,"f3_w7,f7_w7,f6_w7",0.49078100767413324,0.3147174787346423,0.4473756837951494,0.3334222683068121,relevance_minus_redundancy,,
5,"f1_w7,f5_w7,f8_w7,f10_w7,f4_w7",0.4682891658934172,0.2702755305434631,0.6901188998694144,0.33315140062168563,relevance_minus_redundancy,,
5,"f5_w7,f3_w7,f8_w7,f2_w7,f10_w7",0.4840325588838799,0.3020917190496612,0.651642574178619,0.33298669935904934,relevance_minus_redundancy,,
5,"f1_w7,f3_w7,f7_w7,f9_w7,f4_w7",0.49440870642890544,0.3229020621598223,0.7954854114974527,0.3329576753489943,relevance_minus_redundancy,,
4,"f3_w7,f7_w7,f2_w7,f10_w7",0.437993694202953,0.2103579648027293,0.4167912559268436,0.33281471180158834,relevance_minus_redundancy,,
3,"f1_w7,f7_w7,f6_w7",0.5326353174835313,0.3998225119246554,0.7034818280765406,0.3327240615212036,relevance_minus_redundancy,,
7,"f1_w7,f5_w7,f3_w7,f8_w7,f9_w7,f2_w7,f4_w7",0.48921379167279133,0.3132510465346077,0.7954854114974527,0.3325882684054875,relevance_minus_redundancy,,
5,"f1_w7,f5_w7,f7_w7,f2_w7,f6_w7",0.5181919125200276,0.3712663834006851,0.7034818280765406,0.33255872081968507,relevance_minus_redundancy,,
8,"f1_w7,f5_w7,f3_w7,f7_w7,f8_w7,f2_w7,f10_w7,f4_w7",0.4857760691830827,0.30654846434125516,0.8871673749319654,0.3325018370124551,relevance_minus_redundancy,,
7,"f1_w7,f5_w7,f3_w7,f7_w7,f8_w7,f2_w7,f6_w7",0.5444080991508223,0.4241974818768382,0.8871673749319654,0.33230935821240326,relevance_minus_redundancy,,
7,"f1_w7,f5_w7,f3_w7,f8_w7,f9_w7,f2_w7,f10_w7",0.5073890709924084,0.35052294924903077,0.7954854114974527,0.332127596367893,relevance_minus_redundancy,,
6,"f1_w7,f5_w7,f3_w7,f2_w7,f6_w7,f4_w7",0.4687995273320831,0.2739238794181104,0.7954854114974527,0.33183758762302784,relevance_minus_redundancy,,
5,"f5_w7,f3_w7,f7_w7,f8_w7,f4_w7",0.5135986922674018,0.36380036017712325,0.8871673749319654,0.3316985121788402,relevance_minus_redundancy,,
7,"f1_w7,f5_w7,f3_w7,f8_w7,f9_w7,f10_w7,f4_w7",0.47820622893805015,0.2934235794716399,0.7954854114974527,0.3314944392022302,relevance_minus_redundancy,,
4,"f5_w7,f3_w7,f10_w7,f4_w7",0.42429022162776775,0.1857165787736834,0.651642574178619,0.33143193224092604,relevance_minus_redundancy,,
7,"f1_w7,f5_w7,f3_w7,f7_w7,f2_w7,f6_w7,f10_w7",0.4999066761917388,0.33707359440995494,0.7954854114974527,0.3313698789867613,relevance_minus_redundancy,,
6,"f1_w7,f3_w7,f7_w7,f8_w7,f10_w7,f4_w7",0.48219249055251945,0.3018200217536947,0.8871673749319654,0.3312824796756721,relevance_minus_redundancy,,
6,"f1_w7,f5_w7,f7_w7,f8_w7,f2_w7,f4_w7",0.49630356378710466,0.33032922090208566,0.8871673749319654,0.3311389533360618,relevance_minus_redundancy,,
7,"f1_w7,f5_w7,f3_w7,f7_w7,f9_w7,f2_w7,f4_w7",0.4950138774705817,0.3277768411969911,0.7954854114974527,0.33112545687208617,relevance_minus_redundancy,,
6,"f1_w7,f3_w7,f7_w7,f2_w7,f6_w7,f10_w7",0.4650930191916753,0.2679876394456384,0.7954854114974527,0.3310991994688561,relevance_minus_redundancy,,
2,"f5_w7,f7_w7",0.634055616152237,0.6064669813399005,0.6064669813399005,0.3308221254822868,relevance_minus_redundancy,,
6,"f5_w7,f3_w7,f7_w7,f8_w7,f2_w7,f10_w7",0.4965809014219589,0.3321351607902379,0.8871673749319654,0.33051332102683995,relevance_minus_redundancy,,
6,"f1_w7,f5_w7,f7_w7,f8_w7,f2_w7,f10_w7",0.5175080563266579,0.37437533293381287,0.8871673749319654,0.33032038985975143,relevance_minus_redundancy,,
5,"f1_w7,f3_w7,f2_w7,f6_w7,f4_w7",0.4208017091600757,0.1812228334105394,0.7954854114974527,0.330190292454806,relevance_minus_redundancy,,
7,"f1_w7,f5_w7,f3_w7,f7_w7,f2_w7,f6_w7,f4_w7",0.48173139687212174,0.3033364374952602,0.7954854114974527,0.33006317812449165,relevance_minus_redundancy,,
4,"f1_w7,f8_w7,f2_w7,f10_w7",0.4592342764138683,0.2585252138365271,0.6329414011148494,0.32997166949560475,relevance_minus_redundancy,,
5,"f1_w7,f5_w7,f8_w7,f2_w7,f6_w7",0.5100717924031212,0.36020048395093207,0.6901188998694144,0.32997155042765514,relevance_minus_redundancy,,
6,"f1_w7,f3_w7,f7_w7,f2_w7,f10_w7,f4_w7",0.4431163202907866,0.22651253800318025,0.7954854114974527,0.3298600512891965,relevance_minus_redundancy,,
5,"f1_w7,f3_w7,f9_w7,f2_w7,f10_w7",0.46484257304538346,0.2704794201360147,0.7954854114974527,0.32960286297737607,relevance_minus_redundancy,,
3,"f3_w7,f8_w7,f6_w7",0.47724747414595575,0.2953168919675346,0.4837635700556571,0.3295890281621885,relevance_minus_redundancy,,
7,"f1_w7,f5_w7,f3_w7,f8_w7,f2_w7,f6_w7,f4_w7",0.4759313110743314,0.2928815815987412,0.7954854114974527,0.3294905202749608,relevance_minus_redundancy,,
3,"f1_w7,f2_w7,f10_w7",0.4394050307092174,0.22006726656554979,0.26937630494234305,0.3293713974264425,relevance_minus_redundancy,,
4,"f5_w7,f3_w7,f9_w7,f2_w7",0.4997628458122026,0.3412779107705555,0.651642574178619,0.3291238904269248,relevance_minus_redundancy,,
4,"f1_w7,f5_w7,f6_w7,f10_w7",0.48864600233614913,0.31976164479486185,0.6901188998694144,0.32876517993871823,relevance_minus_redundancy,,
6,"f5_w7,f3_w7,f7_w7,f8_w7,f2_w7,f4_w7",0.4753764088824057,0.2935276838608371,0.8871673749319654,0.32861256695198715,relevance_minus_redundancy,,
6,"f1_w7,f5_w7,f3_w7,f6_w7,f10_w7,f4_w7",0.45595737080821835,0.2552102952932346,0.7954854114974527,0.32835222316160106,relevance_minus_redundancy,,
5,"f5_w7,f3_w7,f8_w7,f10_w7,f4_w7",0.4431765800077784,0.22965475830522708,0.651642574178619,0.32834920085516484,relevance_minus_redundancy,,
6,"f1_w7,f3_w7,f7_w7,f2_w7,f6_w7,f4_w7",0.44388852665212203,0.23113122325962007,0.7954854114974527,0.328322915022312,relevance_minus_redundancy,,
6,"f1_w7,f5_w7,f3_w7,f2_w7,f6_w7,f10_w7",0.4900040198716363,0.3235830082874916,0.7954854114974527,0.32821251572789045,relevance_minus_redundancy,,
4,"f1_w7,f7_w7,f10_w7,f4_w7",0.4183144529648747,0.18071595114178438,0.7034818280765406,0.3279564773939825,relevance_minus_redundancy,,
6,"f1_w7,f5_w7,f7_w7,f2_w7,f10_w7,f4_w7",0.4443852370015071,0.2331414805178952,0.7034818280765406,0.3278144967425595,relevance_minus_redundancy,,
6,"f1_w7,f3_w7,f8_w7,f2_w7,f6_w7,f4_w7",0.4371217598880333,0.21862946824301405,0.7954854114974527,0.3278070257665263,relevance_minus_redundancy,,
5,"f1_w7,f3_w7,f9_w7,f6_w7,f10_w7",0.45035863285034833,0.24510386547846075,0.7954854114974527,0.32780670011111795,relevance_minus_redundancy,,
5,"f1_w7,f5_w7,f9_w7,f10_w7,f4_w7",0.4255092942221467,0.19620382548928955,0.6901188998694144,0.3274073814775019,relevance_minus_redundancy,,
3,"f1_w7,f9_w7,f2_w7",0.47194189816162807,0.28919565729995805,0.3638010255264375,0.32734406951164907,relevance_minus_redundancy,,
5,"f1_w7,f3_w7,f9_w7,f2_w7,f4_w7",0.4393971819979196,0.22413362616799767,0.7954854114974527,0.32733036891392076,relevance_minus_redundancy,,
7,"f1_w7,f5_w7,f3_w7,f7_w7,f8_w7,f9_w7,f2_w7",0.5576905797492823,0.46116554447823044,0.8871673749319654,0.32710780751016705,relevance_minus_redundancy,,
3,"f3_w7,f7_w7,f9_w7",0.5217734624038731,0.38948469520882617,0.7669558974893812,0.32703111479946,relevance_minus_redundancy,,
2,"f5_w7,f8_w7",0.6137553158599708,0.5744413327620927,0.5744413327620927,0.3265346494789244,relevance_minus_redundancy,,
4,"f3_w7,f7_w7,f9_w7,f10_w7",0.443133110006464,0.23340029642236473,0.7669558974893812,0.32643296179528164,relevance_minus_redundancy,,
6,"f1_w7,f5_w7,f3_w7,f9_w7,f6_w7,f10_w7",0.49343029707397695,0.33404159582246257,0.7954854114974527,0.32640949916274564,relevance_minus_redundancy,,
5,"f1_w7,f3_w7,f2_w7,f6_w7,f10_w7",0.44624710020753955,0.24014812147277964,0.7954854114974527,0.32617303947114973,relevance_minus_redundancy,,
7,"f1_w7,f5_w7,f3_w7,f8_w7,f2_w7,f6_w7,f10_w7",0.49410659039394844,0.33614371959612777,0.7954854114974527,0.32603473059588456,relevance_minus_redundancy,,
5,"f1_w7,f3_w7,f7_w7,f8_w7,f6_w7",0.5635606167812425,0.4751720646848715,0.8871673749319654,0.3259745844388067,relevance_minus_redundancy,,
7,"f1_w7,f5_w7,f3_w7,f7_w7,f8_w7,f9_w7,f10_w7",0.5466830170145411,0.4416989915846212,0.8871673749319654,0.3258335212222305,relevance_minus_redundancy,,
6,"f1_w7,f3_w7,f7_w7,f9_w7,f2_w7,f10_w7",0.48058924655654517,0.3095138528007439,0.7954854114974527,0.32583232015617325,relevance_minus_redundancy,,
5,"f1_w7,f5_w7,f7_w7,f8_w7,f10_w7",0.5641566692005046,0.47732790681286186,0.8871673749319654,0.32549271579407363,relevance_minus_redundancy,,
4,"f3_w7,f8_w7,f2_w7,f4_w7",0.39603680524749,0.1414856446083619,0.4167912559268436,0.3252939829433091,relevance_minus_redundancy,,
4,"f3_w7,f7_w7,f10_w7,f4_w7",0.38692372060782615,0.12343558829321362,0.35070824762787667,0.3252059264612193,relevance_minus_redundancy,,
7,"f1_w7,f5_w7,f3_w7,f7_w7,f6_w7,f10_w7,f4_w7",0.47072383413738056,0.29125987664850317,0.7954854114974527,0.325093895813129,relevance_minus_redundancy,,
5,"f5_w7,f3_w7,f8_w7,f9_w7,f10_w7",0.4881440915266887,0.32618715305780727,0.7178540696667369,0.32505051499778503,relevance_minus_redundancy,,
6,"f1_w7,f3_w7,f7_w7,f9_w7,f10_w7,f4_w7",0.44654259749312725,0.2430970916715464,0.7954854114974527,0.32499405165735407,relevance_minus_redundancy,,
5,"f1_w7,f3_w7,f6_w7,f10_w7,f4_w7",0.4053911213314382,0.16089033406521908,0.7954854114974527,0.32494595429882867,relevance_minus_redundancy,,
3,"f1_w7,f8_w7,f6_w7",0.5191017839553537,0.3884383316909276,0.6329414011148494,0.32488261810988983,relevance_minus_redundancy,,
5,"f1_w7,f5_w7,f9_w7,f2_w7,f4_w7",0.4409198820507842,0.23274262294292444,0.6901188998694144,0.32454857057932196,relevance_minus_redundancy,,
6,"f1_w7,f5_w7,f3_w7,f7_w7,f8_w7,f6_w7",0.5877652836830554,0.5265905462656254,0.8871673749319654,0.32447001055024266,relevance_minus_redundancy,,
6,"f1_w7,f3_w7,f8_w7,f2_w7,f10_w7,f4_w7",0.4363495535266979,0.22396634190047307,0.7954854114974527,0.3243663825764614,relevance_minus_redundancy,,
6,"f1_w7,f3_w7,f8_w7,f2_w7,f6_w7,f10_w7",0.45832625242758657,0.26882085794480093,0.7954854114974527,0.3239158234551861,relevance_minus_redundancy,,
5,"f5_w7,f3_w7,f8_w7,f9_w7,f2_w7",0.5035546793553263,0.35964364795826576,0.7178540696667369,0.3237328553761934,relevance_minus_redundancy,,
5,"f1_w7,f5_w7,f2_w7,f10_w7,f4_w7",0.4213977615793378,0.1962067342288421,0.6901188998694144,0.3232943944649167,relevance_minus_redundancy,,
6,"f1_w7,f5_w7,f3_w7,f9_w7,f6_w7,f4_w7",0.4722258045344237,0.2984261426701199,0.7954854114974527,0.32301273319936374,relevance_minus_redundancy,,
7,"f1_w7,f5_w7,f3_w7,f9_w7,f2_w7,f10_w7,f4_w7",0.44471236871370773,0.24389212700106422,0.7954854114974527,0.3227663052131756,relevance_minus_redundancy,,
4,"f3_w7,f7_w7,f2_w7,f4_w7",0.40618695539362315,0.16704794203301312,0.4167912559268436,0.3226629843771166,relevance_minus_redundancy,,
6,"f1_w7,f5_w7,f3_w7,f9_w7,f2_w7,f6_w7",0.5062724535978417,0.3678027888362305,0.7954854114974527,0.3223710591797264,relevance_minus_redundancy,,
7,"f1_w7,f3_w7,f7_w7,f8_w7,f2_w7,f10_w7,f4_w7",0.453917133610363,0.2631408873908117,0.8871673749319654,0.3223466899149572,relevance_minus_redundancy,,
3,"f5_w7,f7_w7,f4_w7",0.4493654432937971,0.254499773864475,0.6064669813399005,0.3221155563615596,relevance_minus_redundancy,,
6,"f1_w7,f5_w7,f3_w7,f7_w7,f8_w7,f9_w7",0.6032615110479252,0.5624667787406471,0.8871673749319654,0.3220281216776017,relevance_minus_redundancy,,
5,"f1_w7,f3_w7,f9_w7,f2_w7,f6_w7",0.46576922067898596,0.2880077781571194,0.7954854114974527,0.32176533160042625,relevance_minus_redundancy,,
5,"f1_w7,f5_w7,f7_w7,f9_w7,f10_w7",0.5213767975292339,0.399237243631687,0.7669558974893812,0.32175817571339044,relevance_minus_redundancy,,
7,"f1_w7,f5_w7,f3_w7,f7_w7,f8_w7,f6_w7,f10_w7",0.5334005364160812,0.4234438387797982,0.8871673749319654,0.3216786170261821,relevance_minus_redundancy,,
6,"f1_w7,f3_w7,f8_w7,f9_w7,f2_w7,f10_w7",0.47382247979245645,0.30464775702769625,0.7954854114974527,0.3214986012786083,relevance_minus_redundancy,,
5,"f1_w7,f5_w7,f9_w7,f2_w7,f10_w7",0.46636527309824805,0.2898404902438022,0.6901188998694144,0.32144502797634694,relevance_minus_redundancy,,
6,"f1_w7,f3_w7,f7_w7,f6_w7,f10_w7,f4_w7",0.43104637012825736,0.21938262263548908,0.7954854114974527,0.32135505881051285,relevance_minus_redundancy,,
5,"f1_w7,f3_w7,f9_w7,f6_w7,f4_w7",0.4249132418028845,0.20724409099177826,0.7954854114974527,0.3212911963069953,relevance_minus_redundancy,,
6,"f1_w7,f3_w7,f8_w7,f9_w7,f2_w7,f4_w7",0.45261798725290325,0.26284269672205823,0.7954854114974527,0.3211966388918741,relevance_minus_redundancy,,
8,"f1_w7,f5_w7,f3_w7,f7_w7,f8_w7,f9_w7,f2_w7,f10_w7",0.5138807638824016,0.3854474957554472,0.8871673749319654,0.32115701600467794,relevance_minus_redundancy,,
5,"f3_w7,f7_w7,f8_w7,f2_w7,f10_w7",0.4541393580679266,0.2663441847022051,0.8871673749319654,0.32096726571682405,relevance_minus_redundancy,,
5,"f1_w7,f5_w7,f8_w7,f9_w7,f2_w7",0.5286672652409651,0.41540325047160076,0.7178540696667369,0.3209656400051647,relevance_minus_redundancy,,
5,"f5_w7,f3_w7,f7_w7,f9_w7,f2_w7",0.5116747994722328,0.38166344077634784,0.7669558974893812,0.3208430790840589,relevance_minus_redundancy,,
5,"f1_w7,f5_w7,f7_w7,f8_w7,f4_w7",0.5387112781530407,0.43607408430134276,0.8871673749319654,0.3206742360023693,relevance_minus_redundancy,,
8,"f1_w7,f5_w7,f3_w7,f7_w7,f8_w7,f2_w7,f6_w7,f10_w7",0.5022585933587491,0.36324949445526167,0.8871673749319654,0.3206338461311183,relevance_minus_redundancy,,
5,"f1_w7,f5_w7,f2_w7,f6_w7,f4_w7",0.4223244092129403,0.2038479401115448,0.6901188998694144,0.32040043915716787,relevance_minus_redundancy,,
4,"f3_w7,f7_w7,f2_w7,f6_w7",0.43915200374495605,0.23755042622998404,0.4473756837951494,0.32037679062996405,relevance_minus_redundancy,,
8,"f1_w7,f5_w7,f3_w7,f7_w7,f8_w7,f2_w7,f6_w7,f4_w7",0.4863552239540842,0.332103128022655,0.8871673749319654,0.32030365994275667,relevance_minus_redundancy,,
6,"f1_w7,f5_w7,f8_w7,f2_w7,f10_w7,f4_w7",0.4376184702374184,0.23476621761412292,0.6901188998694144,0.3202353614303569,relevance_minus_redundancy,,
8,"f1_w7,f5_w7,f3_w7,f7_w7,f9_w7,f2_w7,f10_w7,f4_w7",0.45903864938853856,0.27765905991498613,0.7954854114974527,0.32020911943104546,relevance_minus_redundancy,,
4,"f5_w7,f3_w7,f2_w7,f4_w7",0.44355345641356475,0.24674139126534492,0.651642574178619,0.3201827607808923,relevance_minus_redundancy,,
5,"f5_w7,f3_w7,f8_w7,f9_w7,f4_w7",0.4626987004792248,0.2857007874560511,0.7178540696667369,0.31984830675119924,relevance_minus_redundancy,,
6,"f1_w7,f3_w7,f8_w7,f9_w7,f10_w7,f4_w7",0.43977583072903853,0.24024282739523214,0.7954854114974527,0.31965441703142244,relevance_minus_redundancy,,
7,"f1_w7,f5_w7,f3_w7,f7_w7,f8_w7,f9_w7,f4_w7",0.5285077376949241,0.417977569498429,0.8871673749319654,0.3195189529457096,relevance_minus_redundancy,,
6,"f1_w7,f3_w7,f7_w7,f8_w7,f6_w7,f10_w7",0.504169189453408,0.3693903408783076,0.8871673749319654,0.31947401901425426,relevance_minus_redundancy,,
5,"f5_w7,f3_w7,f9_w7,f10_w7,f4_w7",0.40039670833650787,0.16196422475421227,0.651642574178619,0.31941459595940175,relevance_minus_redundancy,,
5,"f1_w7,f5_w7,f7_w7,f9_w7,f2_w7",0.5367873853578715,0.4350181213296689,0.7669558974893812,0.3192783246930371,relevance_minus_redundancy,,
7,"f1_w7,f5_w7,f3_w7,f8_w7,f6_w7,f10_w7,f4_w7",0.4649237483395902,0.29176702433234275,0.7954854114974527,0.3190402361734188,relevance_minus_redundancy,,
6,"f1_w7,f3_w7,f7_w7,f9_w7,f2_w7,f4_w7",0.45938475401699197,0.28104376601087444,0.7954854114974527,0.31886287101155475,relevance_minus_redundancy,,
4,"f3_w7,f8_w7,f2_w7,f6_w7",0.4290018535988229,0.22043666531000705,0.4837635700556571,0.3187835209438194,relevance_minus_redundancy,,
4,"f3_w7,f8_w7,f2_w7,f10_w7",0.42784354405681985,0.2181331011674994,0.4167912559268436,0.31877699347307015,relevance_minus_redundancy,,
8,"f1_w7,f5_w7,f3_w7,f7_w7,f8_w7,f9_w7,f2_w7,f4_w7",0.49797739447773665,0.3587938057850631,0.8871673749319654,0.3185804915852051,relevance_minus_redundancy,,
6,"f5_w7,f3_w7,f7_w7,f8_w7,f10_w7,f4_w7",0.46253425235854095,0.28807736175550613,0.8871673749319654,0.3184955714807879,relevance_minus_redundancy,,
5,"f5_w7,f3_w7,f7_w7,f9_w7,f4_w7",0.4708188205961313,0.3047028330290331,0.7669558974893812,0.3184674040816147,relevance_minus_redundancy,,
4,"f3_w7,f7_w7,f8_w7,f4_w7",0.46480121078622233,0.2927931353072417,0.8871673749319654,0.3184046431326015,relevance_minus_redundancy,,
7,"f1_w7,f5_w7,f3_w7,f7_w7,f8_w7,f6_w7,f4_w7",0.5152252570964642,0.3937321814106425,0.8871673749319654,0.3183591663911429,relevance_minus_redundancy,,
4,"f5_w7,f7_w7,f8_w7,f2_w7",0.51777455944743,0.3991622066111355,0.8871673749319654,0.31819345614186223,relevance_minus_redundancy,,
4,"f1_w7,f2_w7,f6_w7,f4_w7",0.3507083569681454,0.06558201968796747,0.2460770703033775,0.31791734712416164,relevance_minus_redundancy,,
8,"f1_w7,f5_w7,f3_w7,f8_w7,f9_w7,f2_w7,f10_w7,f4_w7",0.453963574315472,0.27339761641709115,0.7954854114974527,0.31726476610692644,relevance_minus_redundancy,,
7,"f1_w7,f3_w7,f7_w7,f8_w7,f2_w7,f6_w7,f10_w7",0.472754304096839,0.3113244581457504,0.8871673749319654,0.3170920750239638,relevance_minus_redundancy,,
5,"f3_w7,f7_w7,f8_w7,f2_w7,f4_w7",0.4286939670204627,0.22399637454993546,0.8871673749319654,0.31669577974549495,relevance_minus_redundancy,,
4,"f5_w7,f7_w7,f2_w7,f10_w7",0.43989706926903377,0.24644093004839332,0.6064669813399005,0.3166766042448371,relevance_minus_redundancy,,
4,"f1_w7,f5_w7,f7_w7,f6_w7",0.5766736426606784,0.5200868626614867,0.7034818280765406,0.3166302113299351,relevance_minus_redundancy,,
5,"f1_w7,f7_w7,f8_w7,f2_w7,f10_w7",0.47925194395356546,0.3258568103484881,0.8871673749319654,0.3163235387793214,relevance_minus_redundancy,,
3,"f5_w7,f8_w7,f4_w7",0.4358319097656196,0.23905678008269318,0.5744413327620927,0.316303519724273,relevance_minus_redundancy,,
6,"f1_w7,f3_w7,f7_w7,f8_w7,f9_w7,f2_w7",0.5325075733421427,0.4327381218636149,0.8871673749319654,0.3161385124103353,relevance_minus_redundancy,,
5,"f1_w7,f7_w7,f8_w7,f2_w7,f4_w7",0.4538065529061016,0.27535104754272877,0.8871673749319654,0.31613102913473723,relevance_minus_redundancy,,
4,"f1_w7,f7_w7,f6_w7,f10_w7",0.4512795013162076,0.27040742808242463,0.7034818280765406,0.3160757872749953,relevance_minus_redundancy,,
7,"f1_w7,f3_w7,f7_w7,f8_w7,f2_w7,f6_w7,f4_w7",0.45457902477722195,0.27720711492219446,0.8871673749319654,0.3159754673161247,relevance_minus_redundancy,,
8,"f1_w7,f5_w7,f3_w7,f7_w7,f8_w7,f9_w7,f10_w7,f4_w7",0.4883457770848382,0.3448909192053815,0.8871673749319654,0.3159003174821474,relevance_minus_redundancy,,
4,"f5_w7,f7_w7,f2_w7,f4_w7",0.40809033045970394,0.18521078505724275,0.6064669813399005,0.31548493793108257,relevance_minus_redundancy,,
5,"f1_w7,f5_w7,f7_w7,f6_w7,f10_w7",0.50278132469139,0.3747826162754987,0.7034818280765406,0.3153900165536407,relevance_minus_redundancy,,
8,"f1_w7,f5_w7,f3_w7,f7_w7,f2_w7,f6_w7,f10_w7,f4_w7",0.4474164788648861,0.2648568027895467,0.7954854114974527,0.31498807747011276,relevance_minus_redundancy,,
6,"f1_w7,f3_w7,f7_w7,f8_w7,f9_w7,f10_w7",0.519665416818278,0.4106435323738908,0.8871673749319654,0.3143436506313326,relevance_minus_redundancy,,
4,"f5_w7,f3_w7,f2_w7,f10_w7",0.4753601952228946,0.3220581957434682,0.651642574178619,0.3143310973511605,relevance_minus_redundancy,,
6,"f1_w7,f5_w7,f7_w7,f8_w7,f10_w7,f4_w7",0.48346140726323994,0.33867611527757446,0.8871673749319654,0.3141233496244527,relevance_minus_redundancy,,
5,"f1_w7,f3_w7,f2_w7,f10_w7,f4_w7",0.4198750615264732,0.21183919382797206,0.7954854114974527,0.31395546461248713,relevance_minus_redundancy,,
6,"f5_w7,f3_w7,f7_w7,f2_w7,f10_w7,f4_w7",0.42345808209680813,0.21904519270731165,0.651642574178619,0.31393548574315233,relevance_minus_redundancy,,
6,"f1_w7,f3_w7,f7_w7,f8_w7,f6_w7,f4_w7",0.48296469691385485,0.33816962405604367,0.8871673749319654,0.313879884885833,relevance_minus_redundancy,,
5,"f5_w7,f3_w7,f7_w7,f2_w7,f6_w7",0.49307932663438886,0.3589586594369482,0.651642574178619,0.3135999969159148,relevance_minus_redundancy,,
6,"f1_w7,f5_w7,f7_w7,f2_w7,f6_w7,f4_w7",0.4451574433628425,0.2632652099744253,0.7034818280765406,0.31352483837562983,relevance_minus_redundancy,,
7,"f1_w7,f5_w7,f7_w7,f8_w7,f2_w7,f10_w7,f4_w7",0.45500477650526633,0.2830340716487532,0.8871673749319654,0.3134877406808897,relevance_minus_redundancy,,
7,"f1_w7,f5_w7,f3_w7,f7_w7,f9_w7,f6_w7,f10_w7",0.5028434852223165,0.3789306845923815,0.7954854114974527,0.31337814292612576,relevance_minus_redundancy,,
6,"f1_w7,f5_w7,f3_w7,f8_w7,f9_w7,f6_w7",0.5453486238595745,0.46402358892379963,0.7954854114974527,0.3133368293976747,relevance_minus_redundancy,,
7,"f1_w7,f5_w7,f3_w7,f8_w7,f9_w7,f2_w7,f6_w7",0.5080509621592674,0.3896436104130137,0.7954854114974527,0.31322915695276055,relevance_minus_redundancy,,
6,"f1_w7,f3_w7,f8_w7,f6_w7,f10_w7,f4_w7",0.42427960336416864,0.222227672631385,0.7954854114974527,0.31316576704847615,relevance_minus_redundancy,,
6,"f1_w7,f5_w7,f3_w7,f7_w7,f9_w7,f6_w7",0.5521153906236632,0.47801489983469736,0.7954854114974527,0.31310794070631454,relevance_minus_redundancy,,
7,"f1_w7,f5_w7,f3_w7,f7_w7,f9_w7,f2_w7,f6_w7",0.5138510479570576,0.40175553750263304,0.7954854114974527,0.3129732792057411,relevance_minus_redundancy,,
4,"f5_w7,f8_w7,f2_w7,f4_w7",0.3979401803135708,0.17007582062992868,0.5744413327620927,0.3129022699986065,relevance_minus_redundancy,,
4,"f3_w7,f8_w7,f9_w7,f10_w7",0.43298295986033086,0.2404052623531173,0.7178540696667369,0.3127803286837722,relevance_minus_redundancy,,
6,"f1_w7,f5_w7,f7_w7,f2_w7,f6_w7,f10_w7",0.4663619359023958,0.30728967504901733,0.7034818280765406,0.3127170983778871,relevance_minus_redundancy,,
2,"f5_w7,f9_w7",0.5068056366817943,0.3890280954531724,0.3890280954531724,0.31229158895520814,relevance_minus_redundancy,,
5,"f5_w7,f3_w7,f8_w7,f2_w7,f6_w7",0.4849592065174824,0.3454878380271812,0.651642574178619,0.3122152875038918,relevance_minus_redundancy,,
4,"f1_w7,f5_w7,f7_w7,f8_w7",0.6533928232970716,0.6824363030157938,0.8871673749319654,0.3121746717891747,relevance_minus_redundancy,,
6,"f1_w7,f5_w7,f7_w7,f9_w7,f2_w7,f10_w7",0.48185816326726566,0.3394718151200704,0.7669558974893812,0.31212225570723046,relevance_minus_redundancy,,
4,"f1_w7,f5_w7,f8_w7,f6_w7",0.5665234925145454,0.5090571644483216,0.6901188998694144,0.31199491029038456,relevance_minus_redundancy,,
5,"f1_w7,f5_w7,f8_w7,f9_w7,f10_w7",0.5132566774123275,0.40264258029237177,0.7178540696667369,0.3119353872661416,relevance_minus_redundancy,,
5,"f1_w7,f3_w7,f8_w7,f9_w7,f6_w7",0.5126606249930654,0.40306551726080564,0.7954854114974527,0.3111278663626626,relevance_minus_redundancy,,
5,"f1_w7,f5_w7,f2_w7,f6_w7,f10_w7",0.44776980026040414,0.2735253015066458,0.6901188998694144,0.31100714950708125,relevance_minus_redundancy,,
6,"f1_w7,f5_w7,f8_w7,f2_w7,f6_w7,f4_w7",0.4383906765987538,0.2549343881567541,0.6901188998694144,0.3109234825203767,relevance_minus_redundancy,,
5,"f1_w7,f5_w7,f8_w7,f9_w7,f4_w7",0.4878112863648636,0.35399826203712587,0.7178540696667369,0.3108121553463007,relevance_minus_redundancy,,
5,"f1_w7,f5_w7,f7_w7,f9_w7,f4_w7",0.49593140648177003,0.370595385650094,0.7669558974893812,0.31063371365672304,relevance_minus_redundancy,,
4,"f3_w7,f8_w7,f9_w7,f2_w7",0.45224619464612786,0.2832696257838924,0.7178540696667369,0.3106113817541817,relevance_minus_redundancy,,
8,"f1_w7,f5_w7,f3_w7,f7_w7,f8_w7,f6_w7,f10_w7,f4_w7",0.47672360656118573,0.33223492379040026,0.8871673749319654,0.3106061446659856,relevance_minus_redundancy,,
5,"f1_w7,f5_w7,f7_w7,f6_w7,f4_w7",0.4773359336439261,0.3335612641996824,0.7034818280765406,0.31055530154408495,relevance_minus_redundancy,,
8,"f1_w7,f5_w7,f3_w7,f8_w7,f2_w7,f6_w7,f10_w7,f4_w7",0.4423414037918195,0.26364856336605,0.7954854114974527,0.3105171221087945,relevance_minus_redundancy,,
7,"f1_w7,f5_w7,f3_w7,f2_w7,f6_w7,f10_w7,f4_w7",0.4314298881152478,0.2420405562478226,0.7954854114974527,0.3104096099913365,relevance_minus_redundancy,,
5,"f1_w7,f3_w7,f7_w7,f9_w7,f6_w7",0.5207807451099719,0.42084991876937144,0.7954854114974527,0.3103557857252861,relevance_minus_redundancy,,
6,"f5_w7,f3_w7,f7_w7,f9_w7,f2_w7,f10_w7",0.4609310083625667,0.30148575731193444,0.7669558974893812,0.3101881297065995,relevance_minus_redundancy,,
9,"f1_w7,f5_w7,f3_w7,f7_w7,f8_w7,f9_w7,f2_w7,f10_w7,f4_w7",0.46567013429290327,0.3109727679224384,0.8871673749319654,0.3101837503316841,relevance_minus_redundancy,,
7,"f1_w7,f3_w7,f7_w7,f8_w7,f9_w7,f2_w7,f10_w7",0.48603678469529893,0.35213320576182955,0.8871673749319654,0.3099701818143842,relevance_minus_redundancy,,
7,"f1_w7,f5_w7,f3_w7,f9_w7,f6_w7,f10_w7,f4_w7",0.4343666971458255,0.24916765972921234,0.7954854114974527,0.3097828672812193,relevance_minus_redundancy,,
4,"f5_w7,f3_w7,f7_w7,f6_w7",0.54528291030363,0.4711216251180143,0.651642574178619,0.3097220977446228,relevance_minus_redundancy,,
7,"f5_w7,f3_w7,f7_w7,f8_w7,f2_w7,f10_w7,f4_w7",0.4370672151583815,0.2550213517817267,0.8871673749319654,0.30955653926751814,relevance_minus_redundancy,,
6,"f5_w7,f3_w7,f7_w7,f9_w7,f10_w7,f4_w7",0.42688435929914875,0.23493624089199067,0.7669558974893812,0.3094162388531534,relevance_minus_redundancy,,
4,"f1_w7,f8_w7,f10_w7,f4_w7",0.4081643028187415,0.19752886951507795,0.6329414011148494,0.3093998680612025,relevance_minus_redundancy,,
3,"f3_w7,f9_w7,f2_w7",0.43008758835223,0.24176335750204112,0.4167912559268436,0.3092059096012094,relevance_minus_redundancy,,
7,"f1_w7,f5_w7,f3_w7,f9_w7,f2_w7,f6_w7,f4_w7",0.44537425988056667,0.27235342680882235,0.7954854114974527,0.3091975464761555,relevance_minus_redundancy,,
4,"f1_w7,f5_w7,f8_w7,f9_w7",0.5897678335618503,0.5613641373987839,0.7178540696667369,0.3090857648624583,relevance_minus_redundancy,,
6,"f1_w7,f5_w7,f8_w7,f9_w7,f2_w7,f4_w7",0.45388690396362374,0.28980354335174585,0.7178540696667369,0.3089851322877508,relevance_minus_redundancy,,
4,"f3_w7,f7_w7,f6_w7,f10_w7",0.41988876895915905,0.22181423455594662,0.4473756837951494,0.30898165168118574,relevance_minus_redundancy,,
6,"f1_w7,f3_w7,f8_w7,f9_w7,f2_w7,f6_w7",0.4745946861537919,0.33140736232926205,0.7954854114974527,0.3088910049891609,relevance_minus_redundancy,,
6,"f1_w7,f3_w7,f7_w7,f9_w7,f6_w7,f10_w7",0.4685192963940159,0.3194328075031854,0.7954854114974527,0.3088028926424232,relevance_minus_redundancy,,
7,"f1_w7,f5_w7,f3_w7,f9_w7,f2_w7,f6_w7,f10_w7",0.4635495392001837,0.309609867411006,0.7954854114974527,0.30874460549468075,relevance_minus_redundancy,,
6,"f1_w7,f5_w7,f7_w7,f9_w7,f2_w7,f4_w7",0.46065367072771246,0.3038336794416272,0.7669558974893812,0.30873683100689886,relevance_minus_redundancy,,
4,"f3_w7,f8_w7,f10_w7,f4_w7",0.376773570461693,0.13624030339981724,0.2576530707432157,0.3086534187617844,relevance_minus_redundancy,,
6,"f1_w7,f5_w7,f7_w7,f8_w7,f2_w7,f6_w7",0.5182802626879933,0.4194221682890576,0.8871673749319654,0.30856917854346455,relevance_minus_redundancy,,
6,"f1_w7,f3_w7,f7_w7,f9_w7,f2_w7,f6_w7",0.48136145291788063,0.3462290170162085,0.7954854114974527,0.3082469444097764,relevance_minus_redundancy,,
5,"f1_w7,f7_w7,f2_w7,f10_w7,f4_w7",0.39150456076338463,0.16658077483610392,0.7034818280765406,0.3082141733453327,relevance_minus_redundancy,,
7,"f1_w7,f5_w7,f3_w7,f8_w7,f9_w7,f6_w7,f10_w7",0.49704339942452613,0.37778076108312075,0.7954854114974527,0.30815301888296576,relevance_minus_redundancy,,
9,"f1_w7,f5_w7,f3_w7,f7_w7,f8_w7,f2_w7,f6_w7,f10_w7,f4_w7",0.45533931604965666,0.2945129429467888,0.8871673749319654,0.3080828445762622,relevance_minus_redundancy,,
5,"f1_w7,f7_w7,f2_w7,f6_w7,f10_w7",0.41787659944445094,0.22022568089894023,0.7034818280765406,0.3077637589949808,relevance_minus_redundancy,,
5,"f1_w7,f7_w7,f2_w7,f6_w7,f4_w7",0.3924312083969871,0.16975238852888358,0.7034818280765406,0.30755501413254527,relevance_minus_redundancy,,
7,"f1_w7,f3_w7,f7_w7,f2_w7,f6_w7,f10_w7,f4_w7",0.41007760181813835,0.2051697945493172,0.7954854114974527,0.30749270454347977,relevance_minus_redundancy,,
5,"f5_w7,f3_w7,f9_w7,f2_w7,f10_w7",0.44125268721260935,0.2681387615764646,0.651642574178619,0.3071833064243771,relevance_minus_redundancy,,
6,"f1_w7,f5_w7,f7_w7,f9_w7,f10_w7,f4_w7",0.44781151420384774,0.28128088007861984,0.7669558974893812,0.3071710741645378,relevance_minus_redundancy,,
6,"f5_w7,f3_w7,f8_w7,f2_w7,f10_w7,f4_w7",0.4166913153327194,0.21906664849686336,0.651642574178619,0.30715799108428776,relevance_minus_redundancy,,
4,"f5_w7,f3_w7,f8_w7,f6_w7",0.5351327601574969,0.45608372363815913,0.651642574178619,0.3070908983384173,relevance_minus_redundancy,,
7,"f1_w7,f5_w7,f3_w7,f7_w7,f9_w7,f6_w7,f4_w7",0.48466820590269943,0.3552247246184286,0.7954854114974527,0.30705584359348514,relevance_minus_redundancy,,
5,"f5_w7,f3_w7,f7_w7,f6_w7,f10_w7",0.4776687388057512,0.34177906759053234,0.651642574178619,0.30677920501048506,relevance_minus_redundancy,,
7,"f1_w7,f3_w7,f7_w7,f9_w7,f2_w7,f10_w7,f4_w7",0.4233600824165983,0.23345088326573485,0.7954854114974527,0.30663464078373087,relevance_minus_redundancy,,
4,"f1_w7,f5_w7,f7_w7,f9_w7",0.5999179837079833,0.5866421212924744,0.7669558974893812,0.30659692306174613,relevance_minus_redundancy,,
7,"f1_w7,f5_w7,f3_w7,f8_w7,f9_w7,f6_w7,f4_w7",0.4788681201049091,0.34454982002647605,0.7954854114974527,0.30659321009167106,relevance_minus_redundancy,,
5,"f1_w7,f5_w7,f8_w7,f6_w7,f4_w7",0.4692158135270197,0.3255131119950295,0.6901188998694144,0.3064592575295049,relevance_minus_redundancy,,
5,"f5_w7,f3_w7,f9_w7,f2_w7,f4_w7",0.4158072961651455,0.21919884692907665,0.651642574178619,0.3062078727006072,relevance_minus_redundancy,,
8,"f1_w7,f5_w7,f3_w7,f7_w7,f9_w7,f2_w7,f6_w7,f10_w7",0.475521173564205,0.3390558382648995,0.7954854114974527,0.30599325443175523,relevance_minus_redundancy,,
5,"f1_w7,f3_w7,f7_w7,f8_w7,f9_w7",0.5821560896190864,0.5525303797506507,0.8871673749319654,0.30589089974376105,relevance_minus_redundancy,,
7,"f1_w7,f3_w7,f7_w7,f8_w7,f9_w7,f2_w7,f4_w7",0.4678615053756819,0.32400609782123707,0.8871673749319654,0.3058584564650634,relevance_minus_redundancy,,
6,"f1_w7,f5_w7,f8_w7,f9_w7,f2_w7,f10_w7",0.47509139650317694,0.3387766525459577,0.7178540696667369,0.3057030702301981,relevance_minus_redundancy,,
4,"f1_w7,f7_w7,f6_w7,f4_w7",0.41947276250687776,0.22764418335911654,0.7034818280765406,0.3056506708273195,relevance_minus_redundancy,,
3,"f5_w7,f8_w7,f10_w7",0.47824089484472604,0.34547411919026444,0.5744413327620927,0.3055038352495938,relevance_minus_redundancy,,
6,"f1_w7,f3_w7,f9_w7,f2_w7,f10_w7,f4_w7",0.4006996604673057,0.19041443462153781,0.7954854114974527,0.3054924431565368,relevance_minus_redundancy,,
6,"f5_w7,f3_w7,f8_w7,f9_w7,f2_w7,f4_w7",0.43295974905892476,0.2556528393392604,0.7178540696667369,0.30513332938929455,relevance_minus_redundancy,,
4,"f3_w7,f7_w7,f9_w7,f2_w7",0.462396344792261,0.31463167238439477,0.7669558974893812,0.30508050860006364,relevance_minus_redundancy,,
1,f9_w7,0.3048226551714685,0.0,0.0,0.3048226551714685,relevance_minus_redundancy,,
4,"f1_w7,f2_w7,f6_w7,f10_w7",0.3825150957774752,0.15577194661008326,0.26937630494234305,0.30462912247243357,relevance_minus_redundancy,,
6,"f5_w7,f3_w7,f8_w7,f9_w7,f2_w7,f10_w7",0.45416424159847796,0.29918731343114574,0.7178540696667369,0.3045705848829051,relevance_minus_redundancy,,
6,"f1_w7,f3_w7,f7_w7,f8_w7,f9_w7,f4_w7",0.4984609242787248,0.38780914494777574,0.8871673749319654,0.3045563518048369,relevance_minus_redundancy,,
5,"f1_w7,f7_w7,f8_w7,f2_w7,f6_w7",0.48017859158716797,0.3514130828893398,0.8871673749319654,0.30447205014249806,relevance_minus_redundancy,,
6,"f5_w7,f3_w7,f7_w7,f8_w7,f9_w7,f2_w7",0.5128493351481642,0.41683805317698464,0.8871673749319654,0.3044303085596719,relevance_minus_redundancy,,
6,"f5_w7,f3_w7,f7_w7,f8_w7,f2_w7,f6_w7",0.4973531077832943,0.38609549897664613,0.8871673749319654,0.3043053582949712,relevance_minus_redundancy,,
6,"f5_w7,f3_w7,f7_w7,f9_w7,f2_w7,f4_w7",0.4397265158230135,0.2712862567358177,0.7669558974893812,0.30408338745510466,relevance_minus_redundancy,,
5,"f1_w7,f8_w7,f2_w7,f6_w7,f4_w7",0.38431108828008054,0.1604587206601576,0.6329414011148494,0.30408172795000177,relevance_minus_redundancy,,
5,"f1_w7,f5_w7,f6_w7,f10_w7,f4_w7",0.40691382138430277,0.2066062532307055,0.6901188998694144,0.30361069476895003,relevance_minus_redundancy,,
3,"f5_w7,f3_w7,f6_w7",0.5406030090340553,0.4740596126483864,0.651642574178619,0.3035732027098621,relevance_minus_redundancy,,
6,"f1_w7,f5_w7,f8_w7,f2_w7,f6_w7,f10_w7",0.45959516913830706,0.3122938267471147,0.6901188998694144,0.3034482557647497,relevance_minus_redundancy,,
8,"f1_w7,f5_w7,f3_w7,f7_w7,f9_w7,f2_w7,f6_w7,f4_w7",0.4596178041595401,0.31241374487869494,0.7954854114974527,0.3034109317201926,relevance_minus_redundancy,,
4,"f1_w7,f7_w7,f8_w7,f10_w7",0.5279986819526007,0.44965398334862083,0.8871673749319654,0.3031716902782903,relevance_minus_redundancy,,
8,"f1_w7,f5_w7,f3_w7,f8_w7,f9_w7,f2_w7,f6_w7,f4_w7",0.45454272908647353,0.30281896624835414,0.7954854114974527,0.30313324596229646,relevance_minus_redundancy,,
7,"f1_w7,f3_w7,f7_w7,f8_w7,f6_w7,f10_w7,f4_w7",0.44357146204248077,0.28106754587061367,0.8871673749319654,0.30303768910717394,relevance_minus_redundancy,,
7,"f1_w7,f3_w7,f8_w7,f9_w7,f2_w7,f10_w7,f4_w7",0.417559996618808,0.2292939894865324,0.7954854114974527,0.3029130018755418,relevance_minus_redundancy,,
6,"f5_w7,f3_w7,f8_w7,f9_w7,f10_w7,f4_w7",0.42011759253506004,0.2346496285079353,0.7178540696667369,0.3027927782810924,relevance_minus_redundancy,,
5,"f3_w7,f7_w7,f8_w7,f2_w7,f6_w7",0.4550660057015291,0.3052707114898021,0.8871673749319654,0.30243064995662805,relevance_minus_redundancy,,
7,"f1_w7,f3_w7,f7_w7,f8_w7,f9_w7,f10_w7,f4_w7",0.4568539426409407,0.30915361897308696,0.8871673749319654,0.3022771331543972,relevance_minus_redundancy,,
4,"f1_w7,f9_w7,f10_w7,f4_w7",0.35468946322965333,0.10497823397627555,0.3638010255264375,0.30220034624151554,relevance_minus_redundancy,,
8,"f1_w7,f5_w7,f3_w7,f8_w7,f9_w7,f2_w7,f6_w7,f10_w7",0.4704460984911385,0.3366047954465775,0.7954854114974527,0.30214370076784974,relevance_minus_redundancy,,
3,"f3_w7,f2_w7,f6_w7",0.3990951336224901,0.19412760309129698,0.4167912559268436,0.30203133207684163,relevance_minus_redundancy,,
8,"f1_w7,f5_w7,f3_w7,f7_w7,f9_w7,f6_w7,f10_w7,f4_w7",0.4499861867666416,0.2959921332865316,0.7954854114974527,0.3019901201233758,relevance_minus_redundancy,,
6,"f5_w7,f3_w7,f7_w7,f8_w7,f9_w7,f10_w7",0.5000071786242996,0.3963401221827615,0.8871673749319654,0.3018371175329188,relevance_minus_redundancy,,
6,"f1_w7,f3_w7,f8_w7,f9_w7,f6_w7,f10_w7",0.4617525296299272,0.31995795782874087,0.7954854114974527,0.3017735507155568,relevance_minus_redundancy,,
4,"f3_w7,f8_w7,f9_w7,f4_w7",0.40117622105100104,0.19886699508657604,0.7178540696667369,0.30174272350771303,relevance_minus_redundancy,,
7,"f1_w7,f3_w7,f8_w7,f2_w7,f6_w7,f10_w7,f4_w7",0.40427751602034806,0.20508383953597906,0.7954854114974527,0.3017355962523585,relevance_minus_redundancy,,
5,"f3_w7,f7_w7,f8_w7,f10_w7,f4_w7",0.4132833791918252,0.22355876823393248,0.8871673749319654,0.3015039950748589,relevance_minus_redundancy,,
5,"f1_w7,f5_w7,f8_w7,f6_w7,f10_w7",0.49466120457448354,0.3867369243444986,0.6901188998694144,0.30129274240223425,relevance_minus_redundancy,,
6,"f1_w7,f3_w7,f9_w7,f6_w7,f10_w7,f4_w7",0.38862971030477644,0.17494944467426382,0.7954854114974527,0.3011549879676445,relevance_minus_redundancy,,
6,"f1_w7,f5_w7,f9_w7,f2_w7,f10_w7,f4_w7",0.4019685771780262,0.20254200521838137,0.6901188998694144,0.3006975745688355,relevance_minus_redundancy,,
6,"f1_w7,f3_w7,f9_w7,f2_w7,f6_w7,f10_w7",0.42267635936819437,0.24403434737289184,0.7954854114974527,0.30065918568174843,relevance_minus_redundancy,,
8,"f1_w7,f5_w7,f3_w7,f7_w7,f8_w7,f9_w7,f2_w7,f6_w7",0.5144599186534031,0.42819670173632457,0.8871673749319654,0.3003615677852408,relevance_minus_redundancy,,
6,"f1_w7,f3_w7,f9_w7,f2_w7,f6_w7,f4_w7",0.40147186682864117,0.202250934024389,0.7954854114974527,0.3003463998164467,relevance_minus_redundancy,,
8,"f1_w7,f3_w7,f7_w7,f8_w7,f2_w7,f6_w7,f10_w7,f4_w7",0.42365815328184875,0.24716427931252352,0.8871673749319654,0.300076013625587,relevance_minus_redundancy,,
6,"f1_w7,f5_w7,f8_w7,f9_w7,f10_w7,f4_w7",0.441044747439759,0.2825975490012404,0.7178540696667369,0.29974597293913885,relevance_minus_redundancy,,
4,"f1_w7,f8_w7,f6_w7,f4_w7",0.4093226123607446,0.21956820444766303,0.6329414011148494,0.29953851013691307,relevance_minus_redundancy,,
3,"f5_w7,f9_w7,f10_w7",0.40694110872594175,0.21495585959668073,0.3890280954531724,0.2994631789276014,relevance_minus_redundancy,,
4,"f1_w7,f7_w7,f9_w7,f10_w7",0.4745238423635125,0.3504050842648163,0.7669558974893812,0.29932130023110437,relevance_minus_redundancy,,
6,"f1_w7,f3_w7,f2_w7,f6_w7,f10_w7,f4_w7",0.3852034331024358,0.17212625799816847,0.7954854114974527,0.2991403041033516,relevance_minus_redundancy,,
3,"f5_w7,f2_w7,f4_w7",0.35767956924215394,0.11720782457140494,0.28170672248541895,0.29907565695645144,relevance_minus_redundancy,,
6,"f1_w7,f3_w7,f7_w7,f9_w7,f6_w7,f4_w7",0.4473148038544627,0.2966200670342056,0.7954854114974527,0.2990047703373599,relevance_minus_redundancy,,
6,"f1_w7,f5_w7,f7_w7,f6_w7,f10_w7,f4_w7",0.43231528683897785,0.26691048432661496,0.7034818280765406,0.2988600446756704,relevance_minus_redundancy,,
4,"f5_w7,f7_w7,f10_w7,f4_w7",0.38882709567390694,0.18008311875824487,0.6064669813399005,0.2987855362947845,relevance_minus_redundancy,,
4,"f1_w7,f8_w7,f9_w7,f2_w7",0.48363692700317634,0.3697895756909848,0.7178540696667369,0.29874213915768394,relevance_minus_redundancy,,
4,"f3_w7,f7_w7,f9_w7,f4_w7",0.41132637119713417,0.22519946294524484,0.7669558974893812,0.29872663972451174,relevance_minus_redundancy,,
3,"f7_w7,f8_w7,f2_w7",0.4541032065325332,0.31078606769313366,0.8871673749319654,0.2987101726859664,relevance_minus_redundancy,,
6,"f1_w7,f3_w7,f8_w7,f9_w7,f6_w7,f4_w7",0.440548037090374,0.28381024384399256,0.7954854114974527,0.2986429151683777,relevance_minus_redundancy,,
7,"f1_w7,f3_w7,f7_w7,f9_w7,f2_w7,f6_w7,f10_w7",0.44219725290307427,0.28789545166854935,0.7954854114974527,0.2982495270687996,relevance_minus_redundancy,,
4,"f5_w7,f3_w7,f2_w7,f6_w7",0.47651850476489765,0.3566999774872614,0.651642574178619,0.2981685160212669,relevance_minus_redundancy,,
7,"f1_w7,f5_w7,f7_w7,f8_w7,f2_w7,f6_w7,f4_w7",0.4556666676721252,0.3153181878944861,0.8871673749319654,0.2980075737248822,relevance_minus_redundancy,,
5,"f5_w7,f3_w7,f7_w7,f6_w7,f4_w7",0.4522233477582874,0.3087156681682058,0.651642574178619,0.29786551367418446,relevance_minus_redundancy,,
8,"f1_w7,f5_w7,f3_w7,f8_w7,f9_w7,f6_w7,f10_w7,f4_w7",0.44491111169357506,0.2946188573414597,0.7954854114974527,0.2976016830228452,relevance_minus_redundancy,,
4,"f1_w7,f9_w7,f2_w7,f4_w7",0.37395269801545034,0.1529797683290113,0.3638010255264375,0.2974628138509447,relevance_minus_redundancy,,
4,"f5_w7,f8_w7,f2_w7,f10_w7",0.42974691912290064,0.2646433994105006,0.5744413327620927,0.2974252194176503,relevance_minus_redundancy,,
7,"f5_w7,f3_w7,f7_w7,f8_w7,f9_w7,f2_w7,f10_w7",0.46918686624331735,0.34361313430064394,0.8871673749319654,0.29738029909299535,relevance_minus_redundancy,,
7,"f1_w7,f5_w7,f7_w7,f9_w7,f2_w7,f10_w7,f4_w7",0.4244477253115016,0.2542924210116719,0.7669558974893812,0.2973015148056657,relevance_minus_redundancy,,
5,"f1_w7,f8_w7,f2_w7,f10_w7,f4_w7",0.3833844406464781,0.1722204453382262,0.6329414011148494,0.297274217977365,relevance_minus_redundancy,,
6,"f5_w7,f3_w7,f7_w7,f2_w7,f6_w7,f10_w7",0.4454347809976968,0.2966682549672709,0.651642574178619,0.29710065351406134,relevance_minus_redundancy,,
8,"f1_w7,f3_w7,f7_w7,f8_w7,f9_w7,f2_w7,f10_w7,f4_w7",0.43528032380550125,0.2767354708359468,0.8871673749319654,0.2969125883875279,relevance_minus_redundancy,,
5,"f5_w7,f7_w7,f8_w7,f2_w7,f4_w7",0.4302166670733274,0.2667263535340779,0.8871673749319654,0.29685349030628844,relevance_minus_redundancy,,
3,"f3_w7,f6_w7,f10_w7",0.37341082057476077,0.15362322504614276,0.20629680749542753,0.2965992080516894,relevance_minus_redundancy,,
7,"f1_w7,f5_w7,f7_w7,f8_w7,f2_w7,f6_w7,f10_w7",0.47384194699174226,0.35455556603845195,0.8871673749319654,0.2965641639725163,relevance_minus_redundancy,,
4,"f3_w7,f9_w7,f10_w7,f4_w7",0.3232987308726048,0.054324953699612634,0.10850436286209991,0.2961362540227985,relevance_minus_redundancy,,
5,"f5_w7,f3_w7,f7_w7,f8_w7,f9_w7",0.5585662037863122,0.5251173115025012,0.8871673749319654,0.2960075480350616,relevance_minus_redundancy,,
5,"f5_w7,f7_w7,f8_w7,f2_w7,f10_w7",0.45566205812079125,0.31982623701920826,0.8871673749319654,0.2957489396111871,relevance_minus_redundancy,,
9,"f1_w7,f5_w7,f3_w7,f7_w7,f8_w7,f9_w7,f2_w7,f6_w7,f10_w7",0.48032126689349575,0.36955160842283885,0.8871673749319654,0.2955454626820763,relevance_minus_redundancy,,
4,"f5_w7,f3_w7,f6_w7,f10_w7",0.45725526997910065,0.3235513270613619,0.651642574178619,0.2954796064484197,relevance_minus_redundancy,,
4,"f1_w7,f7_w7,f9_w7,f2_w7",0.49378707714930953,0.39714341902479716,0.7669558974893812,0.2952153676369109,relevance_minus_redundancy,,
6,"f5_w7,f3_w7,f7_w7,f2_w7,f6_w7,f4_w7",0.42423028845814353,0.2580824249950053,0.651642574178619,0.2951890759606409,relevance_minus_redundancy,,
8,"f1_w7,f5_w7,f3_w7,f9_w7,f2_w7,f6_w7,f10_w7,f4_w7",0.4156039839972755,0.2408902493639026,0.7954854114974527,0.2951588593153242,relevance_minus_redundancy,,
6,"f1_w7,f5_w7,f7_w7,f8_w7,f9_w7,f2_w7",0.5337764900528632,0.4775293602157855,0.8871673749319654,0.29501180994497045,relevance_minus_redundancy,,
5,"f5_w7,f3_w7,f8_w7,f6_w7,f4_w7",0.4441032276413809,0.29826259400353894,0.651642574178619,0.2949719306396114,relevance_minus_redundancy,,
9,"f1_w7,f5_w7,f3_w7,f7_w7,f9_w7,f2_w7,f6_w7,f10_w7,f4_w7",0.4315727206767285,0.2734728243494913,0.7954854114974527,0.2948363085019829,relevance_minus_redundancy,,
7,"f1_w7,f5_w7,f7_w7,f2_w7,f6_w7,f10_w7,f4_w7",0.41116524471304167,0.2326856703552916,0.7034818280765406,0.29482240953539585,relevance_minus_redundancy,,
6,"f1_w7,f7_w7,f8_w7,f2_w7,f10_w7,f4_w7",0.41270746955745735,0.23586398083028895,0.8871673749319654,0.2947754791423129,relevance_minus_redundancy,,
8,"f1_w7,f5_w7,f3_w7,f7_w7,f8_w7,f9_w7,f6_w7,f10_w7",0.5048283012605046,0.42026727845644907,0.8871673749319654,0.29469466203228006,relevance_minus_redundancy,,
4,"f1_w7,f9_w7,f2_w7,f10_w7",0.40575943682478016,0.22220387176075515,0.3638010255264375,0.2946575009444026,relevance_minus_redundancy,,
3,"f3_w7,f10_w7,f4_w7",0.32945742277298357,0.06987834758360859,0.10850436286209991,0.2945182489811793,relevance_minus_redundancy,,
5,"f1_w7,f5_w7,f9_w7,f2_w7,f6_w7",0.46729192073185055,0.3456264145650422,0.6901188998694144,0.29447871344932947,relevance_minus_redundancy,,
5,"f1_w7,f8_w7,f2_w7,f6_w7,f10_w7",0.4097564793275444,0.23093447330386704,0.6329414011148494,0.29428924267561085,relevance_minus_redundancy,,
4,"f5_w7,f3_w7,f6_w7,f4_w7",0.4254485311697708,0.2623778883854629,0.651642574178619,0.29425958697703936,relevance_minus_redundancy,,
7,"f1_w7,f3_w7,f7_w7,f9_w7,f2_w7,f6_w7,f4_w7",0.4240219735834572,0.25978380584019634,0.7954854114974527,0.29413007066335906,relevance_minus_redundancy,,
9,"f1_w7,f5_w7,f3_w7,f7_w7,f8_w7,f9_w7,f2_w7,f6_w7,f4_w7",0.46618493853379356,0.344285036764002,0.8871673749319654,0.29404242015179255,relevance_minus_redundancy,,
7,"f1_w7,f3_w7,f8_w7,f9_w7,f2_w7,f6_w7,f4_w7",0.4182218877856669,0.24851579855106612,0.7954854114974527,0.29396398851013383,relevance_minus_redundancy,,
7,"f5_w7,f3_w7,f7_w7,f8_w7,f9_w7,f2_w7,f4_w7",0.4510115869237003,0.31425073079844623,0.8871673749319654,0.2938862215244772,relevance_minus_redundancy,,
5,"f5_w7,f3_w7,f8_w7,f6_w7,f10_w7",0.4695486186888448,0.3513284536995183,0.651642574178619,0.29388439183908566,relevance_minus_redundancy,,
6,"f5_w7,f3_w7,f8_w7,f2_w7,f6_w7,f4_w7",0.4174635216940548,0.24814832187065813,0.651642574178619,0.29338936075872574,relevance_minus_redundancy,,
7,"f1_w7,f3_w7,f8_w7,f9_w7,f2_w7,f6_w7,f10_w7",0.4363971671052839,0.286152425462111,0.7954854114974527,0.29332095437422845,relevance_minus_redundancy,,
4,"f1_w7,f8_w7,f6_w7,f10_w7",0.4411293511700744,0.29566888296039245,0.6329414011148494,0.29329490968987815,relevance_minus_redundancy,,
6,"f5_w7,f3_w7,f7_w7,f8_w7,f9_w7,f4_w7",0.4788026860847463,0.3717763209703992,0.8871673749319654,0.29291452559954667,relevance_minus_redundancy,,
7,"f1_w7,f5_w7,f7_w7,f8_w7,f9_w7,f2_w7,f10_w7",0.4871244275902022,0.3886899755944936,0.8871673749319654,0.2927794397929554,relevance_minus_redundancy,,
4,"f1_w7,f7_w7,f8_w7,f4_w7",0.4961919431432709,0.4068366212324748,0.8871673749319654,0.2927736325270335,relevance_minus_redundancy,,
7,"f1_w7,f3_w7,f7_w7,f9_w7,f6_w7,f10_w7,f4_w7",0.41301441084871604,0.24157302697540403,0.7954854114974527,0.292227897361014,relevance_minus_redundancy,,
6,"f3_w7,f7_w7,f8_w7,f2_w7,f10_w7,f4_w7",0.3917803146527583,0.19921126139583817,0.8871673749319654,0.29217468395483925,relevance_minus_redundancy,,
7,"f1_w7,f3_w7,f7_w7,f8_w7,f9_w7,f2_w7,f6_w7",0.48669867586215787,0.3891254896925159,0.8871673749319654,0.2921359310158999,relevance_minus_redundancy,,
4,"f1_w7,f5_w7,f9_w7,f6_w7",0.5130486529254571,0.4418747380375698,0.6901188998694144,0.2921112839066722,relevance_minus_redundancy,,
7,"f1_w7,f5_w7,f8_w7,f9_w7,f2_w7,f10_w7,f4_w7",0.41864763951371126,0.25311476523170856,0.7178540696667369,0.29209025689785695,relevance_minus_redundancy,,
7,"f1_w7,f5_w7,f3_w7,f7_w7,f8_w7,f9_w7,f6_w7",0.5473449081814,0.51059570700561,0.8871673749319654,0.29204705467859504,relevance_minus_redundancy,,
5,"f3_w7,f7_w7,f9_w7,f2_w7,f10_w7",0.41135948639665604,0.23891140321564214,0.7669558974893812,0.29190378478883494,relevance_minus_redundancy,,
7,"f5_w7,f3_w7,f7_w7,f9_w7,f2_w7,f10_w7,f4_w7",0.40651016396461676,0.22931835424138752,0.7669558974893812,0.29185098684392297,relevance_minus_redundancy,,
4,"f3_w7,f7_w7,f6_w7,f4_w7",0.3880820301498292,0.19264757758845474,0.4473756837951494,0.29175824135560186,relevance_minus_redundancy,,
5,"f3_w7,f7_w7,f2_w7,f10_w7,f4_w7",0.36639197487774583,0.14928397568930807,0.4167912559268436,0.2917499870330918,relevance_minus_redundancy,,
9,"f1_w7,f5_w7,f3_w7,f8_w7,f9_w7,f2_w7,f6_w7,f10_w7,f4_w7",0.42706154283400277,0.27116914291392036,0.7954854114974527,0.2914769713770426,relevance_minus_redundancy,,
7,"f5_w7,f3_w7,f7_w7,f8_w7,f2_w7,f6_w7,f10_w7",0.4559043856448574,0.3290248945491661,0.8871673749319654,0.29139193837027433,relevance_minus_redundancy,,
7,"f1_w7,f5_w7,f7_w7,f8_w7,f9_w7,f2_w7,f4_w7",0.46894914827058515,0.3554428327334913,0.8871673749319654,0.2912277319038395,relevance_minus_redundancy,,
5,"f5_w7,f3_w7,f2_w7,f10_w7,f4_w7",0.3962851756936991,0.2103396605578331,0.651642574178619,0.29111534541478257,relevance_minus_redundancy,,
7,"f5_w7,f3_w7,f7_w7,f8_w7,f2_w7,f6_w7,f4_w7",0.43772910632524037,0.293672255764005,0.8871673749319654,0.29089297844323786,relevance_minus_redundancy,,
8,"f1_w7,f5_w7,f3_w7,f7_w7,f8_w7,f9_w7,f6_w7,f4_w7",0.4889249318558397,0.3966443097293988,0.8871673749319654,0.2906027769911403,relevance_minus_redundancy,,
5,"f1_w7,f7_w7,f8_w7,f10_w7,f4_w7",0.4383959650774639,0.29560926594795534,0.8871673749319654,0.29059133210348626,relevance_minus_redundancy,,
5,"f1_w7,f7_w7,f9_w7,f2_w7,f10_w7",0.4364720722822949,0.2920428573587665,0.7669558974893812,0.2904506436029116,relevance_minus_redundancy,,
4,"f1_w7,f6_w7,f10_w7,f4_w7",0.3314451221823484,0.08307566962322425,0.20629680749542753,0.2899072873707363,relevance_minus_redundancy,,
3,"f1_w7,f9_w7,f6_w7",0.4478019978365695,0.3158778913057309,0.5352226244884791,0.289863052183704,relevance_minus_redundancy,,
7,"f5_w7,f3_w7,f7_w7,f8_w7,f9_w7,f10_w7,f4_w7",0.4400040241889592,0.3005387223042254,0.8871673749319654,0.2897346630368465,relevance_minus_redundancy,,
6,"f1_w7,f5_w7,f2_w7,f6_w7,f10_w7,f4_w7",0.3864723498131563,0.19359790187906442,0.6901188998694144,0.2896733988736241,relevance_minus_redundancy,,
3,"f3_w7,f6_w7,f4_w7",0.3310018354956543,0.08315436516711609,0.1460685047809008,0.2894246529120963,relevance_minus_redundancy,,
5,"f3_w7,f7_w7,f9_w7,f10_w7,f4_w7",0.3705035075205546,0.1623884106695513,0.7669558974893812,0.289309302185779,relevance_minus_redundancy,,
3,"f5_w7,f9_w7,f4_w7",0.3645321236468353,0.15057840225552924,0.3890280954531724,0.2892429225190707,relevance_minus_redundancy,,
5,"f1_w7,f5_w7,f9_w7,f6_w7,f10_w7",0.4518813329032129,0.32581331435086447,0.6901188998694144,0.2889746757277807,relevance_minus_redundancy,,
5,"f3_w7,f7_w7,f2_w7,f6_w7,f10_w7",0.39276401355881213,0.20814118334540002,0.4473756837951494,0.28869342188611213,relevance_minus_redundancy,,
6,"f5_w7,f3_w7,f8_w7,f2_w7,f6_w7,f10_w7",0.4386680142336081,0.3000691253586922,0.651642574178619,0.288633451554262,relevance_minus_redundancy,,
6,"f5_w7,f3_w7,f7_w7,f8_w7,f6_w7,f10_w7",0.4845109512594296,0.39179564169762016,0.8871673749319654,0.28861313041061953,relevance_minus_redundancy,,
6,"f1_w7,f5_w7,f8_w7,f6_w7,f10_w7,f4_w7",0.42554852007488914,0.2739264675214458,0.6901188998694144,0.28858528631416624,relevance_minus_redundancy,,
5,"f5_w7,f3_w7,f7_w7,f8_w7,f6_w7",0.5399707309484683,0.5028220629523847,0.8871673749319654,0.2885596994722759,relevance_minus_redundancy,,
9,"f1_w7,f5_w7,f3_w7,f7_w7,f8_w7,f9_w7,f6_w7,f10_w7,f4_w7",0.45762350085121706,0.3386598405056185,0.8871673749319654,0.2882935805984078,relevance_minus_redundancy,,
4,"f3_w7,f8_w7,f6_w7,f10_w7",0.4097386188130259,0.24306748616722443,0.4837635700556571,0.2882048757294137,relevance_minus_redundancy,,
4,"f1_w7,f2_w7,f10_w7,f4_w7",0.3495500474261423,0.12286997737015537,0.26937630494234305,0.28811505874106463,relevance_minus_redundancy,,
5,"f1_w7,f5_w7,f9_w7,f6_w7,f4_w7",0.42643594185574907,0.2772014665313214,0.6901188998694144,0.2878352085900884,relevance_minus_redundancy,,
4,"f3_w7,f8_w7,f6_w7,f4_w7",0.3779318800036961,0.18056339541031122,0.4837635700556571,0.2876501822985405,relevance_minus_redundancy,,
7,"f1_w7,f5_w7,f8_w7,f2_w7,f6_w7,f10_w7,f4_w7",0.4053651589152513,0.2355789533411927,0.6901188998694144,0.28757568224465496,relevance_minus_redundancy,,
10,"f1_w7,f5_w7,f3_w7,f7_w7,f8_w7,f9_w7,f2_w7,f6_w7,f10_w7,f4_w7",0.4402876499618379,0.30554113809390027,0.8871673749319654,0.28751708091488776,relevance_minus_redundancy,,
6,"f5_w7,f3_w7,f7_w7,f6_w7,f10_w7,f4_w7",0.41138813193427887,0.24793048286637523,0.651642574178619,0.28742289050109127,relevance_minus_redundancy,,
7,"f5_w7,f3_w7,f8_w7,f9_w7,f2_w7,f10_w7,f4_w7",0.4007100781668264,0.22699549752808426,0.7178540696667369,0.2872123294027843,relevance_minus_redundancy,,
6,"f1_w7,f7_w7,f8_w7,f2_w7,f6_w7,f4_w7",0.4134796759187928,0.25305242324630484,0.8871673749319654,0.2869534642956404,relevance_minus_redundancy,,
7,"f1_w7,f3_w7,f8_w7,f9_w7,f6_w7,f10_w7,f4_w7",0.40721432505092575,0.24126702326663235,0.7954854114974527,0.28658081341760955,relevance_minus_redundancy,,
5,"f3_w7,f7_w7,f8_w7,f9_w7,f2_w7",0.473661478539373,0.37492850914355647,0.8871673749319654,0.2861972239675948,relevance_minus_redundancy,,
8,"f1_w7,f3_w7,f7_w7,f8_w7,f9_w7,f2_w7,f6_w7,f10_w7",0.4517628479811677,0.33148777086008774,0.8871673749319654,0.28601896255112386,relevance_minus_redundancy,,
6,"f1_w7,f5_w7,f7_w7,f8_w7,f6_w7,f10_w7",0.5054381061641285,0.4389195274908512,0.8871673749319654,0.2859783424187029,relevance_minus_redundancy,,
3,"f7_w7,f2_w7,f10_w7",0.35026655296133824,0.12871464079985187,0.26937630494234305,0.2859092325614123,relevance_minus_redundancy,,
6,"f1_w7,f7_w7,f8_w7,f2_w7,f6_w7,f10_w7",0.434684168458346,0.29760914915330255,0.8871673749319654,0.2858795938816947,relevance_minus_redundancy,,
5,"f1_w7,f7_w7,f6_w7,f10_w7,f4_w7",0.3770206205683495,0.18295817689916147,0.7034818280765406,0.28554153211876876,relevance_minus_redundancy,,
6,"f1_w7,f5_w7,f7_w7,f8_w7,f9_w7,f10_w7",0.5209343335289985,0.4708286457023821,0.8871673749319654,0.2855200106778075,relevance_minus_redundancy,,
6,"f5_w7,f3_w7,f9_w7,f2_w7,f10_w7,f4_w7",0.3810414222733273,0.19109655043656082,0.651642574178619,0.2854931470550469,relevance_minus_redundancy,,
8,"f1_w7,f5_w7,f7_w7,f8_w7,f2_w7,f6_w7,f10_w7,f4_w7",0.4246098408148892,0.2791698551561489,0.8871673749319654,0.2850249132368147,relevance_minus_redundancy,,
8,"f5_w7,f3_w7,f7_w7,f8_w7,f9_w7,f2_w7,f10_w7,f4_w7",0.4205366451600174,0.27154678591223064,0.8871673749319654,0.2847632522039021,relevance_minus_redundancy,,
5,"f1_w7,f8_w7,f9_w7,f2_w7,f4_w7",0.4029065611179245,0.2363064198058919,0.7178540696667369,0.2847533512149786,relevance_minus_redundancy,,
7,"f1_w7,f3_w7,f7_w7,f8_w7,f9_w7,f6_w7,f10_w7",0.4756911131274167,0.38223762857744054,0.8871673749319654,0.2845722988386964,relevance_minus_redundancy,,
5,"f3_w7,f7_w7,f2_w7,f6_w7,f4_w7",0.3673186225113483,0.16582584362883307,0.4473756837951494,0.2844057006969317,relevance_minus_redundancy,,
8,"f1_w7,f5_w7,f7_w7,f8_w7,f9_w7,f2_w7,f10_w7,f4_w7",0.4362320113385416,0.303735293134544,0.8871673749319654,0.2843643647712696,relevance_minus_redundancy,,
4,"f1_w7,f9_w7,f2_w7,f6_w7",0.40691774636678324,0.24515711147612937,0.5352226244884791,0.28433919062871854,relevance_minus_redundancy,,
2,"f3_w7,f2_w7",0.49272005494261073,0.4167912559268436,0.4167912559268436,0.2843244269791889,relevance_minus_redundancy,,
1,f2_w7,0.28426499195742444,0.0,0.0,0.28426499195742444,relevance_minus_redundancy,,
6,"f1_w7,f5_w7,f7_w7,f8_w7,f6_w7,f4_w7",0.48423361362457534,0.4005307617800137,0.8871673749319654,0.2839682327345685,relevance_minus_redundancy,,
5,"f1_w7,f7_w7,f9_w7,f2_w7,f4_w7",0.41102668123483105,0.25414905908293306,0.7669558974893812,0.2839521516933645,relevance_minus_redundancy,,
3,"f3_w7,f9_w7,f6_w7",0.40594768802717146,0.2440270232595335,0.5352226244884791,0.2839341763974047,relevance_minus_redundancy,,
5,"f3_w7,f8_w7,f9_w7,f2_w7,f10_w7",0.4032393662797496,0.23866630225223978,0.7178540696667369,0.2839062151536297,relevance_minus_redundancy,,
6,"f5_w7,f3_w7,f7_w7,f8_w7,f6_w7,f4_w7",0.46330645871987636,0.358845511089109,0.8871673749319654,0.28388370317532186,relevance_minus_redundancy,,
4,"f1_w7,f8_w7,f9_w7,f10_w7",0.46437369221737934,0.3614182534622588,0.7178540696667369,0.28366456548624996,relevance_minus_redundancy,,
8,"f1_w7,f3_w7,f7_w7,f8_w7,f9_w7,f2_w7,f6_w7,f4_w7",0.43585947857650276,0.30456053774223724,0.8871673749319654,0.28357920970538414,relevance_minus_redundancy,,
8,"f1_w7,f3_w7,f7_w7,f9_w7,f2_w7,f6_w7,f10_w7,f4_w7",0.3969207334873047,0.22673459959131673,0.7954854114974527,0.2835534336916464,relevance_minus_redundancy,,
4,"f3_w7,f7_w7,f8_w7,f6_w7",0.49776625913755523,0.42853366370959917,0.8871673749319654,0.2834994272827557,relevance_minus_redundancy,,
5,"f3_w7,f8_w7,f9_w7,f2_w7,f4_w7",0.37779397523228575,0.18892799635624327,0.7178540696667369,0.28332997705416413,relevance_minus_redundancy,,
3,"f5_w7,f10_w7,f4_w7",0.33199525619442466,0.09792049727632979,0.20432795406548496,0.28303500755625977,relevance_minus_redundancy,,
5,"f5_w7,f7_w7,f2_w7,f10_w7,f4_w7",0.3679146749306105,0.16976404062418435,0.6064669813399005,0.2830326546185183,relevance_minus_redundancy,,
6,"f1_w7,f5_w7,f9_w7,f2_w7,f6_w7,f4_w7",0.40274078353936166,0.2398835488213228,0.6901188998694144,0.28279900912870026,relevance_minus_redundancy,,
5,"f3_w7,f7_w7,f8_w7,f9_w7,f10_w7",0.4582508907107353,0.35191948949421525,0.8871673749319654,0.2822911459636277,relevance_minus_redundancy,,
7,"f1_w7,f5_w7,f7_w7,f8_w7,f9_w7,f10_w7,f4_w7",0.457941585535844,0.35158597886842735,0.8871673749319654,0.28214859610163034,relevance_minus_redundancy,,
5,"f3_w7,f8_w7,f2_w7,f6_w7,f4_w7",0.3591985023944418,0.15412725380009312,0.4837635700556571,0.2821348754943952,relevance_minus_redundancy,,
5,"f3_w7,f8_w7,f2_w7,f10_w7,f4_w7",0.35827185476083934,0.15251872423141638,0.4167912559268436,0.2820124926451312,relevance_minus_redundancy,,
7,"f1_w7,f3_w7,f9_w7,f2_w7,f6_w7,f10_w7,f4_w7",0.37372046482658333,0.18356862264306442,0.7954854114974527,0.28193615350505113,relevance_minus_redundancy,,
4,"f5_w7,f3_w7,f9_w7,f6_w7",0.48165792056840867,0.39953658306600515,0.651642574178619,0.2818896290354061,relevance_minus_redundancy,,
6,"f1_w7,f5_w7,f7_w7,f9_w7,f2_w7,f6_w7",0.4826303696286011,0.40169202353562533,0.7669558974893812,0.2817843578607885,relevance_minus_redundancy,,
4,"f5_w7,f7_w7,f8_w7,f10_w7",0.498511324661633,0.43366475243614744,0.8871673749319654,0.2816789484435593,relevance_minus_redundancy,,
5,"f1_w7,f7_w7,f9_w7,f10_w7,f4_w7",0.39561609340619347,0.22805773688041545,0.7669558974893812,0.28158722496598576,relevance_minus_redundancy,,
6,"f3_w7,f7_w7,f8_w7,f2_w7,f6_w7,f10_w7",0.41375701355364697,0.26443129744768884,0.8871673749319654,0.2815413648298025,relevance_minus_redundancy,,
5,"f5_w7,f3_w7,f2_w7,f6_w7,f4_w7",0.39721182332730154,0.23135112068728114,0.651642574178619,0.28153626298366097,relevance_minus_redundancy,,
5,"f3_w7,f7_w7,f9_w7,f2_w7,f4_w7",0.38591409534919224,0.2091755575932984,0.7669558974893812,0.28132631655254303,relevance_minus_redundancy,,
5,"f1_w7,f8_w7,f9_w7,f2_w7,f10_w7",0.42835195216538835,0.2942026783553781,0.7178540696667369,0.28125061298769927,relevance_minus_redundancy,,
6,"f1_w7,f3_w7,f7_w7,f8_w7,f9_w7,f6_w7",0.5204376231796134,0.47908961363526464,0.8871673749319654,0.28089281636198105,relevance_minus_redundancy,,
6,"f1_w7,f7_w7,f2_w7,f6_w7,f10_w7,f4_w7",0.36156134913319526,0.16204112393787298,0.7034818280765406,0.2805407871642588,relevance_minus_redundancy,,
6,"f1_w7,f5_w7,f8_w7,f9_w7,f2_w7,f6_w7",0.4758636028645124,0.3910413020476138,0.7178540696667369,0.2803429518407055,relevance_minus_redundancy,,
5,"f1_w7,f5_w7,f7_w7,f8_w7,f6_w7",0.5650833168341071,0.5698834854833486,0.8871673749319654,0.2801415740924328,relevance_minus_redundancy,,
6,"f3_w7,f7_w7,f8_w7,f2_w7,f6_w7,f4_w7",0.3925525210140937,0.2253132066430176,0.8871673749319654,0.27989591769258493,relevance_minus_redundancy,,
5,"f3_w7,f8_w7,f9_w7,f10_w7,f4_w7",0.3623833874036481,0.16516105695124902,0.7178540696667369,0.2798028589280236,relevance_minus_redundancy,,
7,"f5_w7,f3_w7,f7_w7,f2_w7,f6_w7,f10_w7,f4_w7",0.3932276833661568,0.22725777338957118,0.651642574178619,0.2795987966713712,relevance_minus_redundancy,,
7,"f1_w7,f5_w7,f7_w7,f8_w7,f6_w7,f10_w7,f4_w7",0.4446591049373841,0.33017424382599153,0.8871673749319654,0.27957198302438835,relevance_minus_redundancy,,
6,"f1_w7,f5_w7,f9_w7,f2_w7,f6_w7,f10_w7",0.42394527607891486,0.28883501105839937,0.6901188998694144,0.27952777054971517,relevance_minus_redundancy,,
4,"f1_w7,f8_w7,f9_w7,f4_w7",0.4325669534080495,0.30628339843990143,0.7178540696667369,0.2794252541880988,relevance_minus_redundancy,,
8,"f1_w7,f3_w7,f8_w7,f9_w7,f2_w7,f6_w7,f10_w7,f4_w7",0.39184565841423813,0.22491649662336152,0.7954854114974527,0.27938741010255735,relevance_minus_redundancy,,
6,"f1_w7,f5_w7,f7_w7,f8_w7,f9_w7,f4_w7",0.4997298409894453,0.44082620938769335,0.8871673749319654,0.2793167362955986,relevance_minus_redundancy,,
6,"f3_w7,f7_w7,f8_w7,f9_w7,f2_w7,f10_w7",0.42925324091851685,0.30055081066858885,0.8871673749319654,0.2789778355842224,relevance_minus_redundancy,,
5,"f3_w7,f7_w7,f8_w7,f6_w7,f10_w7",0.4396554178728914,0.32155880241325635,0.8871673749319654,0.27887601666626327,relevance_minus_redundancy,,
3,"f7_w7,f2_w7,f4_w7",0.3078575678822318,0.05813236829032211,0.10833843860635385,0.27879138373707074,relevance_minus_redundancy,,
7,"f1_w7,f3_w7,f7_w7,f8_w7,f9_w7,f6_w7,f4_w7",0.45751583380779964,0.3581514822946264,0.8871673749319654,0.2784400926604864,relevance_minus_redundancy,,
4,"f1_w7,f7_w7,f9_w7,f4_w7",0.4427171035541827,0.32860766303188027,0.7669558974893812,0.27841327203824257,relevance_minus_redundancy,,
5,"f5_w7,f3_w7,f9_w7,f6_w7,f10_w7",0.4267687470175742,0.2967860152090428,0.651642574178619,0.2783757394130528,relevance_minus_redundancy,,
4,"f3_w7,f9_w7,f2_w7,f10_w7",0.37436870446773163,0.19244704493032516,0.4167912559268436,0.27814518200256905,relevance_minus_redundancy,,
8,"f5_w7,f3_w7,f7_w7,f8_w7,f2_w7,f6_w7,f10_w7,f4_w7",0.4089144746363649,0.26164097528725844,0.8871673749319654,0.2780939869927357,relevance_minus_redundancy,,
6,"f5_w7,f3_w7,f8_w7,f6_w7,f10_w7,f4_w7",0.40462136517019015,0.25334318475453005,0.651642574178619,0.2779497727929251,relevance_minus_redundancy,,
3,"f5_w7,f9_w7,f2_w7",0.4326254217736711,0.30948123133621686,0.3890280954531724,0.27788480610556265,relevance_minus_redundancy,,
7,"f5_w7,f3_w7,f7_w7,f8_w7,f6_w7,f10_w7,f4_w7",0.42672154359049924,0.29867315706635345,0.8871673749319654,0.2773849650573225,relevance_minus_redundancy,,
7,"f1_w7,f5_w7,f7_w7,f9_w7,f2_w7,f6_w7,f10_w7",0.44328489579797753,0.33207491304924636,0.7669558974893812,0.2772474392733544,relevance_minus_redundancy,,
4,"f5_w7,f8_w7,f10_w7,f4_w7",0.3786769455277738,0.20331516686218565,0.5744413327620927,0.277019362096681,relevance_minus_redundancy,,
5,"f3_w7,f8_w7,f2_w7,f6_w7,f10_w7",0.38464389344190564,0.21644505379031287,0.4837635700556571,0.2764213665467492,relevance_minus_redundancy,,
5,"f5_w7,f3_w7,f2_w7,f6_w7,f10_w7",0.4226572143747654,0.29287052942889236,0.651642574178619,0.2762219496603192,relevance_minus_redundancy,,
8,"f1_w7,f3_w7,f7_w7,f8_w7,f9_w7,f6_w7,f10_w7,f4_w7",0.4262278611836043,0.30009166999645615,0.8871673749319654,0.27618202618537624,relevance_minus_redundancy,,
9,"f1_w7,f3_w7,f7_w7,f8_w7,f9_w7,f2_w7,f6_w7,f10_w7,f4_w7",0.4104542090473621,0.2688460275955167,0.8871673749319654,0.27603119524960373,relevance_minus_redundancy,,
6,"f5_w7,f7_w7,f8_w7,f2_w7,f10_w7,f4_w7",0.39304923136347886,0.23408615346549214,0.8871673749319654,0.2760061546307328,relevance_minus_redundancy,,
6,"f1_w7,f5_w7,f9_w7,f6_w7,f10_w7,f4_w7",0.38989862701549693,0.22797593444751824,0.6901188998694144,0.2759106597917378,relevance_minus_redundancy,,
7,"f1_w7,f5_w7,f7_w7,f9_w7,f2_w7,f6_w7,f4_w7",0.4251096164783605,0.2988432323004835,0.7669558974893812,0.27568800032811874,relevance_minus_redundancy,,
6,"f5_w7,f3_w7,f7_w7,f9_w7,f2_w7,f6_w7",0.46170321472390213,0.37261946855865286,0.7669558974893812,0.2753934804445757,relevance_minus_redundancy,,
6,"f5_w7,f3_w7,f7_w7,f9_w7,f6_w7,f10_w7",0.4488610582000374,0.3474199175411308,0.7669558974893812,0.275151099429472,relevance_minus_redundancy,,
4,"f1_w7,f9_w7,f6_w7,f10_w7",0.38765451158098624,0.22503173918915562,0.5352226244884791,0.2751386419864084,relevance_minus_redundancy,,
5,"f5_w7,f3_w7,f6_w7,f10_w7,f4_w7",0.38180123549866396,0.21341360908521234,0.651642574178619,0.2750944309560578,relevance_minus_redundancy,,
3,"f8_w7,f2_w7,f4_w7",0.2943240343540543,0.038537655628296634,0.09403510583881619,0.275055206539906,relevance_minus_redundancy,,
6,"f5_w7,f3_w7,f8_w7,f9_w7,f2_w7,f6_w7",0.4549364479598134,0.3603654657639654,0.7178540696667369,0.27475371507783075,relevance_minus_redundancy,,
6,"f1_w7,f5_w7,f7_w7,f9_w7,f6_w7,f10_w7",0.4697882131047364,0.39028968899892286,0.7669558974893812,0.27464336860527494,relevance_minus_redundancy,,
3,"f5_w7,f2_w7,f10_w7",0.4000885543212604,0.251803660497749,0.28170672248541895,0.27418672407238587,relevance_minus_redundancy,,
4,"f3_w7,f9_w7,f2_w7,f4_w7",0.3425619656584018,0.13681952925439755,0.4167912559268436,0.274152201031203,relevance_minus_redundancy,,
7,"f1_w7,f5_w7,f8_w7,f9_w7,f2_w7,f6_w7,f4_w7",0.4193095306805702,0.29055446301059246,0.7178540696667369,0.27403229917527394,relevance_minus_redundancy,,
5,"f5_w7,f3_w7,f9_w7,f2_w7,f6_w7",0.4421793348462118,0.33729494014444994,0.651642574178619,0.27353186477398683,relevance_minus_redundancy,,
4,"f5_w7,f7_w7,f8_w7,f4_w7",0.4667045858523032,0.38652385585438326,0.8871673749319654,0.2734426579251116,relevance_minus_redundancy,,
5,"f5_w7,f3_w7,f9_w7,f6_w7,f4_w7",0.4013233559701104,0.2563321200429894,0.651642574178619,0.2731572959486157,relevance_minus_redundancy,,
6,"f3_w7,f7_w7,f8_w7,f9_w7,f2_w7,f4_w7",0.40804874837896365,0.2698190492600665,0.8871673749319654,0.2731392237489304,relevance_minus_redundancy,,
6,"f1_w7,f7_w7,f9_w7,f2_w7,f10_w7,f4_w7",0.37705757649806526,0.20798655242563643,0.7669558974893812,0.27306430028524703,relevance_minus_redundancy,,
7,"f5_w7,f3_w7,f8_w7,f2_w7,f6_w7,f10_w7,f4_w7",0.3874275975683665,0.22900585544213228,0.651642574178619,0.27292466984730035,relevance_minus_redundancy,,
5,"f3_w7,f7_w7,f6_w7,f10_w7,f4_w7",0.3519080346827107,0.1583358072778815,0.4473756837951494,0.27274013104376993,relevance_minus_redundancy,,
4,"f5_w7,f7_w7,f2_w7,f6_w7",0.44105537881103685,0.33739600197587366,0.6244677589856393,0.2723573778231,relevance_minus_redundancy,,
3,"f3_w7,f2_w7,f4_w7",0.3551417358207129,0.16613504976028698,0.4167912559268436,0.2720742109405694,relevance_minus_redundancy,,
5,"f1_w7,f8_w7,f9_w7,f10_w7,f4_w7",0.3874959732892869,0.23323530512212715,0.7178540696667369,0.2708783207282234,relevance_minus_redundancy,,
4,"f1_w7,f9_w7,f6_w7,f4_w7",0.3558477727716564,0.16995100155963613,0.5352226244884791,0.27087227199183833,relevance_minus_redundancy,,
4,"f5_w7,f7_w7,f9_w7,f10_w7",0.4450364850725448,0.3483703763989248,0.7669558974893812,0.2708512968730824,relevance_minus_redundancy,,
7,"f1_w7,f5_w7,f8_w7,f9_w7,f2_w7,f6_w7,f10_w7",0.43748481000018724,0.33331112484204717,0.7178540696667369,0.27082924757916366,relevance_minus_redundancy,,
6,"f1_w7,f8_w7,f2_w7,f6_w7,f10_w7,f4_w7",0.3547945823691065,0.16822676335665498,0.6329414011148494,0.270681200690779,relevance_minus_redundancy,,
5,"f1_w7,f7_w7,f8_w7,f6_w7,f10_w7",0.46476800375853033,0.38839699853402354,0.8871673749319654,0.27056950449151856,relevance_minus_redundancy,,
5,"f1_w7,f8_w7,f6_w7,f10_w7,f4_w7",0.36890050045144296,0.19668471654918837,0.6329414011148494,0.27055814217684876,relevance_minus_redundancy,,
7,"f5_w7,f3_w7,f7_w7,f9_w7,f2_w7,f6_w7,f10_w7",0.4253473344510927,0.3095828946567028,0.7669558974893812,0.27055588712274126,relevance_minus_redundancy,,
5,"f3_w7,f7_w7,f8_w7,f6_w7,f4_w7",0.41421002682542757,0.2876970117423213,0.8871673749319654,0.2703615209542669,relevance_minus_redundancy,,
5,"f5_w7,f8_w7,f2_w7,f10_w7,f4_w7",0.3597945548137039,0.179255188964695,0.5744413327620927,0.27016696033135645,relevance_minus_redundancy,,
5,"f5_w7,f7_w7,f8_w7,f10_w7,f4_w7",0.4148060792446898,0.28937955968255596,0.8871673749319654,0.27011629940341186,relevance_minus_redundancy,,
7,"f1_w7,f7_w7,f8_w7,f2_w7,f6_w7,f10_w7,f4_w7",0.3840128726181419,0.2279301139627165,0.8871673749319654,0.2700478156367836,relevance_minus_redundancy,,
6,"f1_w7,f7_w7,f8_w7,f9_w7,f2_w7,f10_w7",0.45018039582321595,0.3610933001005921,0.8871673749319654,0.2696337457729199,relevance_minus_redundancy,,
5,"f1_w7,f9_w7,f2_w7,f10_w7,f4_w7",0.3406045689752076,0.14242545047550587,0.3638010255264375,0.2693918437374546,relevance_minus_redundancy,,
5,"f1_w7,f2_w7,f6_w7,f10_w7,f4_w7",0.3220090961373636,0.10546532911328377,0.26937630494234305,0.26927643158072173,relevance_minus_redundancy,,
4,"f5_w7,f8_w7,f9_w7,f2_w7",0.45414956971220866,0.3701823513169881,0.7178540696667369,0.26905839405371457,relevance_minus_redundancy,,
5,"f5_w7,f3_w7,f7_w7,f9_w7,f6_w7",0.49719085927719764,0.4568726308648339,0.7669558974893812,0.2687545438447807,relevance_minus_redundancy,,
4,"f5_w7,f7_w7,f9_w7,f2_w7",0.4642997198583418,0.3911170649201532,0.7669558974893812,0.2687411873982652,relevance_minus_redundancy,,
4,"f3_w7,f7_w7,f8_w7,f9_w7",0.5210106001848601,0.5049323552152044,0.8871673749319654,0.2685444225772579,relevance_minus_redundancy,,
6,"f1_w7,f5_w7,f7_w7,f9_w7,f6_w7,f4_w7",0.4485837205651832,0.36030889964136925,0.7669558974893812,0.26842927074449857,relevance_minus_redundancy,,
6,"f3_w7,f7_w7,f9_w7,f2_w7,f10_w7,f4_w7",0.3561304215933662,0.17558794732662475,0.7669558974893812,0.26833644793005385,relevance_minus_redundancy,,
7,"f1_w7,f5_w7,f7_w7,f9_w7,f6_w7,f10_w7,f4_w7",0.41410205374361936,0.29162807841877736,0.7669558974893812,0.2682880145342307,relevance_minus_redundancy,,
8,"f1_w7,f5_w7,f7_w7,f9_w7,f2_w7,f6_w7,f10_w7,f4_w7",0.39787242102034504,0.25945144055093866,0.7669558974893812,0.2681467007448757,relevance_minus_redundancy,,
5,"f1_w7,f7_w7,f8_w7,f9_w7,f2_w7",0.4987740644250119,0.4621178371326784,0.8871673749319654,0.2677151458586727,relevance_minus_redundancy,,
5,"f5_w7,f3_w7,f8_w7,f9_w7,f6_w7",0.4890707391602912,0.4429397071946564,0.7178540696667369,0.267600885562963,relevance_minus_redundancy,,
5,"f3_w7,f7_w7,f8_w7,f9_w7,f4_w7",0.4328054996632715,0.3306371929175033,0.8871673749319654,0.26748690320451984,relevance_minus_redundancy,,
6,"f3_w7,f7_w7,f8_w7,f9_w7,f10_w7,f4_w7",0.39520659185509893,0.25578082192948615,0.8871673749319654,0.26731618089035586,relevance_minus_redundancy,,
7,"f1_w7,f5_w7,f9_w7,f2_w7,f6_w7,f10_w7,f4_w7",0.3748081077214866,0.21501208993627355,0.6901188998694144,0.26730206275334983,relevance_minus_redundancy,,
7,"f5_w7,f3_w7,f7_w7,f8_w7,f9_w7,f2_w7,f6_w7",0.4698487574101763,0.4051900946822258,0.8871673749319654,0.2672537100690634,relevance_minus_redundancy,,
5,"f1_w7,f5_w7,f7_w7,f8_w7,f9_w7",0.583678789671951,0.6332256906230491,0.8871673749319654,0.2670659443604264,relevance_minus_redundancy,,
7,"f5_w7,f3_w7,f7_w7,f9_w7,f2_w7,f6_w7,f4_w7",0.40717205513147564,0.28023595326674455,0.7669558974893812,0.26705407849810336,relevance_minus_redundancy,,
6,"f5_w7,f3_w7,f8_w7,f9_w7,f6_w7,f10_w7",0.4420942914359487,0.35051271975894516,0.7178540696667369,0.2668379315564761,relevance_minus_redundancy,,
3,"f7_w7,f2_w7,f6_w7",0.351810965684009,0.17057818301476105,0.4473756837951494,0.2665218741766285,relevance_minus_redundancy,,
6,"f1_w7,f7_w7,f8_w7,f9_w7,f2_w7,f4_w7",0.4289759032836627,0.3249229035897432,0.8871673749319654,0.2665144514887911,relevance_minus_redundancy,,
6,"f5_w7,f3_w7,f7_w7,f9_w7,f6_w7,f4_w7",0.4276565656604842,0.3228777632859037,0.7669558974893812,0.2662176840175324,relevance_minus_redundancy,,
5,"f1_w7,f7_w7,f8_w7,f6_w7,f4_w7",0.43932261271106643,0.3463772552095988,0.8871673749319654,0.26613398510626707,relevance_minus_redundancy,,
6,"f1_w7,f8_w7,f9_w7,f2_w7,f10_w7,f4_w7",0.3702908097339765,0.20847287757220834,0.7178540696667369,0.2660543709478723,relevance_minus_redundancy,,
6,"f1_w7,f5_w7,f8_w7,f9_w7,f6_w7,f4_w7",0.4418169538010945,0.35167000965009104,0.7178540696667369,0.265981948976049,relevance_minus_redundancy,,
7,"f5_w7,f3_w7,f8_w7,f9_w7,f2_w7,f6_w7,f4_w7",0.40137196933368535,0.27080198304351355,0.7178540696667369,0.2659709778119286,relevance_minus_redundancy,,
7,"f1_w7,f5_w7,f7_w7,f8_w7,f9_w7,f2_w7,f6_w7",0.48778631875706113,0.44390014823953006,0.8871673749319654,0.2658362446372961,relevance_minus_redundancy,,
5,"f1_w7,f7_w7,f9_w7,f2_w7,f6_w7",0.43739871991589735,0.3433591894900835,0.7669558974893812,0.2657191251708556,relevance_minus_redundancy,,
5,"f5_w7,f7_w7,f9_w7,f2_w7,f10_w7",0.41288218644952074,0.29438499785743577,0.7669558974893812,0.26568968752080285,relevance_minus_redundancy,,
4,"f5_w7,f8_w7,f2_w7,f6_w7",0.4309052286649037,0.3307095740532338,0.6244677589856393,0.2655504416382868,relevance_minus_redundancy,,
6,"f1_w7,f5_w7,f8_w7,f9_w7,f6_w7,f10_w7",0.4630214463406477,0.39498577252341316,0.7178540696667369,0.2655285600789411,relevance_minus_redundancy,,
2,"f7_w7,f4_w7",0.3196538558446355,0.10833843860635385,0.10833843860635385,0.2654846365414586,relevance_minus_redundancy,,
3,"f3_w7,f2_w7,f10_w7",0.3975507208998193,0.26489064124376216,0.4167912559268436,0.2651054002779382,relevance_minus_redundancy,,
4,"f7_w7,f8_w7,f2_w7,f10_w7",0.39238041810295904,0.25521989658986416,0.8871673749319654,0.264770469808027,relevance_minus_redundancy,,
4,"f3_w7,f9_w7,f6_w7,f10_w7",0.3562637792239377,0.18306562823458547,0.5352226244884791,0.26473096510664496,relevance_minus_redundancy,,
8,"f1_w7,f5_w7,f7_w7,f8_w7,f9_w7,f2_w7,f6_w7,f10_w7",0.45271453551420804,0.375991035884755,0.8871673749319654,0.26471901757183053,relevance_minus_redundancy,,
7,"f5_w7,f3_w7,f8_w7,f9_w7,f2_w7,f6_w7,f10_w7",0.4195472486533024,0.3096739055161636,0.7178540696667369,0.2647102958952206,relevance_minus_redundancy,,
7,"f5_w7,f3_w7,f7_w7,f9_w7,f6_w7,f10_w7,f4_w7",0.3961644923967345,0.26316564475588156,0.7669558974893812,0.26458167001879374,relevance_minus_redundancy,,
6,"f5_w7,f3_w7,f8_w7,f9_w7,f6_w7,f4_w7",0.4208897988963955,0.3126355919879495,0.7178540696667369,0.2645720029024208,relevance_minus_redundancy,,
3,"f1_w7,f7_w7,f8_w7",0.6349275583320555,0.7411968680411185,0.8871673749319654,0.26432912431149624,relevance_minus_redundancy,,
3,"f1_w7,f8_w7,f9_w7",0.5500942386850937,0.5715321654360079,0.7178540696667369,0.2643281559670897,relevance_minus_redundancy,,
4,"f7_w7,f8_w7,f2_w7,f4_w7",0.3605736792936292,0.1926590995176994,0.8871673749319654,0.2642441295347795,relevance_minus_redundancy,,
8,"f1_w7,f5_w7,f7_w7,f8_w7,f9_w7,f2_w7,f6_w7,f4_w7",0.4368111661095432,0.34522377657659714,0.8871673749319654,0.26419927782124464,relevance_minus_redundancy,,
8,"f5_w7,f3_w7,f7_w7,f8_w7,f9_w7,f2_w7,f6_w7,f10_w7",0.43701916933568385,0.34566406494574725,0.8871673749319654,0.26418713686281026,relevance_minus_redundancy,,
5,"f1_w7,f8_w7,f9_w7,f2_w7,f6_w7",0.4292785997989908,0.3305856721158468,0.7178540696667369,0.2639857637410674,relevance_minus_redundancy,,
7,"f3_w7,f7_w7,f8_w7,f9_w7,f2_w7,f10_w7,f4_w7",0.3793577918697169,0.2308096401719333,0.8871673749319654,0.26395297178375027,relevance_minus_redundancy,,
5,"f1_w7,f5_w7,f7_w7,f9_w7,f6_w7",0.5223034451628364,0.517552881892639,0.7669558974893812,0.2635270042165169,relevance_minus_redundancy,,
5,"f1_w7,f9_w7,f2_w7,f6_w7,f4_w7",0.34153121660881003,0.15642378538790253,0.5352226244884791,0.2633193239148588,relevance_minus_redundancy,,
6,"f5_w7,f3_w7,f9_w7,f6_w7,f10_w7,f4_w7",0.368971472110798,0.21164676601604163,0.651642574178619,0.2631480891027772,relevance_minus_redundancy,,
6,"f5_w7,f3_w7,f9_w7,f2_w7,f6_w7,f4_w7",0.38181362863466267,0.23735159687066582,0.651642574178619,0.2631378301993298,relevance_minus_redundancy,,
7,"f3_w7,f7_w7,f8_w7,f2_w7,f6_w7,f10_w7,f4_w7",0.366075311271257,0.20639048012280523,0.8871673749319654,0.26288007120985435,relevance_minus_redundancy,,
8,"f1_w7,f5_w7,f8_w7,f9_w7,f2_w7,f6_w7,f10_w7,f4_w7",0.39279734594727844,0.25986776608241285,0.7178540696667369,0.262863462906072,relevance_minus_redundancy,,
4,"f5_w7,f9_w7,f10_w7,f4_w7",0.3252021059386856,0.12471905436996521,0.3890280954531724,0.262842578753703,relevance_minus_redundancy,,
6,"f5_w7,f3_w7,f9_w7,f2_w7,f6_w7,f10_w7",0.40301812117421587,0.280864424005416,0.651642574178619,0.26258590917150787,relevance_minus_redundancy,,
4,"f1_w7,f7_w7,f8_w7,f6_w7",0.5291569914946038,0.5338899803127397,0.8871673749319654,0.26221200133823397,relevance_minus_redundancy,,
8,"f5_w7,f3_w7,f7_w7,f8_w7,f9_w7,f2_w7,f6_w7,f4_w7",0.4211157999310189,0.3178103601566928,0.8871673749319654,0.26221061985267247,relevance_minus_redundancy,,
6,"f3_w7,f7_w7,f2_w7,f6_w7,f10_w7,f4_w7",0.3406341942284963,0.15700715656525072,0.4473756837951494,0.26213061594587095,relevance_minus_redundancy,,
6,"f3_w7,f8_w7,f9_w7,f2_w7,f10_w7,f4_w7",0.3493636548292775,0.17447099116652068,0.7178540696667369,0.2621281592460172,relevance_minus_redundancy,,
7,"f1_w7,f7_w7,f8_w7,f9_w7,f2_w7,f10_w7,f4_w7",0.3972953532166018,0.2718954438164085,0.8871673749319654,0.26134763130839755,relevance_minus_redundancy,,
5,"f1_w7,f5_w7,f8_w7,f9_w7,f6_w7",0.51418332504593,0.5060248801824755,0.7178540696667369,0.26117088495469226,relevance_minus_redundancy,,
7,"f1_w7,f5_w7,f8_w7,f9_w7,f6_w7,f10_w7,f4_w7",0.408301967945829,0.29430131270924487,0.7178540696667369,0.2611513115912066,relevance_minus_redundancy,,
6,"f1_w7,f7_w7,f8_w7,f6_w7,f10_w7,f4_w7",0.4006375193949281,0.27900948611174126,0.8871673749319654,0.26113277633905746,relevance_minus_redundancy,,
6,"f3_w7,f7_w7,f8_w7,f6_w7,f10_w7,f4_w7",0.37971036449022905,0.23747305302763433,0.8871673749319654,0.2609738379764119,relevance_minus_redundancy,,
6,"f5_w7,f3_w7,f2_w7,f6_w7,f10_w7,f4_w7",0.3655451949084573,0.2095170848236334,0.651642574178619,0.2607866524966406,relevance_minus_redundancy,,
5,"f5_w7,f7_w7,f9_w7,f2_w7,f4_w7",0.3874367954020569,0.2538970789022314,0.7669558974893812,0.26048825595094116,relevance_minus_redundancy,,
5,"f3_w7,f7_w7,f9_w7,f2_w7,f6_w7",0.41228613403025854,0.30359798959370443,0.7669558974893812,0.26048713923340633,relevance_minus_redundancy,,
4,"f3_w7,f2_w7,f6_w7,f4_w7",0.31931762461109686,0.11783337492932729,0.4167912559268436,0.2604009371464332,relevance_minus_redundancy,,
5,"f3_w7,f7_w7,f9_w7,f6_w7,f10_w7",0.39687554620162097,0.2735365399094145,0.7669558974893812,0.2601072762469137,relevance_minus_redundancy,,
4,"f5_w7,f9_w7,f2_w7,f4_w7",0.3444653407244826,0.1687289424839485,0.3890280954531724,0.2601008694825083,relevance_minus_redundancy,,
8,"f5_w7,f3_w7,f7_w7,f9_w7,f2_w7,f6_w7,f10_w7,f4_w7",0.38217705484182085,0.24420155050460488,0.7669558974893812,0.2600762795895184,relevance_minus_redundancy,,
5,"f3_w7,f8_w7,f9_w7,f2_w7,f6_w7",0.404166013913352,0.2884195502594538,0.7178540696667369,0.25995623878362506,relevance_minus_redundancy,,
5,"f1_w7,f9_w7,f2_w7,f6_w7,f10_w7",0.3669766076562739,0.21428757350168604,0.5352226244884791,0.25983282090543086,relevance_minus_redundancy,,
6,"f1_w7,f7_w7,f9_w7,f2_w7,f6_w7,f10_w7",0.3990342753989538,0.2784971174556763,0.7669558974893812,0.25978571667111566,relevance_minus_redundancy,,
9,"f1_w7,f5_w7,f7_w7,f8_w7,f9_w7,f2_w7,f6_w7,f10_w7,f4_w7",0.4113001535211757,0.3031347575556684,0.8871673749319654,0.25973277474334155,relevance_minus_redundancy,,
5,"f5_w7,f8_w7,f9_w7,f2_w7,f4_w7",0.37931667528515034,0.23990591746357853,0.7178540696667369,0.2593637165533611,relevance_minus_redundancy,,
7,"f5_w7,f3_w7,f7_w7,f8_w7,f9_w7,f6_w7,f10_w7",0.4588411946754351,0.39944270392107983,0.8871673749319654,0.2591198427148952,relevance_minus_redundancy,,
5,"f3_w7,f8_w7,f6_w7,f10_w7,f4_w7",0.34378791456580415,0.16965742496789443,0.4837635700556571,0.25895920208185697,relevance_minus_redundancy,,
5,"f5_w7,f7_w7,f8_w7,f2_w7,f6_w7",0.45658870575439375,0.3970103301069406,0.8871673749319654,0.25808354070092343,relevance_minus_redundancy,,
7,"f5_w7,f3_w7,f8_w7,f9_w7,f6_w7,f10_w7,f4_w7",0.39036440659894417,0.26469367811300903,0.7178540696667369,0.25801756754243965,relevance_minus_redundancy,,
3,"f1_w7,f7_w7,f9_w7",0.5636277722132712,0.6114129170307865,0.7669558974893812,0.25792131369787796,relevance_minus_redundancy,,
9,"f5_w7,f3_w7,f7_w7,f8_w7,f9_w7,f2_w7,f6_w7,f10_w7,f4_w7",0.3973487169180431,0.28080643196271976,0.8871673749319654,0.2569455009366832,relevance_minus_redundancy,,
5,"f5_w7,f7_w7,f9_w7,f10_w7,f4_w7",0.37202620757341925,0.23020074444296523,0.7669558974893812,0.25692583535193664,relevance_minus_redundancy,,
4,"f3_w7,f9_w7,f2_w7,f6_w7",0.3755270140097347,0.23768404172360832,0.5352226244884791,0.25668499314793053,relevance_minus_redundancy,,
6,"f1_w7,f7_w7,f9_w7,f2_w7,f6_w7,f4_w7",0.3778297828594006,0.24234836790196249,0.7669558974893812,0.2566555989084194,relevance_minus_redundancy,,
5,"f5_w7,f7_w7,f2_w7,f6_w7,f4_w7",0.3688413225642129,0.2245634748638447,0.6244677589856393,0.2565595851322906,relevance_minus_redundancy,,
5,"f5_w7,f7_w7,f2_w7,f6_w7,f10_w7",0.3942867136116768,0.27763088791327234,0.6244677589856393,0.25547126965504063,relevance_minus_redundancy,,
8,"f5_w7,f3_w7,f8_w7,f9_w7,f2_w7,f6_w7,f10_w7,f4_w7",0.37710197976875426,0.2437589753360741,0.7178540696667369,0.25522249210071724,relevance_minus_redundancy,,
4,"f5_w7,f9_w7,f2_w7,f10_w7",0.3762720795338124,0.24227658038131059,0.3890280954531724,0.2551337893431571,relevance_minus_redundancy,,
5,"f1_w7,f7_w7,f9_w7,f6_w7,f10_w7",0.42198813208725977,0.333993564527023,0.7669558974893812,0.25499134982374827,relevance_minus_redundancy,,
6,"f1_w7,f8_w7,f9_w7,f2_w7,f6_w7,f4_w7",0.37106301609531184,0.23287913413463557,0.7178540696667369,0.25462344902799405,relevance_minus_redundancy,,
5,"f5_w7,f8_w7,f9_w7,f2_w7,f10_w7",0.4047620663326142,0.3003962966924357,0.7178540696667369,0.2545639179863963,relevance_minus_redundancy,,
8,"f5_w7,f3_w7,f7_w7,f8_w7,f9_w7,f6_w7,f10_w7,f4_w7",0.4114841825381204,0.3141968451763586,0.8871673749319654,0.2543857599499411,relevance_minus_redundancy,,
3,"f8_w7,f2_w7,f6_w7",0.3382774321558315,0.16788054336208405,0.4837635700556571,0.2543371604747895,relevance_minus_redundancy,,
4,"f3_w7,f2_w7,f6_w7,f10_w7",0.3511243634204267,0.19442671409562687,0.4167912559268436,0.25391100637261327,relevance_minus_redundancy,,
6,"f1_w7,f7_w7,f8_w7,f9_w7,f10_w7,f4_w7",0.41613374675979803,0.32468189273998255,0.8871673749319654,0.2537928003898068,relevance_minus_redundancy,,
4,"f3_w7,f9_w7,f6_w7,f4_w7",0.3244570404146079,0.1415814783608821,0.5352226244884791,0.25366630123416684,relevance_minus_redundancy,,
7,"f5_w7,f3_w7,f7_w7,f8_w7,f9_w7,f6_w7,f4_w7",0.44066591535581806,0.3741212620766604,0.8871673749319654,0.25360528431748786,relevance_minus_redundancy,,
5,"f1_w7,f7_w7,f8_w7,f9_w7,f10_w7",0.48336347659637424,0.4598046422045666,0.8871673749319654,0.25346115549409093,relevance_minus_redundancy,,
6,"f3_w7,f7_w7,f9_w7,f2_w7,f6_w7,f10_w7",0.3781071204942548,0.24957338008550164,0.7669558974893812,0.253320430451504,relevance_minus_redundancy,,
6,"f3_w7,f8_w7,f2_w7,f6_w7,f10_w7,f4_w7",0.33386742746440756,0.16158951467735677,0.4837635700556571,0.2530726701257292,relevance_minus_redundancy,,
5,"f1_w7,f9_w7,f6_w7,f10_w7,f4_w7",0.32612062878017245,0.14630024066918917,0.5352226244884791,0.2529705084455779,relevance_minus_redundancy,,
4,"f3_w7,f7_w7,f9_w7,f6_w7",0.44429141954846707,0.382853483115168,0.7669558974893812,0.2528646779908831,relevance_minus_redundancy,,
7,"f1_w7,f5_w7,f7_w7,f8_w7,f9_w7,f6_w7,f10_w7",0.47677875602231995,0.448007912107541,0.8871673749319654,0.25277479996854946,relevance_minus_redundancy,,
8,"f1_w7,f5_w7,f7_w7,f8_w7,f9_w7,f6_w7,f10_w7,f4_w7",0.42717954871664465,0.34900162756813063,0.8871673749319654,0.2526787349325793,relevance_minus_redundancy,,
2,"f8_w7,f4_w7",0.29935355555236925,0.09403510583881619,0.09403510583881619,0.2523360026329612,relevance_minus_redundancy,,
4,"f5_w7,f7_w7,f9_w7,f4_w7",0.41322974626321496,0.3222494207003706,0.7669558974893812,0.2521050359130297,relevance_minus_redundancy,,
4,"f5_w7,f8_w7,f9_w7,f10_w7",0.43488633492641166,0.36580267532701455,0.7178540696667369,0.25198499726290435,relevance_minus_redundancy,,
4,"f3_w7,f8_w7,f9_w7,f6_w7",0.43414126940233394,0.36496955176117335,0.7178540696667369,0.25165649352174724,relevance_minus_redundancy,,
6,"f5_w7,f7_w7,f9_w7,f2_w7,f10_w7,f4_w7",0.35739933830408677,0.2117905342794724,0.7669558974893812,0.2515040711643506,relevance_minus_redundancy,,
6,"f5_w7,f3_w7,f7_w7,f8_w7,f9_w7,f6_w7",0.5007793849856349,0.49920475047538915,0.8871673749319654,0.2511770097479403,relevance_minus_redundancy,,
5,"f5_w7,f8_w7,f2_w7,f6_w7,f4_w7",0.36072120244730643,0.21912128483350707,0.6244677589856393,0.25116056003055287,relevance_minus_redundancy,,
6,"f5_w7,f7_w7,f8_w7,f9_w7,f2_w7,f10_w7",0.43052215762923746,0.35875472254285445,0.8871673749319654,0.25114479635781023,relevance_minus_redundancy,,
7,"f5_w7,f3_w7,f9_w7,f2_w7,f6_w7,f10_w7,f4_w7",0.35687054637460175,0.21147764513395534,0.651642574178619,0.25113172380762405,relevance_minus_redundancy,,
6,"f1_w7,f8_w7,f9_w7,f2_w7,f6_w7,f10_w7",0.39226750863486504,0.28236285720411786,0.7178540696667369,0.2510860800328061,relevance_minus_redundancy,,
6,"f5_w7,f7_w7,f8_w7,f2_w7,f6_w7,f4_w7",0.3938214377248143,0.28569314291276177,0.8871673749319654,0.25097486626843346,relevance_minus_redundancy,,
5,"f3_w7,f9_w7,f2_w7,f10_w7,f4_w7",0.3154919830895687,0.1291049008718547,0.4167912559268436,0.2509395326536414,relevance_minus_redundancy,,
3,"f5_w7,f7_w7,f8_w7",0.5956110819440985,0.6893585630113196,0.8871673749319654,0.2509318004384387,relevance_minus_redundancy,,
6,"f3_w7,f7_w7,f8_w7,f9_w7,f2_w7,f6_w7",0.4300254472798523,0.3587492348747932,0.8871673749319654,0.2506508298424557,relevance_minus_redundancy,,
4,"f5_w7,f8_w7,f9_w7,f4_w7",0.40307959611708183,0.3063442858390389,0.7178540696667369,0.24990745319756238,relevance_minus_redundancy,,
4,"f3_w7,f6_w7,f10_w7,f4_w7",0.30005438982529986,0.10083398366253492,0.20629680749542753,0.2496373979940324,relevance_minus_redundancy,,
7,"f1_w7,f5_w7,f7_w7,f8_w7,f9_w7,f6_w7,f4_w7",0.4586034767027029,0.4188017309043171,0.8871673749319654,0.24920261125054435,relevance_minus_redundancy,,
6,"f5_w7,f7_w7,f8_w7,f2_w7,f6_w7,f10_w7",0.4150259302643675,0.33197928260600684,0.8871673749319654,0.2490362889613641,relevance_minus_redundancy,,
6,"f5_w7,f7_w7,f8_w7,f9_w7,f2_w7,f4_w7",0.4093176650896842,0.3208549122457583,0.8871673749319654,0.24889020896680505,relevance_minus_redundancy,,
5,"f5_w7,f7_w7,f8_w7,f9_w7,f2_w7",0.47518417859223766,0.4526520178346164,0.8871673749319654,0.24885816967492946,relevance_minus_redundancy,,
3,"f8_w7,f2_w7,f10_w7",0.33673301943316075,0.1757947957166691,0.26937630494234305,0.2488356215748262,relevance_minus_redundancy,,
7,"f1_w7,f7_w7,f9_w7,f2_w7,f6_w7,f10_w7,f4_w7",0.35345582142437715,0.21046809626571814,0.7669558974893812,0.24822177329151807,relevance_minus_redundancy,,
5,"f3_w7,f8_w7,f9_w7,f6_w7,f10_w7",0.3887554260847145,0.28137830809391684,0.7178540696667369,0.24806627203775605,relevance_minus_redundancy,,
4,"f5_w7,f2_w7,f10_w7,f4_w7",0.3200626901351746,0.14434456147306277,0.28170672248541895,0.2478904093986432,relevance_minus_redundancy,,
6,"f3_w7,f7_w7,f9_w7,f2_w7,f6_w7,f4_w7",0.3569026279547016,0.2188632656341144,0.7669558974893812,0.24747099513764442,relevance_minus_redundancy,,
3,"f5_w7,f2_w7,f6_w7",0.40163296704393114,0.30856584334573495,0.6244677589856393,0.24735004537106367,relevance_minus_redundancy,,
7,"f3_w7,f7_w7,f8_w7,f9_w7,f2_w7,f6_w7,f10_w7",0.39819496235619284,0.3022148761528854,0.8871673749319654,0.24708752427975014,relevance_minus_redundancy,,
6,"f1_w7,f7_w7,f9_w7,f6_w7,f10_w7,f4_w7",0.364987626335536,0.23740573702890275,0.7669558974893812,0.2462847578210846,relevance_minus_redundancy,,
6,"f3_w7,f8_w7,f9_w7,f2_w7,f6_w7,f4_w7",0.35013586119061285,0.20779075056011148,0.7178540696667369,0.2462404859105571,relevance_minus_redundancy,,
6,"f1_w7,f7_w7,f8_w7,f9_w7,f2_w7,f6_w7",0.45095260218455135,0.41037822147563285,0.8871673749319654,0.24576349144673493,relevance_minus_redundancy,,
7,"f1_w7,f7_w7,f8_w7,f9_w7,f2_w7,f6_w7,f10_w7",0.4161325237030778,0.3408186314196198,0.8871673749319654,0.24572320799326788,relevance_minus_redundancy,,
6,"f3_w7,f8_w7,f9_w7,f2_w7,f6_w7,f10_w7",0.37134035373016605,0.25183583852726726,0.7178540696667369,0.24542243446653242,relevance_minus_redundancy,,
3,"f7_w7,f10_w7,f4_w7",0.2821732548345025,0.07366995849897101,0.10833843860635385,0.245338275585017,relevance_minus_redundancy,,
5,"f3_w7,f7_w7,f9_w7,f6_w7,f4_w7",0.3714301551541571,0.2522867137684054,0.7669558974893812,0.24528679826995442,relevance_minus_redundancy,,
7,"f5_w7,f7_w7,f8_w7,f9_w7,f2_w7,f10_w7,f4_w7",0.3804454347646202,0.2718268561713981,0.8871673749319654,0.24453200667892117,relevance_minus_redundancy,,
7,"f1_w7,f7_w7,f8_w7,f9_w7,f2_w7,f6_w7,f4_w7",0.39795724438346075,0.30720676436199573,0.8871673749319654,0.24435386220246288,relevance_minus_redundancy,,
5,"f5_w7,f8_w7,f9_w7,f10_w7,f4_w7",0.36390608745651276,0.23922979052306528,0.7178540696667369,0.24429119219498013,relevance_minus_redundancy,,
5,"f1_w7,f7_w7,f9_w7,f6_w7,f4_w7",0.3965427410397959,0.30458578573252415,0.7669558974893812,0.24424984817353385,relevance_minus_redundancy,,
6,"f3_w7,f7_w7,f9_w7,f6_w7,f10_w7,f4_w7",0.344060471430837,0.20012341828023497,0.7669558974893812,0.24399876229071954,relevance_minus_redundancy,,
7,"f3_w7,f7_w7,f8_w7,f9_w7,f2_w7,f6_w7,f4_w7",0.3800196830365758,0.2724877484540659,0.8871673749319654,0.24377580880954283,relevance_minus_redundancy,,
6,"f1_w7,f9_w7,f2_w7,f6_w7,f10_w7,f4_w7",0.31914468930971446,0.15179403707702957,0.5352226244884791,0.2432476707711997,relevance_minus_redundancy,,
5,"f3_w7,f8_w7,f9_w7,f6_w7,f4_w7",0.36331003503725057,0.24012602167925484,0.7178540696667369,0.24324702419762315,relevance_minus_redundancy,,
6,"f5_w7,f8_w7,f9_w7,f2_w7,f10_w7,f4_w7",0.350632571539998,0.21484451131830318,0.7178540696667369,0.2432103158808464,relevance_minus_redundancy,,
5,"f1_w7,f7_w7,f8_w7,f9_w7,f4_w7",0.45791808554891034,0.43036439297436485,0.8871673749319654,0.2427358890617279,relevance_minus_redundancy,,
5,"f1_w7,f8_w7,f9_w7,f6_w7,f10_w7",0.4138680119703532,0.3442402546715393,0.7178540696667369,0.24174788463458358,relevance_minus_redundancy,,
4,"f3_w7,f2_w7,f10_w7,f4_w7",0.3181593150690938,0.1528375755336063,0.4167912559268436,0.24174052730229062,relevance_minus_redundancy,,
4,"f5_w7,f7_w7,f6_w7,f10_w7",0.42179214402523985,0.36014449774263785,0.6244677589856393,0.24171989515392092,relevance_minus_redundancy,,
7,"f1_w7,f8_w7,f9_w7,f2_w7,f6_w7,f10_w7,f4_w7",0.34765573562658675,0.21254822785900798,0.7178540696667369,0.24138162169708277,relevance_minus_redundancy,,
5,"f1_w7,f8_w7,f9_w7,f6_w7,f4_w7",0.3884226209228894,0.2948300156033876,0.7178540696667369,0.24100761312119556,relevance_minus_redundancy,,
6,"f5_w7,f7_w7,f2_w7,f6_w7,f10_w7,f4_w7",0.3419031109392168,0.2025538168021508,0.6244677589856393,0.24062620253814143,relevance_minus_redundancy,,
8,"f1_w7,f7_w7,f8_w7,f9_w7,f2_w7,f6_w7,f10_w7,f4_w7",0.37411409543730767,0.2676285580498489,0.8871673749319654,0.2402998164123832,relevance_minus_redundancy,,
7,"f5_w7,f7_w7,f8_w7,f2_w7,f6_w7,f10_w7,f4_w7",0.3671629541661603,0.2540820341823075,0.8871673749319654,0.24012193707500654,relevance_minus_redundancy,,
5,"f7_w7,f8_w7,f2_w7,f10_w7,f4_w7",0.32990135399775067,0.17956554096823144,0.8871673749319654,0.24011858351363496,relevance_minus_redundancy,,
5,"f5_w7,f8_w7,f2_w7,f6_w7,f10_w7",0.3861665934947703,0.2921911581565874,0.6244677589856393,0.24007101441647657,relevance_minus_redundancy,,
7,"f3_w7,f7_w7,f9_w7,f2_w7,f6_w7,f10_w7,f4_w7",0.3355182600774923,0.19196711552254908,0.7669558974893812,0.23953470231621776,relevance_minus_redundancy,,
6,"f1_w7,f5_w7,f7_w7,f8_w7,f9_w7,f6_w7",0.5217065398903339,0.5647797711638461,0.8871673749319654,0.23931665430841081,relevance_minus_redundancy,,
6,"f3_w7,f7_w7,f8_w7,f9_w7,f6_w7,f10_w7",0.4171832907559876,0.3558614723705178,0.8871673749319654,0.2392525545707287,relevance_minus_redundancy,,
5,"f3_w7,f9_w7,f2_w7,f6_w7,f10_w7",0.3418640217706351,0.20617932549129053,0.5352226244884791,0.2387743590249898,relevance_minus_redundancy,,
2,"f2_w7,f6_w7",0.2480551414698366,0.01952304856614658,0.01952304856614658,0.2382936171867633,relevance_minus_redundancy,,
8,"f3_w7,f7_w7,f8_w7,f9_w7,f2_w7,f6_w7,f10_w7,f4_w7",0.3584187292587835,0.240294865347872,0.8871673749319654,0.23827129658484747,relevance_minus_redundancy,,
5,"f3_w7,f9_w7,f2_w7,f6_w7,f4_w7",0.3164186307231712,0.15647349003099673,0.5352226244884791,0.23818188570767285,relevance_minus_redundancy,,
5,"f3_w7,f9_w7,f6_w7,f10_w7,f4_w7",0.3010080428945336,0.12565412059105385,0.5352226244884791,0.23818098259900666,relevance_minus_redundancy,,
5,"f5_w7,f9_w7,f2_w7,f10_w7,f4_w7",0.31701468314243336,0.15783290792992377,0.3890280954531724,0.23809822917747148,relevance_minus_redundancy,,
4,"f1_w7,f7_w7,f9_w7,f6_w7",0.4756821519055156,0.4775745138797107,0.7669558974893812,0.23689489496566024,relevance_minus_redundancy,,
4,"f7_w7,f8_w7,f2_w7,f6_w7",0.3935387276449621,0.313836750916059,0.8871673749319654,0.23662035218693261,relevance_minus_redundancy,,
6,"f1_w7,f8_w7,f9_w7,f6_w7,f10_w7,f4_w7",0.35822085957144717,0.24328330827407776,0.7178540696667369,0.2365792054344083,relevance_minus_redundancy,,
4,"f7_w7,f2_w7,f10_w7,f4_w7",0.282696189115233,0.09274080778397809,0.26937630494234305,0.23632578522324393,relevance_minus_redundancy,,
6,"f5_w7,f7_w7,f8_w7,f9_w7,f10_w7,f4_w7",0.39647550856581953,0.32221055989149866,0.8871673749319654,0.2353702286200702,relevance_minus_redundancy,,
6,"f3_w7,f8_w7,f9_w7,f6_w7,f10_w7,f4_w7",0.3372937046667482,0.20439770821873401,0.7178540696667369,0.23509485055738116,relevance_minus_redundancy,,
4,"f5_w7,f2_w7,f6_w7,f4_w7",0.32122099967717765,0.17310297136900935,0.6244677589856393,0.234669513992673,relevance_minus_redundancy,,
2,"f8_w7,f10_w7",0.3629670331710289,0.2576530707432157,0.2576530707432157,0.23414049779942106,relevance_minus_redundancy,,
4,"f1_w7,f8_w7,f9_w7,f6_w7",0.4655320017593824,0.46369878579240603,0.7178540696667369,0.2336826088631794,relevance_minus_redundancy,,
4,"f5_w7,f7_w7,f6_w7,f4_w7",0.38998540521591,0.31305771855371156,0.6244677589856393,0.23345654593905424,relevance_minus_redundancy,,
5,"f5_w7,f7_w7,f8_w7,f9_w7,f10_w7",0.4597735907636,0.45273381064975604,0.8871673749319654,0.233406685438722,relevance_minus_redundancy,,
5,"f5_w7,f7_w7,f6_w7,f10_w7,f4_w7",0.3534307347355753,0.2401642509773741,0.6244677589856393,0.23334860924688824,relevance_minus_redundancy,,
7,"f3_w7,f7_w7,f8_w7,f9_w7,f6_w7,f10_w7,f4_w7",0.36901212030183467,0.2713544317383792,0.8871673749319654,0.23333490443264507,relevance_minus_redundancy,,
7,"f3_w7,f8_w7,f9_w7,f2_w7,f6_w7,f10_w7,f4_w7",0.3297181742797019,0.1929020461824989,0.7178540696667369,0.23326715118845245,relevance_minus_redundancy,,
6,"f3_w7,f7_w7,f8_w7,f9_w7,f6_w7,f4_w7",0.3959787982164344,0.330787057282885,0.8871673749319654,0.2305852695749919,relevance_minus_redundancy,,
3,"f5_w7,f7_w7,f9_w7",0.5243112958253142,0.5874836580941514,0.7669558974893812,0.23056946677823853,relevance_minus_redundancy,,
3,"f5_w7,f8_w7,f9_w7",0.5107777622971367,0.5604411659606674,0.7178540696667369,0.23055717931680297,relevance_minus_redundancy,,
5,"f3_w7,f2_w7,f6_w7,f10_w7,f4_w7",0.2968965102517248,0.1331917360992168,0.4167912559268436,0.2303006422021164,relevance_minus_redundancy,,
2,"f9_w7,f10_w7",0.25601735399285247,0.05151152927138479,0.05151152927138479,0.23026158935716007,relevance_minus_redundancy,,
6,"f5_w7,f8_w7,f2_w7,f6_w7,f10_w7,f4_w7",0.33513634417512805,0.21130710811319173,0.6244677589856393,0.22948279011853218,relevance_minus_redundancy,,
7,"f1_w7,f7_w7,f8_w7,f9_w7,f6_w7,f10_w7,f4_w7",0.38694968164871957,0.3159286022754659,0.8871673749319654,0.22898538051098663,relevance_minus_redundancy,,
6,"f1_w7,f7_w7,f8_w7,f9_w7,f6_w7,f10_w7",0.43811044566068663,0.4212876754521771,0.8871673749319654,0.22746660793459808,relevance_minus_redundancy,,
4,"f7_w7,f2_w7,f6_w7,f10_w7",0.3156612374665659,0.1765565770427132,0.4473756837951494,0.22738294894520927,relevance_minus_redundancy,,
5,"f3_w7,f7_w7,f8_w7,f9_w7,f6_w7",0.45917753834433783,0.4642024514411413,0.8871673749319654,0.22707631262376718,relevance_minus_redundancy,,
4,"f7_w7,f2_w7,f6_w7,f4_w7",0.28385449865723605,0.11404989736338629,0.4473756837951494,0.22682954997554292,relevance_minus_redundancy,,
3,"f7_w7,f8_w7,f10_w7",0.4284188934848039,0.4055840821498022,0.8871673749319654,0.2256268524099028,relevance_minus_redundancy,,
6,"f5_w7,f7_w7,f8_w7,f6_w7,f10_w7,f4_w7",0.3809792812009496,0.31324686427369924,0.8871673749319654,0.22435584906409997,relevance_minus_redundancy,,
4,"f5_w7,f8_w7,f6_w7,f4_w7",0.3798352550697769,0.31140086937290523,0.6244677589856393,0.22413482038332427,relevance_minus_redundancy,,
5,"f5_w7,f7_w7,f8_w7,f9_w7,f4_w7",0.4343281997161362,0.4206994407401834,0.8871673749319654,0.22397847934604448,relevance_minus_redundancy,,
6,"f3_w7,f9_w7,f2_w7,f6_w7,f10_w7,f4_w7",0.2982175344050154,0.14941090273317043,0.5352226244884791,0.2235120830384302,relevance_minus_redundancy,,
5,"f7_w7,f8_w7,f2_w7,f6_w7,f4_w7",0.3308280016313531,0.2149620446471205,0.8871673749319654,0.22334697930779288,relevance_minus_redundancy,,
5,"f5_w7,f7_w7,f8_w7,f6_w7,f10_w7",0.4411781179257561,0.43638923349487585,0.8871673749319654,0.2229835011783182,relevance_minus_redundancy,,
5,"f7_w7,f8_w7,f2_w7,f6_w7,f10_w7",0.35627339267881697,0.2688278489451566,0.8871673749319654,0.22185946820623867,relevance_minus_redundancy,,
6,"f1_w7,f7_w7,f8_w7,f9_w7,f6_w7,f4_w7",0.41690595312113343,0.39077462526221773,0.8871673749319654,0.22151864049002457,relevance_minus_redundancy,,
6,"f5_w7,f7_w7,f9_w7,f2_w7,f6_w7,f10_w7",0.3793760372049753,0.31844906012701324,0.7669558974893812,0.2201515071414687,relevance_minus_redundancy,,
5,"f5_w7,f7_w7,f8_w7,f6_w7,f4_w7",0.41573272687829227,0.39177536949108005,0.8871673749319654,0.21984504213275224,relevance_minus_redundancy,,
4,"f7_w7,f8_w7,f10_w7,f4_w7",0.3413104445078322,0.2433109045018184,0.8871673749319654,0.21965499225692303,relevance_minus_redundancy,,
4,"f5_w7,f2_w7,f6_w7,f10_w7",0.3530277384865075,0.26761643275674335,0.6244677589856393,0.2192195221081358,relevance_minus_redundancy,,
4,"f8_w7,f2_w7,f6_w7,f4_w7",0.2737043485111029,0.11031718874245816,0.4837635700556571,0.21854575413987384,relevance_minus_redundancy,,
6,"f5_w7,f7_w7,f9_w7,f2_w7,f6_w7,f4_w7",0.3581715446654221,0.2805708967870522,0.7669558974893812,0.217886096271896,relevance_minus_redundancy,,
4,"f7_w7,f9_w7,f2_w7,f10_w7",0.3389055785138708,0.2437200375383968,0.7669558974893812,0.21704555974467243,relevance_minus_redundancy,,
5,"f5_w7,f8_w7,f6_w7,f10_w7,f4_w7",0.3453106146186688,0.2577422684657893,0.6244677589856393,0.21643948038577415,relevance_minus_redundancy,,
7,"f5_w7,f7_w7,f9_w7,f2_w7,f6_w7,f10_w7,f4_w7",0.33660590297239557,0.24060702307004683,0.7669558974893812,0.21630239143737215,relevance_minus_redundancy,,
7,"f5_w7,f7_w7,f8_w7,f9_w7,f2_w7,f6_w7,f10_w7",0.3992826052510962,0.36657001578711024,0.8871673749319654,0.2159975973575411,relevance_minus_redundancy,,
4,"f5_w7,f8_w7,f6_w7,f10_w7",0.4116419938791067,0.39182508235125285,0.6244677589856393,0.2157294527034803,relevance_minus_redundancy,,
4,"f8_w7,f2_w7,f10_w7,f4_w7",0.27254603896909985,0.11389699644779706,0.26937630494234305,0.21559754074520132,relevance_minus_redundancy,,
8,"f5_w7,f7_w7,f8_w7,f9_w7,f2_w7,f6_w7,f10_w7,f4_w7",0.3593704167918238,0.2881434649976398,0.8871673749319654,0.2152986842930039,relevance_minus_redundancy,,
7,"f5_w7,f7_w7,f8_w7,f9_w7,f2_w7,f6_w7,f4_w7",0.38110732593147917,0.33172285316788097,0.8871673749319654,0.21524589934753868,relevance_minus_redundancy,,
5,"f5_w7,f7_w7,f9_w7,f2_w7,f6_w7",0.41380883408312313,0.39732915053563345,0.7669558974893812,0.2151442588153064,relevance_minus_redundancy,,
6,"f5_w7,f8_w7,f9_w7,f2_w7,f6_w7,f4_w7",0.3514047779013334,0.2736693149119842,0.7178540696667369,0.2145701204453413,relevance_minus_redundancy,,
3,"f5_w7,f6_w7,f4_w7",0.33353966891709536,0.23872173586028844,0.6244677589856393,0.21417880098695113,relevance_minus_redundancy,,
3,"f5_w7,f7_w7,f6_w7",0.4933188410955743,0.5594368080402298,0.6244677589856393,0.2136004370754594,relevance_minus_redundancy,,
4,"f1_w7,f7_w7,f8_w7,f9_w7",0.5524013325419087,0.6787002661343186,0.8871673749319654,0.21305119947474943,relevance_minus_redundancy,,
1,f6_w7,0.21184529098224875,0.0,0.0,0.21184529098224875,relevance_minus_redundancy,,
5,"f5_w7,f8_w7,f9_w7,f2_w7,f6_w7",0.4056887139662167,0.3884071109997851,0.7178540696667369,0.21148515846632415,relevance_minus_redundancy,,
5,"f5_w7,f2_w7,f6_w7,f10_w7,f4_w7",0.2984192103045894,0.17593585308336454,0.6244677589856393,0.21045128376290712,relevance_minus_redundancy,,
6,"f7_w7,f8_w7,f2_w7,f6_w7,f10_w7,f4_w7",0.310225343495167,0.19970787110285004,0.8871673749319654,0.21037140794374198,relevance_minus_redundancy,,
6,"f5_w7,f8_w7,f9_w7,f2_w7,f6_w7,f10_w7",0.3726092704408866,0.32488245176771374,0.7178540696667369,0.21016804455702973,relevance_minus_redundancy,,
6,"f5_w7,f7_w7,f8_w7,f9_w7,f2_w7,f6_w7",0.43129436399057286,0.442458190949149,0.8871673749319654,0.21006526851599835,relevance_minus_redundancy,,
3,"f7_w7,f9_w7,f10_w7",0.3571191073660196,0.2967997425116638,0.7669558974893812,0.2087192361101877,relevance_minus_redundancy,,
5,"f7_w7,f8_w7,f9_w7,f2_w7,f10_w7",0.37486886551666093,0.3325349752036747,0.8871673749319654,0.20860137791482358,relevance_minus_redundancy,,
7,"f5_w7,f8_w7,f9_w7,f2_w7,f6_w7,f10_w7,f4_w7",0.3308058171746052,0.24452119172923586,0.7178540696667369,0.2085452213099873,relevance_minus_redundancy,,
1,f10_w7,0.20721205281423646,0.0,0.0,0.20721205281423646,relevance_minus_redundancy,,
6,"f5_w7,f7_w7,f9_w7,f6_w7,f10_w7,f4_w7",0.3453293881415575,0.27722492440949353,0.7669558974893812,0.20671692593681074,relevance_minus_redundancy,,
3,"f8_w7,f9_w7,f2_w7",0.36926988688557144,0.3253059857337482,0.7178540696667369,0.20661689401869734,relevance_minus_redundancy,,
5,"f5_w7,f9_w7,f2_w7,f6_w7,f4_w7",0.3179413307760358,0.22345906338920116,0.6244677589856393,0.20621179908143522,relevance_minus_redundancy,,
4,"f7_w7,f9_w7,f2_w7,f4_w7",0.307098839704541,0.2021791813494419,0.7669558974893812,0.20600924902982004,relevance_minus_redundancy,,
6,"f7_w7,f8_w7,f9_w7,f2_w7,f10_w7,f4_w7",0.325721570860037,0.24024659945640806,0.8871673749319654,0.205598271131833,relevance_minus_redundancy,,
3,"f7_w7,f6_w7,f10_w7",0.32612665263627966,0.24186809735493411,0.4473756837951494,0.2051926039588126,relevance_minus_redundancy,,
5,"f1_w7,f7_w7,f8_w7,f9_w7,f6_w7",0.48429012422997675,0.5587173499047473,0.8871673749319654,0.2049314492776031,relevance_minus_redundancy,,
5,"f7_w7,f2_w7,f6_w7,f10_w7,f4_w7",0.26852600948863614,0.12726439335086473,0.4473756837951494,0.2048938128132038,relevance_minus_redundancy,,
4,"f8_w7,f9_w7,f2_w7,f4_w7",0.29694868955840786,0.18419818704798843,0.7178540696667369,0.20484959603441366,relevance_minus_redundancy,,
5,"f7_w7,f9_w7,f2_w7,f10_w7,f4_w7",0.2871214823264801,0.16466343592009386,0.7669558974893812,0.20478976436643317,relevance_minus_redundancy,,
4,"f5_w7,f6_w7,f10_w7,f4_w7",0.30195776489138065,0.19458826754301858,0.6244677589856393,0.20466363111987135,relevance_minus_redundancy,,
3,"f7_w7,f9_w7,f2_w7",0.38280342041374893,0.35650019674747585,0.7669558974893812,0.204553322040011,relevance_minus_redundancy,,
3,"f7_w7,f8_w7,f4_w7",0.38600990840569743,0.36318030645904514,0.8871673749319654,0.20441975517617486,relevance_minus_redundancy,,
5,"f7_w7,f8_w7,f9_w7,f2_w7,f4_w7",0.3494234744691971,0.29124866499986185,0.8871673749319654,0.20379914196926616,relevance_minus_redundancy,,
3,"f5_w7,f6_w7,f10_w7",0.3759486539962018,0.34503084018218394,0.6244677589856393,0.20343323390510984,relevance_minus_redundancy,,
3,"f8_w7,f10_w7,f4_w7",0.268639721306325,0.13080927089945524,0.2576530707432157,0.2032350858565974,relevance_minus_redundancy,,
5,"f5_w7,f7_w7,f9_w7,f6_w7,f10_w7",0.3983982462544856,0.39035851331582444,0.7669558974893812,0.2032189895965734,relevance_minus_redundancy,,
4,"f8_w7,f2_w7,f6_w7,f10_w7",0.30551108732043275,0.2061613022112064,0.4837635700556571,0.20243043621482953,relevance_minus_redundancy,,
4,"f5_w7,f9_w7,f2_w7,f6_w7",0.3774303890758155,0.35127618767481933,0.6244677589856393,0.20179229523840583,relevance_minus_redundancy,,
5,"f5_w7,f9_w7,f2_w7,f6_w7,f10_w7",0.3433867218234997,0.2839169721823556,0.6244677589856393,0.2014282357323219,relevance_minus_redundancy,,
4,"f7_w7,f9_w7,f10_w7,f4_w7",0.287835604918744,0.17558175198732062,0.7669558974893812,0.20004472892508368,relevance_minus_redundancy,,
3,"f5_w7,f8_w7,f6_w7",0.4797853075673968,0.5608908872677963,0.6244677589856393,0.19933986393349862,relevance_minus_redundancy,,
7,"f5_w7,f7_w7,f8_w7,f9_w7,f6_w7,f10_w7,f4_w7",0.370099763196738,0.3415851614352804,0.8871673749319654,0.1993071824790978,relevance_minus_redundancy,,
6,"f5_w7,f9_w7,f2_w7,f6_w7,f10_w7,f4_w7",0.29948645111573596,0.20045619105219906,0.6244677589856393,0.19925835558963645,relevance_minus_redundancy,,
4,"f8_w7,f9_w7,f2_w7,f10_w7",0.3287554283677377,0.25907647702636466,0.7178540696667369,0.19921718985455536,relevance_minus_redundancy,,
4,"f5_w7,f7_w7,f8_w7,f6_w7",0.4996696342036361,0.6039471169784008,0.8871673749319654,0.1976960757144357,relevance_minus_redundancy,,
6,"f5_w7,f8_w7,f9_w7,f6_w7,f10_w7,f4_w7",0.3385626213774688,0.28567014754692743,0.7178540696667369,0.19572754760400507,relevance_minus_redundancy,,
5,"f5_w7,f9_w7,f6_w7,f10_w7,f4_w7",0.30253074294739823,0.21573050641373928,0.6244677589856393,0.1946654897405286,relevance_minus_redundancy,,
4,"f5_w7,f7_w7,f8_w7,f9_w7",0.522913975250941,0.6569856252738749,0.8871673749319654,0.1944211626140035,relevance_minus_redundancy,,
4,"f7_w7,f8_w7,f9_w7,f2_w7",0.41678306869226706,0.4458128410509297,0.8871673749319654,0.1938766481668022,relevance_minus_redundancy,,
5,"f5_w7,f7_w7,f9_w7,f6_w7,f4_w7",0.3729528552070217,0.3583566138419546,0.7669558974893812,0.1937745482860444,relevance_minus_redundancy,,
5,"f8_w7,f9_w7,f2_w7,f10_w7,f4_w7",0.2790013622095736,0.17244696633612078,0.7178540696667369,0.19277787904151322,relevance_minus_redundancy,,
6,"f5_w7,f7_w7,f8_w7,f9_w7,f6_w7,f10_w7",0.41845220746670814,0.45496430342119426,0.8871673749319654,0.190970055756111,relevance_minus_redundancy,,
4,"f5_w7,f9_w7,f6_w7,f10_w7",0.3581671542900185,0.33514246162659805,0.6244677589856393,0.19059592347671947,relevance_minus_redundancy,,
5,"f8_w7,f2_w7,f6_w7,f10_w7,f4_w7",0.26040588937172965,0.1435968951752069,0.4837635700556571,0.1886074417841262,relevance_minus_redundancy,,
5,"f5_w7,f8_w7,f9_w7,f6_w7,f4_w7",0.3648327350901152,0.3524523215512064,0.7178540696667369,0.188606574314512,relevance_minus_redundancy,,
4,"f5_w7,f9_w7,f6_w7,f4_w7",0.32636041548068867,0.2757381895314603,0.6244677589856393,0.18849132071495853,relevance_minus_redundancy,,
4,"f7_w7,f6_w7,f10_w7,f4_w7",0.26459126387143905,0.15294765228925758,0.4473756837951494,0.18811743772681028,relevance_minus_redundancy,,
5,"f5_w7,f8_w7,f9_w7,f6_w7,f10_w7",0.39027812613757906,0.404456681298729,0.7178540696667369,0.18804978548821455,relevance_minus_redundancy,,
6,"f5_w7,f7_w7,f8_w7,f9_w7,f6_w7,f4_w7",0.39724771492715494,0.42272183944498765,0.8871673749319654,0.18588679520466111,relevance_minus_redundancy,,
2,"f9_w7,f4_w7",0.19240387637419282,0.014013209666244694,0.014013209666244694,0.18539727154107047,relevance_minus_redundancy,,
3,"f7_w7,f6_w7,f4_w7",0.28371766755717326,0.19957255644985292,0.4473756837951494,0.1839313893322468,relevance_minus_redundancy,,
5,"f7_w7,f8_w7,f9_w7,f10_w7,f4_w7",0.3340128866405595,0.3010200133104658,0.8871673749319654,0.1835028799853266,relevance_minus_redundancy,,
5,"f7_w7,f8_w7,f6_w7,f10_w7,f4_w7",0.31541741380271554,0.26403050353052,0.8871673749319654,0.18340216203745555,relevance_minus_redundancy,,
7,"f7_w7,f8_w7,f9_w7,f2_w7,f6_w7,f10_w7,f4_w7",0.3094535308774958,0.2542325844378589,0.8871673749319654,0.18233723865856633,relevance_minus_redundancy,,
6,"f7_w7,f8_w7,f9_w7,f2_w7,f6_w7,f10_w7",0.3476982697609256,0.33450209909584044,0.8871673749319654,0.18044722021300538,relevance_minus_redundancy,,
5,"f7_w7,f9_w7,f2_w7,f6_w7,f10_w7",0.3134935210075464,0.2670738389575583,0.7669558974893812,0.17995660152876725,relevance_minus_redundancy,,
4,"f8_w7,f9_w7,f10_w7,f4_w7",0.27768545477261086,0.195967770217122,0.7178540696667369,0.17970156966404988,relevance_minus_redundancy,,
3,"f9_w7,f10_w7,f4_w7",0.1973399351875407,0.03542145835132109,0.05151152927138479,0.17962920601188015,relevance_minus_redundancy,,
6,"f7_w7,f8_w7,f9_w7,f2_w7,f6_w7,f4_w7",0.32649377722137235,0.2960916749234737,0.8871673749319654,0.1784479397596355,relevance_minus_redundancy,,
4,"f7_w7,f8_w7,f6_w7,f10_w7",0.3742754928591651,0.39236471796594,0.8871673749319654,0.1780931338761951,relevance_minus_redundancy,,
3,"f2_w7,f6_w7,f4_w7",0.19203179350553012,0.02791648169860908,0.043003546948055395,0.1780735526562256,relevance_minus_redundancy,,
6,"f7_w7,f9_w7,f2_w7,f6_w7,f10_w7,f4_w7",0.27457545043577486,0.19320373803294644,0.7669558974893812,0.17797358141930164,relevance_minus_redundancy,,
5,"f7_w7,f9_w7,f2_w7,f6_w7,f4_w7",0.28804812996008256,0.2258199991894482,0.7669558974893812,0.17513813036535847,relevance_minus_redundancy,,
3,"f9_w7,f2_w7,f4_w7",0.22302424823527003,0.09764831177264306,0.2577088760700592,0.1742000923489485,relevance_minus_redundancy,,
3,"f8_w7,f9_w7,f10_w7",0.3435855738378421,0.34233955656044585,0.7178540696667369,0.17241579555761918,relevance_minus_redundancy,,
2,"f2_w7,f4_w7",0.18212504476717079,0.021222849581625278,0.021222849581625278,0.17151361997635814,relevance_minus_redundancy,,
5,"f8_w7,f9_w7,f2_w7,f6_w7,f4_w7",0.27992800984317606,0.2186701912346269,0.7178540696667369,0.17059291422586262,relevance_minus_redundancy,,
4,"f7_w7,f8_w7,f6_w7,f4_w7",0.3424687540498353,0.34394728669599955,0.8871673749319654,0.1704951107018355,relevance_minus_redundancy,,
3,"f9_w7,f2_w7,f10_w7",0.26543323331437646,0.19286557009459568,0.26937630494234305,0.1690004482670786,relevance_minus_redundancy,,
4,"f7_w7,f8_w7,f9_w7,f10_w7",0.39751983390647005,0.4588456238128182,0.8871673749319654,0.16809702200006096,relevance_minus_redundancy,,
5,"f7_w7,f8_w7,f9_w7,f2_w7,f6_w7",0.3757955131502634,0.41607619732110096,0.8871673749319654,0.1677574144897129,relevance_minus_redundancy,,
4,"f7_w7,f9_w7,f2_w7,f6_w7",0.3400638880558739,0.34527032451536716,0.7669558974893812,0.16742872579819032,relevance_minus_redundancy,,
6,"f8_w7,f9_w7,f2_w7,f6_w7,f10_w7,f4_w7",0.26780868367168614,0.20081861739433157,0.7178540696667369,0.16739937497452034,relevance_minus_redundancy,,
3,"f8_w7,f6_w7,f4_w7",0.2701841340289957,0.2069340742808429,0.4837635700556571,0.16671709688857428,relevance_minus_redundancy,,
3,"f7_w7,f9_w7,f4_w7",0.31471012228691314,0.2964358485873266,0.7669558974893812,0.16649219799324985,relevance_minus_redundancy,,
2,"f9_w7,f2_w7",0.29454382356444647,0.2577088760700592,0.2577088760700592,0.16568938552941687,relevance_minus_redundancy,,
5,"f8_w7,f9_w7,f2_w7,f6_w7,f10_w7",0.3053734008906399,0.2799264912763898,0.7178540696667369,0.165410155252445,relevance_minus_redundancy,,
4,"f5_w7,f7_w7,f9_w7,f6_w7",0.44619479461454786,0.5615861735919537,0.7669558974893812,0.165401707818571,relevance_minus_redundancy,,
4,"f9_w7,f2_w7,f10_w7,f4_w7",0.21907119938001166,0.1090954009413318,0.26937630494234305,0.16452349890934576,relevance_minus_redundancy,,
3,"f8_w7,f9_w7,f4_w7",0.30117658875873565,0.2753007950572659,0.7178540696667369,0.1635261912301027,relevance_minus_redundancy,,
4,"f8_w7,f9_w7,f2_w7,f6_w7",0.32991373790974077,0.3357378667185879,0.7178540696667369,0.1620448045504468,relevance_minus_redundancy,,
2,"f7_w7,f6_w7",0.38558395254730127,0.4473756837951494,0.4473756837951494,0.16189611064972656,relevance_minus_redundancy,,
4,"f8_w7,f6_w7,f10_w7,f4_w7",0.2544411137253059,0.18758195619958426,0.4837635700556571,0.16065013562551378,relevance_minus_redundancy,,
5,"f5_w7,f7_w7,f8_w7,f9_w7,f6_w7",0.46070023839720253,0.6032743388968174,0.8871673749319654,0.15906306894879385,relevance_minus_redundancy,,
4,"f5_w7,f8_w7,f9_w7,f6_w7",0.43604464446841473,0.5541295752352963,0.7178540696667369,0.1589798568507666,relevance_minus_redundancy,,
5,"f7_w7,f9_w7,f6_w7,f10_w7,f4_w7",0.272637542131445,0.2285389174651035,0.7669558974893812,0.15836808339889324,relevance_minus_redundancy,,
6,"f7_w7,f8_w7,f9_w7,f6_w7,f10_w7,f4_w7",0.3136516206975077,0.3150574910591618,0.8871673749319654,0.15612287516792678,relevance_minus_redundancy,,
3,"f8_w7,f6_w7,f10_w7",0.31259311910810217,0.3159044827647668,0.4837635700556571,0.15464087772571877,relevance_minus_redundancy,,
3,"f2_w7,f6_w7,f10_w7",0.23444077858463655,0.1650653870013057,0.26937630494234305,0.15190808508398368,relevance_minus_redundancy,,
3,"f5_w7,f9_w7,f6_w7",0.4084855214486125,0.5162394929757635,0.6244677589856393,0.15036577496073072,relevance_minus_redundancy,,
4,"f7_w7,f8_w7,f9_w7,f4_w7",0.36571309509714023,0.4313940160332497,0.8871673749319654,0.15001608708051536,relevance_minus_redundancy,,
2,"f5_w7,f6_w7",0.46031695458718447,0.6244677589856393,0.6244677589856393,0.1480830750943648,relevance_minus_redundancy,,
4,"f7_w7,f9_w7,f6_w7,f10_w7",0.3208006532700769,0.3465490572190079,0.7669558974893812,0.14752612466057294,relevance_minus_redundancy,,
4,"f9_w7,f2_w7,f6_w7,f4_w7",0.2202295089220147,0.14844902588676837,0.5352226244884791,0.14600499597863054,relevance_minus_redundancy,,
4,"f2_w7,f6_w7,f10_w7,f4_w7",0.19582685833270672,0.1000270322749886,0.26937630494234305,0.14581334219521241,relevance_minus_redundancy,,
5,"f9_w7,f2_w7,f6_w7,f10_w7,f4_w7",0.21762601770045906,0.14586184331460994,0.5352226244884791,0.1446950960431541,relevance_minus_redundancy,,
5,"f8_w7,f9_w7,f6_w7,f10_w7,f4_w7",0.26451742201453843,0.24440931702903512,0.7178540696667369,0.14231276350002087,relevance_minus_redundancy,,
4,"f9_w7,f2_w7,f6_w7,f10_w7",0.25203624773134453,0.22327319847230673,0.5352226244884791,0.14039964849519115,relevance_minus_redundancy,,
5,"f7_w7,f8_w7,f9_w7,f6_w7,f10_w7",0.3603849253216258,0.4425732428711623,0.8871673749319654,0.13909830388604466,relevance_minus_redundancy,,
3,"f2_w7,f10_w7,f4_w7",0.19048738078285934,0.11044626354676738,0.26937630494234305,0.13526424900947565,relevance_minus_redundancy,,
3,"f9_w7,f2_w7,f6_w7",0.2669776460370472,0.27081818304156163,0.5352226244884791,0.1315685545162664,relevance_minus_redundancy,,
5,"f7_w7,f8_w7,f9_w7,f6_w7,f4_w7",0.33493953427416195,0.409772952148684,0.8871673749319654,0.13005305819981997,relevance_minus_redundancy,,
4,"f7_w7,f9_w7,f6_w7,f4_w7",0.28899391446074707,0.3191515668322773,0.7669558974893812,0.12941813104460842,relevance_minus_redundancy,,
3,"f7_w7,f8_w7,f6_w7",0.42996330620747464,0.6061022095942573,0.8871673749319654,0.12691220141034598,relevance_minus_redundancy,,
4,"f9_w7,f6_w7,f10_w7,f4_w7",0.20096627413621773,0.14846455899765423,0.5352226244884791,0.1267339946373906,relevance_minus_redundancy,,
2,"f6_w7,f4_w7",0.14591519427958294,0.043003546948055395,0.043003546948055395,0.12441342080555524,relevance_minus_redundancy,,
2,"f8_w7,f6_w7",0.365283652255035,0.4837635700556571,0.4837635700556571,0.12340186722720645,relevance_minus_redundancy,,
2,"f10_w7,f4_w7",0.1435985751955768,0.04073963611633378,0.04073963611633378,0.12322875713740992,relevance_minus_redundancy,,
4,"f8_w7,f9_w7,f6_w7,f10_w7",0.31065050312394377,0.37538361195348346,0.7178540696667369,0.12295869714720203,relevance_minus_redundancy,,
4,"f8_w7,f9_w7,f6_w7,f4_w7",0.27884376431461394,0.31464868777733157,0.7178540696667369,0.12151942042594815,relevance_minus_redundancy,,
3,"f6_w7,f10_w7,f4_w7",0.16634748045780076,0.09667999685327223,0.20629680749542753,0.11800748203116465,relevance_minus_redundancy,,
2,"f2_w7,f10_w7",0.24573852238583044,0.26937630494234305,0.26937630494234305,0.11105036991465891,relevance_minus_redundancy,,
3,"f9_w7,f6_w7,f10_w7",0.2412933329893179,0.26434365375176383,0.5352226244884791,0.10912150611343599,relevance_minus_redundancy,,
2,"f6_w7,f10_w7",0.2095286718982426,0.20629680749542753,0.20629680749542753,0.10638026815052883,relevance_minus_redundancy,,
3,"f9_w7,f6_w7,f4_w7",0.19888434791021148,0.19741312703425973,0.5352226244884791,0.10017778439308161,relevance_minus_redundancy,,
2,"f7_w7,f8_w7",0.5390223138200876,0.8871673749319654,0.8871673749319654,0.09543862635410488,relevance_minus_redundancy,,
1,f4_w7,0.07998509757691714,0.0,0.0,0.07998509757691714,relevance_minus_redundancy,,
4,"f7_w7,f8_w7,f9_w7,f6_w7",0.39867814344847313,0.6397232034045616,0.8871673749319654,0.07881654174619235,relevance_minus_redundancy,,
3,"f7_w7,f9_w7,f6_w7",0.35866352008869035,0.5831847352576699,0.7669558974893812,0.0670711524598554,relevance_minus_redundancy,,
3,"f7_w7,f8_w7,f9_w7",0.4609557609372146,0.7906591140293612,0.8871673749319654,0.06562620392253399,relevance_minus_redundancy,,
3,"f8_w7,f9_w7,f6_w7",0.34512998656051286,0.5789467547369577,0.7178540696667369,0.05565660919203402,relevance_minus_redundancy,,
2,"f8_w7,f9_w7",0.4117723343496449,0.7178540696667369,0.7178540696667369,0.05284529951627642,relevance_minus_redundancy,,
2,"f7_w7,f9_w7",0.43207263464191115,0.7669558974893812,0.7669558974893812,0.048594685897220546,relevance_minus_redundancy,,
2,"f9_w7,f6_w7",0.2583339730768586,0.5352226244884791,0.5352226244884791,-0.009277339167380938,relevance_minus_redundancy,,
