combo_size,features,relevance_mean_abs_pearson,redundancy_mean_abs_pearson,redundancy_max_abs_pearson,score,selector,mrmr_last_added,mrmr_score
1,f1_w6,0.8193551669893268,0.0,0.0,0.8193551669893268,relevance_minus_redundancy,,
1,f5_w6,0.7087886181921202,0.0,0.0,0.7087886181921202,relevance_minus_redundancy,,
1,f3_w6,0.7011751179277971,0.0,0.0,0.7011751179277971,relevance_minus_redundancy,,
1,f7_w6,0.4945491132242889,0.0,0.0,0.4945491132242889,relevance_minus_redundancy,,
2,"f3_w6,f8_w6",0.5757649243787206,0.21333927556241727,0.21333927556241727,0.469095286597512,relevance_minus_redundancy,,
2,"f3_w6,f7_w6",0.597862115576043,0.2591828416576838,0.2591828416576838,0.46827069474720107,relevance_minus_redundancy,,
2,"f1_w6,f6_w6",0.5156002289857877,0.10506635685088309,0.10506635685088309,0.4630670505603462,relevance_minus_redundancy,,
2,"f1_w6,f10_w6",0.5132836099017816,0.10473651862234498,0.10473651862234498,0.46091535059060906,relevance_minus_redundancy,,
2,"f1_w6,f4_w6",0.5002587467280089,0.08275484970408885,0.08275484970408885,0.4588813218759644,relevance_minus_redundancy,,
2,"f1_w6,f2_w6",0.5551065895743929,0.196490480601088,0.196490480601088,0.45686134927384886,relevance_minus_redundancy,,
1,f8_w6,0.4503547308296441,0.0,0.0,0.4503547308296441,relevance_minus_redundancy,,
2,"f5_w6,f4_w6",0.4449754723294056,0.022069289100507688,0.022069289100507688,0.43394082777915177,relevance_minus_redundancy,,
2,"f3_w6,f4_w6",0.441168722197244,0.01572835593527088,0.01572835593527088,0.43330454422960857,relevance_minus_redundancy,,
3,"f1_w6,f5_w6,f4_w6",0.5697687038827127,0.2745076637157641,0.7186988523426959,0.43251487202483063,relevance_minus_redundancy,,
3,"f1_w6,f3_w6,f4_w6",0.5672308704612716,0.29086030198134627,0.7740977003046791,0.4218007194705985,relevance_minus_redundancy,,
3,"f5_w6,f3_w6,f4_w6",0.5303753541955362,0.2298134064047992,0.651642574178619,0.41546865099313657,relevance_minus_redundancy,,
4,"f1_w6,f5_w6,f3_w6,f4_w6",0.6026203073939838,0.3774986035943102,0.7740977003046791,0.41387100559682866,relevance_minus_redundancy,,
3,"f1_w6,f5_w6,f2_w6",0.6063339324469686,0.3893213298136165,0.7186988523426959,0.4116732675401604,relevance_minus_redundancy,,
3,"f1_w6,f3_w6,f10_w6",0.5759141125771201,0.3291128605963747,0.7740977003046791,0.41135768227893277,relevance_minus_redundancy,,
3,"f1_w6,f5_w6,f10_w6",0.5784519459985612,0.3425877750101753,0.7186988523426959,0.40715805849347353,relevance_minus_redundancy,,
3,"f1_w6,f3_w6,f6_w6",0.5774585252997909,0.3417441873121543,0.7740977003046791,0.4065864316437138,relevance_minus_redundancy,,
2,"f1_w6,f5_w6",0.7640718925907235,0.7186988523426959,0.7186988523426959,0.40472246641937554,relevance_minus_redundancy,,
3,"f3_w6,f7_w6,f10_w6",0.4676454279887741,0.12736685363906844,0.2591828416576838,0.4039620011692399,relevance_minus_redundancy,,
2,"f3_w6,f10_w6",0.4541935853710168,0.10850436286209991,0.10850436286209991,0.3999414039399668,relevance_minus_redundancy,,
3,"f1_w6,f3_w6,f8_w6",0.6569616719155893,0.5164540187413688,0.7740977003046791,0.3987346625449049,relevance_minus_redundancy,,
4,"f1_w6,f3_w6,f7_w6,f10_w6",0.5555728627389123,0.3150003163989969,0.7740977003046791,0.3980727045394138,relevance_minus_redundancy,,
4,"f1_w6,f5_w6,f3_w6,f10_w6",0.6091327389808701,0.427001327062654,0.7740977003046791,0.39563207544954304,relevance_minus_redundancy,,
3,"f3_w6,f7_w6,f4_w6",0.45896218587292564,0.12755898270316415,0.2591828416576838,0.3951826945213436,relevance_minus_redundancy,,
3,"f1_w6,f3_w6,f7_w6",0.6716931327138043,0.5541158868373717,0.7740977003046791,0.3946351892951184,relevance_minus_redundancy,,
2,"f3_w6,f9_w6",0.4577150839771166,0.12677544219803474,0.12677544219803474,0.3943273628780992,relevance_minus_redundancy,,
4,"f1_w6,f3_w6,f7_w6,f4_w6",0.549060431152026,0.31143276944466874,0.7740977003046791,0.39334404642969156,relevance_minus_redundancy,,
4,"f1_w6,f3_w6,f8_w6,f4_w6",0.5380118355533647,0.294167711548982,0.7740977003046791,0.3909279797788737,relevance_minus_redundancy,,
4,"f1_w6,f5_w6,f2_w6,f4_w6",0.5000410309518992,0.2247475087152414,0.7186988523426959,0.3876672765942785,relevance_minus_redundancy,,
5,"f1_w6,f5_w6,f3_w6,f7_w6,f4_w6",0.5810060685600448,0.3881136163700042,0.7740977003046791,0.3869492603750427,relevance_minus_redundancy,,
3,"f3_w6,f8_w6,f4_w6",0.4442307250747108,0.11540954630937154,0.21333927556241727,0.38652595192002503,relevance_minus_redundancy,,
3,"f1_w6,f5_w6,f3_w6",0.7431063010364146,0.7148130422753313,0.7740977003046791,0.385699779898749,relevance_minus_redundancy,,
5,"f1_w6,f5_w6,f3_w6,f8_w6,f4_w6",0.5721671920811159,0.3730911462985153,0.7740977003046791,0.3856216189318582,relevance_minus_redundancy,,
3,"f1_w6,f7_w6,f2_w6",0.5349207641243582,0.29878901839046246,0.6290671185497521,0.38552625492912695,relevance_minus_redundancy,,
3,"f1_w6,f2_w6,f6_w6",0.44068615671034483,0.11060140000171165,0.196490480601088,0.385385456709489,relevance_minus_redundancy,,
2,"f3_w6,f6_w6",0.4565102044550229,0.1460685047809008,0.1460685047809008,0.38347595206457247,relevance_minus_redundancy,,
4,"f1_w6,f3_w6,f7_w6,f2_w6",0.5764843525752179,0.38688916281484403,0.7740977003046791,0.38303977116779586,relevance_minus_redundancy,,
3,"f1_w6,f7_w6,f10_w6",0.5070387776759507,0.24940566452317292,0.6290671185497521,0.3823359454143643,relevance_minus_redundancy,,
5,"f1_w6,f5_w6,f3_w6,f7_w6,f10_w6",0.5862160138295538,0.4084800110390989,0.7740977003046791,0.38197600831000433,relevance_minus_redundancy,,
4,"f5_w6,f3_w6,f7_w6,f4_w6",0.5214187939527243,0.2794196071331377,0.651642574178619,0.38170899038615547,relevance_minus_redundancy,,
3,"f1_w6,f3_w6,f9_w6",0.57826177831452,0.3933157616920895,0.7740977003046791,0.38160389746847523,relevance_minus_redundancy,,
4,"f1_w6,f3_w6,f6_w6,f4_w6",0.4783844755915159,0.1937667590181775,0.7740977003046791,0.38150109608242716,relevance_minus_redundancy,,
5,"f1_w6,f5_w6,f3_w6,f10_w6,f4_w6",0.5235386564780342,0.2841684796665199,0.7740977003046791,0.38145441664477425,relevance_minus_redundancy,,
4,"f1_w6,f5_w6,f3_w6,f2_w6",0.6300442288171757,0.49756527394657696,0.7740977003046791,0.3812615918438872,relevance_minus_redundancy,,
5,"f1_w6,f5_w6,f3_w6,f2_w6,f4_w6",0.5402678483470787,0.31816410624653313,0.7740977003046791,0.3811857952238122,relevance_minus_redundancy,,
4,"f1_w6,f3_w6,f8_w6,f2_w6",0.5654357569765567,0.36933275842411395,0.7740977003046791,0.3807693777644997,relevance_minus_redundancy,,
3,"f1_w6,f8_w6,f2_w6",0.5201893033261433,0.27895739830742444,0.5619250803570098,0.3807106041724311,relevance_minus_redundancy,,
3,"f5_w6,f3_w6,f8_w6",0.6201061556498538,0.4794921092701583,0.651642574178619,0.3803601010147747,relevance_minus_redundancy,,
3,"f5_w6,f3_w6,f7_w6",0.6348376164480688,0.5103180824155032,0.651642574178619,0.3796785752403172,relevance_minus_redundancy,,
2,"f5_w6,f3_w6",0.7049818680599587,0.651642574178619,0.651642574178619,0.37916058097064914,relevance_minus_redundancy,,
4,"f1_w6,f5_w6,f3_w6,f8_w6",0.6699184084847221,0.5821996601358099,0.7740977003046791,0.3788185784168171,relevance_minus_redundancy,,
3,"f5_w6,f3_w6,f10_w6",0.5390585963113846,0.3214916303687347,0.651642574178619,0.3783127811270173,relevance_minus_redundancy,,
4,"f5_w6,f3_w6,f8_w6,f4_w6",0.510370198354063,0.26557249671277994,0.651642574178619,0.3775839499976731,relevance_minus_redundancy,,
2,"f1_w6,f9_w6",0.5168051085078814,0.2790741425735547,0.2790741425735547,0.3772680372211041,relevance_minus_redundancy,,
3,"f1_w6,f3_w6,f2_w6",0.6037960990255277,0.4540918535536937,0.7740977003046791,0.3767501722486808,relevance_minus_redundancy,,
4,"f1_w6,f5_w6,f3_w6,f7_w6",0.6809670040833832,0.6088029864072727,0.7740977003046791,0.3765655108797468,relevance_minus_redundancy,,
3,"f3_w6,f7_w6,f2_w6",0.4955274144371817,0.24055989247784837,0.391687379755314,0.3752474681982575,relevance_minus_redundancy,,
5,"f1_w6,f5_w6,f3_w6,f7_w6,f2_w6",0.6029452056985983,0.45645798913176516,0.7740977003046791,0.37471621113271575,relevance_minus_redundancy,,
4,"f1_w6,f3_w6,f10_w6,f4_w6",0.47722616604951285,0.20749102116298201,0.7740977003046791,0.37348065546802184,relevance_minus_redundancy,,
5,"f1_w6,f5_w6,f3_w6,f8_w6,f2_w6",0.5941063292196694,0.4412607111632503,0.7740977003046791,0.3734759736380443,relevance_minus_redundancy,,
2,"f5_w6,f2_w6",0.4998233151757896,0.2527746564970657,0.2527746564970657,0.37343598692725677,relevance_minus_redundancy,,
2,"f1_w6,f3_w6",0.7602651424585619,0.7740977003046791,0.7740977003046791,0.3732162923062224,relevance_minus_redundancy,,
4,"f1_w6,f3_w6,f8_w6,f10_w6",0.544524267140251,0.34284284503823675,0.7740977003046791,0.37310284462113263,relevance_minus_redundancy,,
4,"f5_w6,f3_w6,f7_w6,f10_w6",0.5279312255396107,0.30969998676191934,0.651642574178619,0.373081232158651,relevance_minus_redundancy,,
4,"f1_w6,f5_w6,f10_w6,f4_w6",0.47912954111559364,0.21528530056408846,0.7186988523426959,0.3714868908335494,relevance_minus_redundancy,,
3,"f1_w6,f2_w6,f4_w6",0.4304585018718256,0.1183140847837264,0.196490480601088,0.3713014594799624,relevance_minus_redundancy,,
4,"f1_w6,f5_w6,f7_w6,f2_w6",0.5783877276412986,0.4146615659035593,0.7186988523426959,0.371056944689519,relevance_minus_redundancy,,
6,"f1_w6,f5_w6,f3_w6,f7_w6,f2_w6,f4_w6",0.5326480591599471,0.32457300404133727,0.7740977003046791,0.37036155713927843,relevance_minus_redundancy,,
4,"f1_w6,f3_w6,f2_w6,f4_w6",0.4981376558858185,0.25607594839107384,0.7740977003046791,0.37009968169028157,relevance_minus_redundancy,,
5,"f1_w6,f5_w6,f3_w6,f9_w6,f4_w6",0.5249472559204742,0.3105407459469824,0.7740977003046791,0.369676882946983,relevance_minus_redundancy,,
6,"f1_w6,f5_w6,f3_w6,f7_w6,f10_w6,f4_w6",0.5187070659357433,0.29814951301312015,0.7740977003046791,0.36963230942918324,relevance_minus_redundancy,,
4,"f1_w6,f5_w6,f7_w6,f4_w6",0.5509638062181067,0.36341411527063155,0.7186988523426959,0.3692567485827909,relevance_minus_redundancy,,
4,"f1_w6,f5_w6,f8_w6,f2_w6",0.5673391320426375,0.3969733636385789,0.7186988523426959,0.3688524502233481,relevance_minus_redundancy,,
4,"f1_w6,f3_w6,f2_w6,f6_w6",0.5058083970147079,0.2739429641410048,0.7740977003046791,0.36883691494420556,relevance_minus_redundancy,,
4,"f1_w6,f5_w6,f3_w6,f9_w6",0.61089348828392,0.4849793775266947,0.7740977003046791,0.3684037995205727,relevance_minus_redundancy,,
5,"f1_w6,f3_w6,f7_w6,f10_w6,f4_w6",0.48069075548446805,0.22553751940992878,0.7740977003046791,0.3679219957795037,relevance_minus_redundancy,,
4,"f1_w6,f3_w6,f9_w6,f10_w6",0.48549934693944913,0.23515697648134193,0.7740977003046791,0.36792085869877816,relevance_minus_redundancy,,
6,"f1_w6,f5_w6,f3_w6,f8_w6,f2_w6,f4_w6",0.5252823287608397,0.3150678358565866,0.7740977003046791,0.3677484108325464,relevance_minus_redundancy,,
5,"f1_w6,f3_w6,f7_w6,f2_w6,f4_w6",0.4974199473535125,0.2603280857090965,0.7740977003046791,0.3672559044989643,relevance_minus_redundancy,,
5,"f1_w6,f5_w6,f3_w6,f8_w6,f10_w6",0.5773771373506249,0.4205220928885659,0.7740977003046791,0.36711609090634195,relevance_minus_redundancy,,
4,"f1_w6,f5_w6,f8_w6,f4_w6",0.5399152106194455,0.3460172595006945,0.7186988523426959,0.3669065808690982,relevance_minus_redundancy,,
3,"f3_w6,f8_w6,f2_w6",0.48079595363896677,0.2278277630939689,0.391687379755314,0.3668820720919823,relevance_minus_redundancy,,
4,"f1_w6,f5_w6,f7_w6,f10_w6",0.557476237804993,0.3818954385646511,0.7186988523426959,0.36652851852266743,relevance_minus_redundancy,,
3,"f1_w6,f6_w6,f4_w6",0.40412092814608885,0.07556866436273817,0.10506635685088309,0.3663365959647198,relevance_minus_redundancy,,
4,"f1_w6,f3_w6,f9_w6,f4_w6",0.47898691535256277,0.2255681983809028,0.7740977003046791,0.36620281616211137,relevance_minus_redundancy,,
5,"f1_w6,f5_w6,f3_w6,f6_w6,f4_w6",0.5244653041116367,0.3179479028716527,0.7740977003046791,0.36549135267581034,relevance_minus_redundancy,,
4,"f1_w6,f3_w6,f6_w6,f10_w6",0.4848969071784023,0.24079504181938918,0.7740977003046791,0.3644993862687077,relevance_minus_redundancy,,
5,"f1_w6,f3_w6,f8_w6,f2_w6,f4_w6",0.4885810708745836,0.25073376876604725,0.7740977003046791,0.36321418649155995,relevance_minus_redundancy,,
5,"f1_w6,f5_w6,f3_w6,f9_w6,f10_w6",0.5301572011899832,0.33451987930374355,0.7740977003046791,0.3628972615381114,relevance_minus_redundancy,,
3,"f1_w6,f7_w6,f4_w6",0.4983555355601022,0.2731959062567929,0.6290671185497521,0.36175758243170575,relevance_minus_redundancy,,
4,"f5_w6,f3_w6,f7_w6,f2_w6",0.5488427153759163,0.37437095658657277,0.651642574178619,0.36165723708263,relevance_minus_redundancy,,
5,"f1_w6,f5_w6,f7_w6,f2_w6,f4_w6",0.4989426474063771,0.2776256208788493,0.7186988523426959,0.36012983696695244,relevance_minus_redundancy,,
4,"f1_w6,f5_w6,f3_w6,f6_w6",0.6102910485228732,0.5033402912405696,0.7740977003046791,0.3586209029025884,relevance_minus_redundancy,,
6,"f1_w6,f5_w6,f3_w6,f8_w6,f10_w6,f4_w6",0.511341335536636,0.3068039180403574,0.7740977003046791,0.35793937651645724,relevance_minus_redundancy,,
4,"f5_w6,f3_w6,f8_w6,f2_w6",0.5377941197772551,0.36023249967117166,0.651642574178619,0.3576778699416693,relevance_minus_redundancy,,
2,"f7_w6,f2_w6",0.39270356269187395,0.07080945602054732,0.07080945602054732,0.3572988346816003,relevance_minus_redundancy,,
6,"f1_w6,f5_w6,f3_w6,f7_w6,f2_w6,f10_w6",0.5369896802178713,0.3597400181225112,0.7740977003046791,0.3571196711566157,relevance_minus_redundancy,,
3,"f1_w6,f8_w6,f4_w6",0.48362407476188735,0.25394697916384174,0.5619250803570098,0.3566505851799665,relevance_minus_redundancy,,
5,"f1_w6,f5_w6,f8_w6,f2_w6,f4_w6",0.4901037709274482,0.2679522252112499,0.7186988523426959,0.35612765832182325,relevance_minus_redundancy,,
2,"f5_w6,f10_w6",0.45800033550317837,0.20432795406548496,0.20432795406548496,0.3558363584704359,relevance_minus_redundancy,,
5,"f1_w6,f5_w6,f3_w6,f2_w6,f10_w6",0.5454777936165878,0.38024986678020567,0.7740977003046791,0.35535286022648493,relevance_minus_redundancy,,
5,"f1_w6,f3_w6,f7_w6,f2_w6,f10_w6",0.5026298926230216,0.2948527403343596,0.7740977003046791,0.3552035224558418,relevance_minus_redundancy,,
3,"f1_w6,f5_w6,f9_w6",0.5807996117359611,0.4524535161596117,0.7186988523426959,0.3545728536561552,relevance_minus_redundancy,,
2,"f1_w6,f8_w6",0.6348549489094855,0.5619250803570098,0.5619250803570098,0.35389240873098055,relevance_minus_redundancy,,
4,"f5_w6,f3_w6,f2_w6,f4_w6",0.47049601868651686,0.23493319658546327,0.651642574178619,0.3530294203937852,relevance_minus_redundancy,,
4,"f5_w6,f3_w6,f10_w6,f4_w6",0.4495845288502112,0.19356614594856514,0.651642574178619,0.35280145587592865,relevance_minus_redundancy,,
4,"f1_w6,f5_w6,f9_w6,f4_w6",0.48089029041864356,0.2561938978088701,0.7186988523426959,0.3527933415142085,relevance_minus_redundancy,,
6,"f1_w6,f5_w6,f3_w6,f7_w6,f8_w6,f4_w6",0.559230845604978,0.4138122818205002,0.8601282221881698,0.35232470469472793,relevance_minus_redundancy,,
5,"f5_w6,f3_w6,f7_w6,f2_w6,f4_w6",0.47530663759407127,0.24674860591177555,0.651642574178619,0.3519323346381835,relevance_minus_redundancy,,
5,"f1_w6,f5_w6,f3_w6,f2_w6,f6_w6",0.5464044412501903,0.38912416268500494,0.7740977003046791,0.3518423599076878,relevance_minus_redundancy,,
3,"f5_w6,f3_w6,f9_w6",0.5414062620487845,0.37933518997974613,0.651642574178619,0.35173866705891144,relevance_minus_redundancy,,
4,"f1_w6,f3_w6,f8_w6,f6_w6",0.5456825766822542,0.3889455758886837,0.7740977003046791,0.3512097887379123,relevance_minus_redundancy,,
3,"f5_w6,f3_w6,f2_w6",0.5669405827597921,0.43203487014366626,0.651642574178619,0.35092314768795896,relevance_minus_redundancy,,
4,"f1_w6,f3_w6,f7_w6,f6_w6",0.5567311722809154,0.4122913558140366,0.7740977003046791,0.3505854943738971,relevance_minus_redundancy,,
3,"f1_w6,f5_w6,f8_w6",0.6594995053370304,0.6180394702563814,0.7186988523426959,0.3504797702088397,relevance_minus_redundancy,,
5,"f5_w6,f3_w6,f7_w6,f10_w6,f4_w6",0.4585774457250268,0.2162887655673241,0.651642574178619,0.3504330629413647,relevance_minus_redundancy,,
5,"f1_w6,f3_w6,f8_w6,f10_w6,f4_w6",0.47185187900553904,0.24318256228486151,0.7740977003046791,0.35026059786310826,relevance_minus_redundancy,,
3,"f3_w6,f8_w6,f10_w6",0.45291396719055926,0.20543259031512892,0.2944541325208695,0.3501976720329948,relevance_minus_redundancy,,
4,"f1_w6,f5_w6,f2_w6,f10_w6",0.5065534625387856,0.31276110845022415,0.7186988523426959,0.35017290831367354,relevance_minus_redundancy,,
4,"f1_w6,f7_w6,f2_w6,f4_w6",0.44648115470994143,0.19376409657300275,0.6290671185497521,0.34959910642344005,relevance_minus_redundancy,,
5,"f1_w6,f3_w6,f7_w6,f8_w6,f2_w6",0.5512584282261032,0.40351841889608364,0.8601282221881698,0.34949921877806134,relevance_minus_redundancy,,
6,"f1_w6,f5_w6,f3_w6,f7_w6,f8_w6,f2_w6",0.577513459887106,0.4567949054305908,0.8601282221881698,0.34911600717181057,relevance_minus_redundancy,,
5,"f1_w6,f5_w6,f7_w6,f10_w6,f4_w6",0.48221345553733264,0.2663086860258449,0.7186988523426959,0.3490591125244102,relevance_minus_redundancy,,
6,"f1_w6,f5_w6,f3_w6,f9_w6,f10_w6,f4_w6",0.4719913887361012,0.24665695512643337,0.7740977003046791,0.3486629111728845,relevance_minus_redundancy,,
5,"f1_w6,f3_w6,f7_w6,f8_w6,f4_w6",0.5293192910875496,0.3621150202206036,0.8601282221881698,0.3482617809772478,relevance_minus_redundancy,,
5,"f1_w6,f3_w6,f2_w6,f6_w6,f4_w6",0.4408791829051045,0.1856722701064633,0.7740977003046791,0.3480430478518729,relevance_minus_redundancy,,
6,"f1_w6,f5_w6,f3_w6,f2_w6,f6_w6,f4_w6",0.48553075545294044,0.2750917221446107,0.7740977003046791,0.34798489438063507,relevance_minus_redundancy,,
7,"f1_w6,f5_w6,f3_w6,f7_w6,f8_w6,f2_w6,f4_w6",0.5208918693984753,0.34633808372341407,0.8601282221881698,0.3477228275367683,relevance_minus_redundancy,,
4,"f1_w6,f5_w6,f6_w6,f4_w6",0.4802878506575967,0.26532364891950955,0.7186988523426959,0.34762602619784194,relevance_minus_redundancy,,
5,"f1_w6,f5_w6,f3_w6,f6_w6,f10_w6",0.5296752493811459,0.3643907390488775,0.7740977003046791,0.34747987985670714,relevance_minus_redundancy,,
5,"f1_w6,f5_w6,f3_w6,f2_w6,f9_w6",0.5468863930590278,0.3991415560735888,0.7740977003046791,0.34731561502223335,relevance_minus_redundancy,,
4,"f5_w6,f3_w6,f9_w6,f4_w6",0.45134527815326114,0.20846365242413425,0.651642574178619,0.34711345194119403,relevance_minus_redundancy,,
4,"f1_w6,f5_w6,f2_w6,f6_w6",0.5077117720807887,0.3212909113050893,0.7186988523426959,0.34706631642824404,relevance_minus_redundancy,,
4,"f1_w6,f5_w6,f9_w6,f10_w6",0.4874027220055299,0.2806964522490005,0.7186988523426959,0.34705449588102966,relevance_minus_redundancy,,
5,"f5_w6,f3_w6,f8_w6,f2_w6,f4_w6",0.4664677611151423,0.23920505745392373,0.651642574178619,0.34686523238818046,relevance_minus_redundancy,,
3,"f1_w6,f9_w6,f10_w6",0.41360742327666644,0.13385478450774593,0.2790741425735547,0.3466800310227935,relevance_minus_redundancy,,
7,"f1_w6,f5_w6,f3_w6,f7_w6,f2_w6,f10_w6,f4_w6",0.4861572011105598,0.2790114181280706,0.7740977003046791,0.3466514920465245,relevance_minus_redundancy,,
4,"f5_w6,f3_w6,f8_w6,f10_w6",0.5168826299409495,0.3409604628764882,0.651642574178619,0.3464023985027054,relevance_minus_redundancy,,
3,"f1_w6,f5_w6,f7_w6",0.6742309661352452,0.655964934100885,0.7186988523426959,0.34624849908480276,relevance_minus_redundancy,,
6,"f1_w6,f5_w6,f3_w6,f2_w6,f10_w6,f4_w6",0.48475854909160504,0.2771914950758223,0.7740977003046791,0.3461628015536939,relevance_minus_redundancy,,
5,"f1_w6,f3_w6,f7_w6,f6_w6,f4_w6",0.48161740311807055,0.2718881877573359,0.7740977003046791,0.3456733092394026,relevance_minus_redundancy,,
6,"f1_w6,f5_w6,f3_w6,f8_w6,f2_w6,f10_w6",0.5296239498187639,0.36827788455173116,0.7740977003046791,0.34548500754289835,relevance_minus_redundancy,,
5,"f1_w6,f3_w6,f7_w6,f2_w6,f6_w6",0.5035565402566241,0.3162982813814333,0.7740977003046791,0.3454073995659075,relevance_minus_redundancy,,
3,"f1_w6,f10_w6,f4_w6",0.40257651542341805,0.11553856929194739,0.15912433954940838,0.34480723077744435,relevance_minus_redundancy,,
6,"f1_w6,f5_w6,f3_w6,f7_w6,f8_w6,f10_w6",0.5635724666629022,0.43920941993925955,0.8601282221881698,0.3439677566932724,relevance_minus_redundancy,,
6,"f1_w6,f5_w6,f3_w6,f2_w6,f9_w6,f4_w6",0.48593238196030497,0.2841762452727697,0.7740977003046791,0.34384425932392015,relevance_minus_redundancy,,
2,"f7_w6,f10_w6",0.35088058301926267,0.014413356397421648,0.014413356397421648,0.3436739048205518,relevance_minus_redundancy,,
5,"f1_w6,f5_w6,f7_w6,f2_w6,f10_w6",0.5041525926758862,0.32109854130792725,0.7186988523426959,0.34360332202192256,relevance_minus_redundancy,,
5,"f1_w6,f3_w6,f7_w6,f8_w6,f10_w6",0.5345292363570586,0.3819848609022448,0.8601282221881698,0.3435368059059362,relevance_minus_redundancy,,
3,"f1_w6,f6_w6,f10_w6",0.41280417026193733,0.1386998943228852,0.20629680749542753,0.3434542231004947,relevance_minus_redundancy,,
5,"f1_w6,f3_w6,f8_w6,f6_w6,f4_w6",0.47277852663914155,0.25882024549351307,0.7740977003046791,0.343368403892385,relevance_minus_redundancy,,
5,"f1_w6,f3_w6,f8_w6,f2_w6,f6_w6",0.4947176637776951,0.3030555312205844,0.7740977003046791,0.3431898981674029,relevance_minus_redundancy,,
4,"f1_w6,f8_w6,f2_w6,f4_w6",0.43543255911128026,0.1854141626837985,0.5619250803570098,0.342725477769381,relevance_minus_redundancy,,
2,"f1_w6,f7_w6",0.6569521401068078,0.6290671185497521,0.6290671185497521,0.3424185808319318,relevance_minus_redundancy,,
6,"f1_w6,f3_w6,f7_w6,f8_w6,f2_w6,f4_w6",0.4895757445995345,0.2956194051062108,0.8601282221881698,0.34176604204642913,relevance_minus_redundancy,,
5,"f1_w6,f5_w6,f3_w6,f7_w6,f8_w6",0.6348445494326354,0.5861704974620672,0.8601282221881698,0.34175930070160176,relevance_minus_redundancy,,
4,"f1_w6,f5_w6,f8_w6,f10_w6",0.5464276422063319,0.4096061693296406,0.7186988523426959,0.34162455754151155,relevance_minus_redundancy,,
4,"f1_w6,f3_w6,f7_w6,f8_w6",0.6163585322427643,0.5496233731032854,0.8601282221881698,0.3415468456911216,relevance_minus_redundancy,,
5,"f1_w6,f3_w6,f7_w6,f6_w6,f10_w6",0.4868273483875796,0.2907699180261513,0.7740977003046791,0.3414423893745039,relevance_minus_redundancy,,
6,"f1_w6,f5_w6,f3_w6,f7_w6,f6_w6,f4_w6",0.5194792722970788,0.35705927890606853,0.7740977003046791,0.34094963284404456,relevance_minus_redundancy,,
3,"f5_w6,f7_w6,f2_w6",0.4980652478586227,0.31457098130927325,0.6201288314102067,0.3407797572039861,relevance_minus_redundancy,,
4,"f3_w6,f7_w6,f10_w6,f4_w6",0.39602465260825337,0.11078650115307041,0.2591828416576838,0.34063140203171816,relevance_minus_redundancy,,
4,"f3_w6,f7_w6,f2_w6,f4_w6",0.416936142444559,0.1534784513218927,0.391687379755314,0.34019691678361264,relevance_minus_redundancy,,
7,"f1_w6,f5_w6,f3_w6,f7_w6,f8_w6,f10_w6,f4_w6",0.5089424466348721,0.33774975672976826,0.8601282221881698,0.34006756826998796,relevance_minus_redundancy,,
4,"f1_w6,f3_w6,f2_w6,f10_w6",0.5046500874727048,0.3291757717863652,0.7740977003046791,0.34006220157952216,relevance_minus_redundancy,,
6,"f1_w6,f5_w6,f3_w6,f6_w6,f10_w6,f4_w6",0.47158976222873666,0.2641646007540862,0.7740977003046791,0.33950746185169356,relevance_minus_redundancy,,
6,"f1_w6,f5_w6,f3_w6,f8_w6,f6_w6,f4_w6",0.5121135418979713,0.3452383605074688,0.7740977003046791,0.3394943616442369,relevance_minus_redundancy,,
4,"f1_w6,f3_w6,f2_w6,f9_w6",0.5064108367757547,0.33478532069248707,0.7740977003046791,0.33901817642951115,relevance_minus_redundancy,,
3,"f1_w6,f5_w6,f6_w6",0.5799963587212319,0.4827443227264061,0.7186988523426959,0.33862419735802884,relevance_minus_redundancy,,
4,"f1_w6,f5_w6,f2_w6,f9_w6",0.5083142118418356,0.3412020773832068,0.7186988523426959,0.3377131731502322,relevance_minus_redundancy,,
6,"f1_w6,f5_w6,f3_w6,f7_w6,f9_w6,f4_w6",0.5198808988044433,0.36447240951235743,0.7740977003046791,0.3376446940482646,relevance_minus_redundancy,,
5,"f1_w6,f3_w6,f8_w6,f2_w6,f10_w6",0.4937910161440926,0.3123229753122663,0.7740977003046791,0.33762952848795946,relevance_minus_redundancy,,
6,"f1_w6,f5_w6,f3_w6,f8_w6,f9_w6,f4_w6",0.5125151684053358,0.34981938221046627,0.7740977003046791,0.3376054773001027,relevance_minus_redundancy,,
5,"f1_w6,f3_w6,f9_w6,f10_w6,f4_w6",0.42463194284489747,0.17435281036466083,0.7740977003046791,0.3374555376625671,relevance_minus_redundancy,,
6,"f1_w6,f5_w6,f3_w6,f7_w6,f9_w6,f10_w6",0.5242225198623675,0.3742350054755905,0.7740977003046791,0.3371050171245722,relevance_minus_redundancy,,
5,"f1_w6,f3_w6,f6_w6,f10_w6,f4_w6",0.42414999103606005,0.1741262582638346,0.7740977003046791,0.3370868619041427,relevance_minus_redundancy,,
7,"f1_w6,f5_w6,f3_w6,f8_w6,f2_w6,f10_w6,f4_w6",0.4798437179113249,0.2855572873353177,0.7740977003046791,0.33706507424366605,relevance_minus_redundancy,,
6,"f1_w6,f5_w6,f3_w6,f7_w6,f2_w6,f6_w6",0.5377618865792068,0.4020463658152373,0.7740977003046791,0.3367387036715881,relevance_minus_redundancy,,
3,"f5_w6,f7_w6,f4_w6",0.46150001929436674,0.24998795700908405,0.6201288314102067,0.3365060407898247,relevance_minus_redundancy,,
6,"f1_w6,f3_w6,f7_w6,f2_w6,f10_w6,f4_w6",0.4490519649302998,0.22597317487299365,0.7740977003046791,0.336065377493803,relevance_minus_redundancy,,
4,"f5_w6,f3_w6,f9_w6,f10_w6",0.4578577097401475,0.24476526319902692,0.651642574178619,0.33547507814063404,relevance_minus_redundancy,,
6,"f1_w6,f5_w6,f3_w6,f8_w6,f2_w6,f6_w6",0.5303961561800993,0.3901089088186201,0.7740977003046791,0.33534170177078926,relevance_minus_redundancy,,
3,"f5_w6,f2_w6,f4_w6",0.3936029856060901,0.1168469565478586,0.2527746564970657,0.3351795073321608,relevance_minus_redundancy,,
5,"f5_w6,f3_w6,f7_w6,f8_w6,f4_w6",0.5072059813281082,0.3440640626049278,0.8601282221881698,0.3351739500256443,relevance_minus_redundancy,,
4,"f1_w6,f7_w6,f2_w6,f10_w6",0.4529935862968278,0.23584251979396983,0.6290671185497521,0.33507232639984286,relevance_minus_redundancy,,
7,"f1_w6,f5_w6,f3_w6,f7_w6,f2_w6,f6_w6,f4_w6",0.48681909227741876,0.3035045449078194,0.7740977003046791,0.33506681982350905,relevance_minus_redundancy,,
5,"f1_w6,f5_w6,f2_w6,f6_w6,f4_w6",0.4424018829579691,0.2147151317214377,0.7186988523426959,0.33504431709725024,relevance_minus_redundancy,,
7,"f1_w6,f5_w6,f3_w6,f7_w6,f8_w6,f2_w6,f10_w6",0.524613258876696,0.37989990926189277,0.8601282221881698,0.3346633042457496,relevance_minus_redundancy,,
5,"f1_w6,f3_w6,f7_w6,f9_w6,f10_w6",0.487309300196417,0.30591393165742653,0.7740977003046791,0.33435233436770373,relevance_minus_redundancy,,
4,"f1_w6,f7_w6,f10_w6,f4_w6",0.4255696648736358,0.18297698888992564,0.6290671185497521,0.33408117042867297,relevance_minus_redundancy,,
6,"f1_w6,f3_w6,f7_w6,f2_w6,f6_w6,f4_w6",0.44982417129163527,0.2322542320366317,0.7740977003046791,0.3336970552733194,relevance_minus_redundancy,,
5,"f1_w6,f5_w6,f3_w6,f8_w6,f6_w6",0.5783037849842274,0.4901977118908495,0.7740977003046791,0.33320492903880267,relevance_minus_redundancy,,
6,"f1_w6,f5_w6,f3_w6,f7_w6,f6_w6,f10_w6",0.5238208933550029,0.3817976767496107,0.7740977003046791,0.33292205498019756,relevance_minus_redundancy,,
7,"f1_w6,f5_w6,f3_w6,f8_w6,f2_w6,f6_w6,f4_w6",0.48050560907818385,0.2954251830966114,0.7740977003046791,0.3327930175298781,relevance_minus_redundancy,,
5,"f1_w6,f5_w6,f3_w6,f7_w6,f6_w6",0.5871426614631563,0.5088686151801379,0.7740977003046791,0.33270835387308734,relevance_minus_redundancy,,
3,"f5_w6,f8_w6,f2_w6",0.4833337870604078,0.3015752561768932,0.5734944780694384,0.3325461589719612,relevance_minus_redundancy,,
6,"f1_w6,f3_w6,f7_w6,f8_w6,f10_w6,f4_w6",0.47563475137533073,0.28682552747721207,0.8601282221881698,0.3322219876367247,relevance_minus_redundancy,,
3,"f1_w6,f9_w6,f4_w6",0.40492418116081796,0.14560256394914411,0.2790741425735547,0.33212289918624593,relevance_minus_redundancy,,
3,"f1_w6,f8_w6,f10_w6",0.4923073168777358,0.3203719105000748,0.5619250803570098,0.33212136162769845,relevance_minus_redundancy,,
5,"f1_w6,f5_w6,f3_w6,f8_w6,f9_w6",0.5787857367930649,0.49345985314169116,0.7740977003046791,0.3320558102222193,relevance_minus_redundancy,,
3,"f3_w6,f9_w6,f10_w6",0.3742140735894899,0.0843444991291576,0.12677544219803474,0.33204182402491106,relevance_minus_redundancy,,
5,"f5_w6,f3_w6,f7_w6,f2_w6,f10_w6",0.48051658286358034,0.2973009601417108,0.651642574178619,0.33186610279272494,relevance_minus_redundancy,,
5,"f5_w6,f3_w6,f8_w6,f10_w6,f4_w6",0.4497385692460978,0.23598457692745428,0.651642574178619,0.3317462807823707,relevance_minus_redundancy,,
4,"f1_w6,f2_w6,f6_w6,f4_w6",0.3758051991494314,0.0881901267147448,0.196490480601088,0.331710135792059,relevance_minus_redundancy,,
4,"f3_w6,f8_w6,f2_w6,f4_w6",0.40588754684589784,0.14867826278226773,0.391687379755314,0.331548415454764,relevance_minus_redundancy,,
5,"f1_w6,f5_w6,f8_w6,f10_w6,f4_w6",0.47337457905840374,0.2838746501762275,0.7186988523426959,0.33143725397029,relevance_minus_redundancy,,
2,"f8_w6,f2_w6",0.37060637149455156,0.07845663396417546,0.07845663396417546,0.3313780545124638,relevance_minus_redundancy,,
3,"f3_w6,f6_w6,f4_w6",0.3647275784589123,0.06689388241647141,0.1460685047809008,0.3312806372506766,relevance_minus_redundancy,,
5,"f1_w6,f5_w6,f2_w6,f10_w6,f4_w6",0.4414752353243667,0.22162120531013524,0.7186988523426959,0.33066463266929913,relevance_minus_redundancy,,
5,"f5_w6,f3_w6,f7_w6,f8_w6,f2_w6",0.5291451184666618,0.3971644349303637,0.8601282221881698,0.33056290100147995,relevance_minus_redundancy,,
7,"f1_w6,f5_w6,f3_w6,f7_w6,f9_w6,f10_w6,f4_w6",0.4752139208058423,0.2893307793575933,0.7740977003046791,0.33054853112704563,relevance_minus_redundancy,,
6,"f1_w6,f3_w6,f8_w6,f2_w6,f6_w6,f4_w6",0.4424584408925278,0.224052082390325,0.7740977003046791,0.33043239969736526,relevance_minus_redundancy,,
3,"f5_w6,f7_w6,f10_w6",0.4701832614102152,0.27962338062437114,0.6201288314102067,0.3303715710980296,relevance_minus_redundancy,,
5,"f1_w6,f5_w6,f3_w6,f7_w6,f9_w6",0.5876246132719938,0.5163789197859168,0.7740977003046791,0.3294351533790354,relevance_minus_redundancy,,
6,"f1_w6,f5_w6,f3_w6,f2_w6,f9_w6,f10_w6",0.49027400301822915,0.3217517518123881,0.7740977003046791,0.3293981271120351,relevance_minus_redundancy,,
3,"f3_w6,f9_w6,f4_w6",0.3655308314736414,0.07249416590103147,0.12677544219803474,0.3292837485231257,relevance_minus_redundancy,,
8,"f1_w6,f5_w6,f3_w6,f7_w6,f8_w6,f2_w6,f10_w6,f4_w6",0.48168189232544545,0.30564995038507103,0.8601282221881698,0.32885691713290993,relevance_minus_redundancy,,
6,"f1_w6,f3_w6,f7_w6,f8_w6,f2_w6,f10_w6",0.4939173656574587,0.33045538319574924,0.8601282221881698,0.32868967405958405,relevance_minus_redundancy,,
5,"f1_w6,f3_w6,f2_w6,f9_w6,f4_w6",0.441361134713942,0.22578707534100734,0.7740977003046791,0.3284675970434383,relevance_minus_redundancy,,
6,"f1_w6,f5_w6,f7_w6,f2_w6,f10_w6,f4_w6",0.4503208816410203,0.2438931043997212,0.7186988523426959,0.3283743294411597,relevance_minus_redundancy,,
7,"f1_w6,f5_w6,f3_w6,f7_w6,f6_w6,f10_w6,f4_w6",0.47486966951381554,0.29301392964681977,0.7740977003046791,0.3283627046904056,relevance_minus_redundancy,,
4,"f3_w6,f7_w6,f8_w6,f2_w6",0.48423424353529726,0.31226730152471793,0.8601282221881698,0.3281005927729383,relevance_minus_redundancy,,
6,"f1_w6,f5_w6,f3_w6,f8_w6,f9_w6,f10_w6",0.5168567894632601,0.37762501278766997,0.7740977003046791,0.3280442830694251,relevance_minus_redundancy,,
3,"f5_w6,f8_w6,f4_w6",0.4467685584961518,0.23757492486679085,0.5734944780694384,0.3279810960627564,relevance_minus_redundancy,,
7,"f1_w6,f5_w6,f3_w6,f7_w6,f2_w6,f9_w6,f4_w6",0.4871633435694455,0.31881580087274425,0.7740977003046791,0.32775544313307337,relevance_minus_redundancy,,
5,"f1_w6,f5_w6,f2_w6,f9_w6,f4_w6",0.44288383476680665,0.2302712226719629,0.7186988523426959,0.3277482234308252,relevance_minus_redundancy,,
6,"f1_w6,f5_w6,f3_w6,f8_w6,f2_w6,f9_w6",0.5307977826874638,0.40630629739712043,0.7740977003046791,0.3276446339889036,relevance_minus_redundancy,,
6,"f1_w6,f5_w6,f3_w6,f7_w6,f2_w6,f9_w6",0.5381635130865713,0.42107586329702895,0.7740977003046791,0.3276255814380568,relevance_minus_redundancy,,
6,"f5_w6,f3_w6,f7_w6,f8_w6,f2_w6,f4_w6",0.4711479864666667,0.2873377117554921,0.8601282221881698,0.32747913058892064,relevance_minus_redundancy,,
5,"f1_w6,f3_w6,f7_w6,f9_w6,f4_w6",0.482099354926908,0.3094959042090747,0.7740977003046791,0.32735140282237063,relevance_minus_redundancy,,
5,"f1_w6,f3_w6,f8_w6,f9_w6,f4_w6",0.47326047844797897,0.29217979859031484,0.7740977003046791,0.32717057915282155,relevance_minus_redundancy,,
4,"f1_w6,f3_w6,f8_w6,f9_w6",0.546285016443301,0.4385291788772622,0.7740977003046791,0.3270204270046698,relevance_minus_redundancy,,
3,"f3_w6,f7_w6,f8_w6",0.5486929873272434,0.444216779802757,0.8601282221881698,0.3265845974258649,relevance_minus_redundancy,,
7,"f1_w6,f5_w6,f3_w6,f8_w6,f2_w6,f9_w6,f4_w6",0.4808498603702106,0.3087135041306138,0.7740977003046791,0.3264931083049037,relevance_minus_redundancy,,
5,"f1_w6,f5_w6,f8_w6,f2_w6,f10_w6",0.4953137161969573,0.3384896975612838,0.7186988523426959,0.3260688674163154,relevance_minus_redundancy,,
6,"f1_w6,f5_w6,f3_w6,f2_w6,f6_w6,f10_w6",0.4898723765108646,0.3276430305645381,0.7740977003046791,0.3260508612285956,relevance_minus_redundancy,,
4,"f5_w6,f3_w6,f6_w6,f4_w6",0.4507428383922143,0.2498102115856967,0.651642574178619,0.32583773259936594,relevance_minus_redundancy,,
4,"f3_w6,f7_w6,f8_w6,f4_w6",0.45681032211210526,0.2622175755484177,0.8601282221881698,0.3257015343378964,relevance_minus_redundancy,,
5,"f1_w6,f3_w6,f8_w6,f6_w6,f10_w6",0.47798847190865057,0.3047665276832844,0.7740977003046791,0.3256052080670084,relevance_minus_redundancy,,
6,"f1_w6,f3_w6,f7_w6,f6_w6,f10_w6,f4_w6",0.4358831780674315,0.22079715083333745,0.7740977003046791,0.32548460265076273,relevance_minus_redundancy,,
6,"f1_w6,f5_w6,f7_w6,f8_w6,f2_w6,f4_w6",0.490844661310255,0.33116144205318077,0.8601282221881698,0.3252639402836646,relevance_minus_redundancy,,
5,"f1_w6,f5_w6,f9_w6,f10_w6,f4_w6",0.42615464289776217,0.20231058914177966,0.7186988523426959,0.32499934832687233,relevance_minus_redundancy,,
5,"f1_w6,f5_w6,f7_w6,f8_w6,f2_w6",0.5527811282789677,0.45619738100001495,0.8601282221881698,0.3246824377789603,relevance_minus_redundancy,,
5,"f1_w6,f3_w6,f2_w6,f10_w6,f4_w6",0.439952535271502,0.23083590999529618,0.7740977003046791,0.32453458027385396,relevance_minus_redundancy,,
4,"f5_w6,f3_w6,f7_w6,f8_w6",0.5887168950434626,0.5296527038444225,0.8601282221881698,0.3238905431212513,relevance_minus_redundancy,,
4,"f1_w6,f5_w6,f6_w6,f10_w6",0.4868002822444831,0.3272657080604126,0.7186988523426959,0.3231674282142768,relevance_minus_redundancy,,
4,"f5_w6,f7_w6,f2_w6,f4_w6",0.4188395175106398,0.19154081793181124,0.6201288314102067,0.3230691085447342,relevance_minus_redundancy,,
5,"f1_w6,f3_w6,f2_w6,f6_w6,f10_w6",0.4460891281746136,0.24627336623985663,0.7740977003046791,0.3229524450546853,relevance_minus_redundancy,,
4,"f1_w6,f3_w6,f7_w6,f9_w6",0.5573336120419622,0.4689552310608434,0.7740977003046791,0.3228559965115405,relevance_minus_redundancy,,
7,"f1_w6,f5_w6,f3_w6,f8_w6,f9_w6,f10_w6,f4_w6",0.4689004376066074,0.29219960633831144,0.7740977003046791,0.32280063443745166,relevance_minus_redundancy,,
6,"f1_w6,f3_w6,f8_w6,f2_w6,f10_w6,f4_w6",0.4416862345311923,0.238246348652524,0.7740977003046791,0.3225630602049303,relevance_minus_redundancy,,
6,"f1_w6,f5_w6,f3_w6,f8_w6,f6_w6,f10_w6",0.5164551629558956,0.38801979296498157,0.7740977003046791,0.32244526647340477,relevance_minus_redundancy,,
5,"f5_w6,f3_w6,f7_w6,f8_w6,f10_w6",0.5124159265976174,0.3799616028912411,0.8601282221881698,0.3224351251519968,relevance_minus_redundancy,,
3,"f1_w6,f2_w6,f10_w6",0.4391417439876741,0.2335883959320327,0.3995381885726651,0.3223475460216577,relevance_minus_redundancy,,
7,"f1_w6,f5_w6,f3_w6,f7_w6,f2_w6,f6_w6,f10_w6",0.4905404817556395,0.3365958416782859,0.7740977003046791,0.3222425609164966,relevance_minus_redundancy,,
3,"f1_w6,f2_w6,f9_w6",0.44148940972507394,0.23871713396563152,0.2790741425735547,0.32213084274225817,relevance_minus_redundancy,,
4,"f1_w6,f7_w6,f2_w6,f6_w6",0.45415189583883087,0.26532439788595913,0.6290671185497521,0.3214896968958513,relevance_minus_redundancy,,
7,"f1_w6,f5_w6,f3_w6,f2_w6,f9_w6,f10_w6,f4_w6",0.44611519208229516,0.250315654051947,0.7740977003046791,0.32095736505632166,relevance_minus_redundancy,,
6,"f1_w6,f3_w6,f7_w6,f2_w6,f6_w6,f10_w6",0.45416579234955945,0.2664314698509528,0.7740977003046791,0.32095005742408306,relevance_minus_redundancy,,
5,"f1_w6,f3_w6,f8_w6,f9_w6,f10_w6",0.47847042371748805,0.31566237795962254,0.7740977003046791,0.32063923473767675,relevance_minus_redundancy,,
7,"f1_w6,f5_w6,f3_w6,f7_w6,f2_w6,f9_w6,f10_w6",0.4908847330476663,0.3412100963001328,0.7740977003046791,0.32027968489759984,relevance_minus_redundancy,,
4,"f3_w6,f7_w6,f2_w6,f10_w6",0.42344857403144537,0.20735593087762197,0.3995381885726651,0.3197706085926344,relevance_minus_redundancy,,
6,"f1_w6,f3_w6,f7_w6,f9_w6,f10_w6,f4_w6",0.436284804574796,0.23329942078995733,0.7740977003046791,0.31963509417981734,relevance_minus_redundancy,,
6,"f1_w6,f5_w6,f3_w6,f9_w6,f6_w6,f4_w6",0.47276359509743665,0.30630139164592834,0.7740977003046791,0.31961289927447245,relevance_minus_redundancy,,
7,"f1_w6,f5_w6,f3_w6,f8_w6,f6_w6,f10_w6,f4_w6",0.4685561863145806,0.2979056915584603,0.7740977003046791,0.31960334053535044,relevance_minus_redundancy,,
4,"f1_w6,f3_w6,f9_w6,f6_w6",0.4866576564814522,0.3342846924627479,0.7740977003046791,0.3195153102500783,relevance_minus_redundancy,,
7,"f1_w6,f5_w6,f3_w6,f2_w6,f6_w6,f10_w6,f4_w6",0.4457709407902684,0.2528049525398377,0.7740977003046791,0.31936846452034956,relevance_minus_redundancy,,
6,"f5_w6,f3_w6,f7_w6,f2_w6,f10_w6,f4_w6",0.43062420679743213,0.223559617370989,0.651642574178619,0.31884439811193765,relevance_minus_redundancy,,
5,"f1_w6,f3_w6,f7_w6,f2_w6,f9_w6",0.5040384920654615,0.3713305481464262,0.7740977003046791,0.3183732179922484,relevance_minus_redundancy,,
5,"f1_w6,f3_w6,f8_w6,f2_w6,f9_w6",0.4951996155865325,0.3538396346306402,0.7740977003046791,0.31827979827121244,relevance_minus_redundancy,,
7,"f1_w6,f3_w6,f7_w6,f8_w6,f2_w6,f10_w6,f4_w6",0.44923807434449187,0.2626219988151415,0.8601282221881698,0.31792707493692113,relevance_minus_redundancy,,
4,"f1_w6,f8_w6,f2_w6,f6_w6",0.4431033002401697,0.25089374196708875,0.5619250803570098,0.3176564292566253,relevance_minus_redundancy,,
4,"f3_w6,f7_w6,f8_w6,f10_w6",0.4633227536989916,0.2916703651981103,0.8601282221881698,0.31748757109993647,relevance_minus_redundancy,,
8,"f1_w6,f5_w6,f3_w6,f7_w6,f2_w6,f6_w6,f10_w6,f4_w6",0.451868212344521,0.27037632037960935,0.7740977003046791,0.31668005215471634,relevance_minus_redundancy,,
6,"f5_w6,f3_w6,f7_w6,f8_w6,f10_w6,f4_w6",0.45720699324246294,0.28143098476297085,0.8601282221881698,0.31649150086097755,relevance_minus_redundancy,,
5,"f1_w6,f5_w6,f7_w6,f8_w6,f4_w6",0.5308419911404142,0.4293193479668833,0.8601282221881698,0.31618231715697254,relevance_minus_redundancy,,
8,"f1_w6,f5_w6,f3_w6,f7_w6,f8_w6,f2_w6,f6_w6,f4_w6",0.482261047096447,0.3325455956468593,0.8601282221881698,0.3159882492730174,relevance_minus_redundancy,,
3,"f3_w6,f10_w6,f4_w6",0.3631831657362415,0.09445235278225972,0.15912433954940838,0.3159569893451116,relevance_minus_redundancy,,
5,"f5_w6,f3_w6,f9_w6,f10_w6,f4_w6",0.4025186330854562,0.1740492263349137,0.651642574178619,0.31549401991799936,relevance_minus_redundancy,,
6,"f1_w6,f5_w6,f8_w6,f2_w6,f10_w6,f4_w6",0.4429551512419129,0.25611355902955146,0.7186988523426959,0.3148983717271372,relevance_minus_redundancy,,
5,"f1_w6,f5_w6,f7_w6,f2_w6,f6_w6",0.5050792403094887,0.38080164865513627,0.7186988523426959,0.3146784159819206,relevance_minus_redundancy,,
5,"f1_w6,f3_w6,f9_w6,f6_w6,f4_w6",0.4255585904785,0.22180548465188785,0.7740977003046791,0.31465584815255604,relevance_minus_redundancy,,
5,"f1_w6,f3_w6,f2_w6,f9_w6,f10_w6",0.446571079983451,0.2639244686539371,0.7740977003046791,0.3146088456564825,relevance_minus_redundancy,,
8,"f1_w6,f5_w6,f3_w6,f7_w6,f2_w6,f9_w6,f10_w6,f4_w6",0.45216943222504447,0.2751260796687283,0.7740977003046791,0.31460639239068033,relevance_minus_redundancy,,
6,"f1_w6,f3_w6,f7_w6,f2_w6,f9_w6,f4_w6",0.4502257977989998,0.2713486707490633,0.7740977003046791,0.31455146242446813,relevance_minus_redundancy,,
7,"f1_w6,f5_w6,f3_w6,f7_w6,f8_w6,f2_w6,f6_w6",0.525275150043555,0.42148646261171346,0.8601282221881698,0.31453191873769826,relevance_minus_redundancy,,
4,"f5_w6,f8_w6,f2_w6,f4_w6",0.40779092191197863,0.18660883151793597,0.5734944780694384,0.31448650615301066,relevance_minus_redundancy,,
6,"f1_w6,f3_w6,f7_w6,f8_w6,f2_w6,f6_w6",0.4946895720187941,0.3606672375574878,0.8601282221881698,0.31435595324005017,relevance_minus_redundancy,,
5,"f3_w6,f7_w6,f8_w6,f2_w6,f4_w6",0.423619860121576,0.2189955847076545,0.8601282221881698,0.31412206776774876,relevance_minus_redundancy,,
4,"f1_w6,f7_w6,f8_w6,f2_w6",0.5137792558006796,0.39947949861345705,0.8601282221881698,0.31403950649395107,relevance_minus_redundancy,,
7,"f1_w6,f5_w6,f3_w6,f7_w6,f8_w6,f6_w6,f4_w6",0.509604337801731,0.39119589450831926,0.8601282221881698,0.31400639054757135,relevance_minus_redundancy,,
7,"f1_w6,f5_w6,f3_w6,f8_w6,f2_w6,f6_w6,f10_w6",0.4842269985564046,0.34140436173419975,0.7740977003046791,0.31352481768930474,relevance_minus_redundancy,,
5,"f5_w6,f3_w6,f8_w6,f2_w6,f10_w6",0.47167770638465134,0.31682196360481496,0.651642574178619,0.31326672458224386,relevance_minus_redundancy,,
6,"f1_w6,f5_w6,f7_w6,f2_w6,f6_w6,f4_w6",0.45109308800235576,0.2756792057634494,0.7186988523426959,0.31325348512063106,relevance_minus_redundancy,,
6,"f1_w6,f3_w6,f8_w6,f6_w6,f10_w6,f4_w6",0.428517447668324,0.23075457439901872,0.7740977003046791,0.31314016046881465,relevance_minus_redundancy,,
5,"f1_w6,f5_w6,f3_w6,f9_w6,f6_w6",0.5310838488235857,0.43601048938460263,0.7740977003046791,0.3130786041312844,relevance_minus_redundancy,,
6,"f1_w6,f3_w6,f8_w6,f2_w6,f9_w6,f4_w6",0.4428600673998923,0.26031441219946533,0.7740977003046791,0.3127028613001597,relevance_minus_redundancy,,
7,"f1_w6,f5_w6,f3_w6,f8_w6,f2_w6,f9_w6,f10_w6",0.4845712498484313,0.3439956814251242,0.7740977003046791,0.3125734091358692,relevance_minus_redundancy,,
5,"f1_w6,f5_w6,f8_w6,f2_w6,f6_w6",0.4962403638305598,0.3674798197697372,0.7186988523426959,0.3125004539456912,relevance_minus_redundancy,,
5,"f1_w6,f5_w6,f6_w6,f10_w6,f4_w6",0.42567269108892464,0.2266427513249723,0.7186988523426959,0.31235131542643846,relevance_minus_redundancy,,
5,"f5_w6,f3_w6,f7_w6,f9_w6,f4_w6",0.4599860451674667,0.2983393479210591,0.7455341410813562,0.31081637120693717,relevance_minus_redundancy,,
7,"f1_w6,f3_w6,f7_w6,f8_w6,f2_w6,f6_w6,f4_w6",0.4498999655113508,0.27847620178704213,0.8601282221881698,0.31066186461782974,relevance_minus_redundancy,,
3,"f3_w6,f2_w6,f4_w6",0.39106515218464905,0.16103755324552907,0.391687379755314,0.3105463755618845,relevance_minus_redundancy,,
6,"f1_w6,f5_w6,f3_w6,f9_w6,f6_w6,f10_w6",0.47710521615536083,0.33344828194791487,0.7740977003046791,0.3103810751814034,relevance_minus_redundancy,,
4,"f5_w6,f3_w6,f2_w6,f9_w6",0.47876919957645314,0.3371757308189783,0.651642574178619,0.31018133416696403,relevance_minus_redundancy,,
6,"f1_w6,f5_w6,f8_w6,f2_w6,f6_w6,f4_w6",0.44372735760324833,0.26742433696744267,0.7186988523426959,0.31001518911952697,relevance_minus_redundancy,,
5,"f5_w6,f3_w6,f7_w6,f9_w6,f10_w6",0.46519599043697574,0.3107850749740829,0.7455341410813562,0.3098034529499343,relevance_minus_redundancy,,
4,"f5_w6,f3_w6,f2_w6,f10_w6",0.4770084502734032,0.3347458526552081,0.651642574178619,0.3096355239457992,relevance_minus_redundancy,,
5,"f5_w6,f3_w6,f8_w6,f9_w6,f4_w6",0.4511471686885377,0.28307401078749655,0.6759634322678775,0.3096101632947894,relevance_minus_redundancy,,
6,"f1_w6,f3_w6,f7_w6,f8_w6,f6_w6,f4_w6",0.47640695773666614,0.33364080003917296,0.8601282221881698,0.30958655771707966,relevance_minus_redundancy,,
5,"f1_w6,f5_w6,f2_w6,f9_w6,f10_w6",0.4480937800363157,0.27735688178870743,0.7186988523426959,0.309415339141962,relevance_minus_redundancy,,
6,"f1_w6,f3_w6,f7_w6,f2_w6,f9_w6,f10_w6",0.454567418856924,0.2905501066830754,0.7740977003046791,0.3092923655153863,relevance_minus_redundancy,,
4,"f3_w6,f8_w6,f10_w6,f4_w6",0.3849760570095922,0.1513852456434154,0.2944541325208695,0.3092834341878845,relevance_minus_redundancy,,
6,"f1_w6,f5_w6,f7_w6,f8_w6,f2_w6,f10_w6",0.4951862823681792,0.3719629306785957,0.8601282221881698,0.30920481702888136,relevance_minus_redundancy,,
8,"f1_w6,f5_w6,f3_w6,f8_w6,f2_w6,f6_w6,f10_w6,f4_w6",0.4463439145451904,0.2743182553113265,0.7740977003046791,0.30918478688952716,relevance_minus_redundancy,,
7,"f1_w6,f5_w6,f3_w6,f2_w6,f9_w6,f6_w6,f4_w6",0.4467770832491541,0.2753335455649433,0.7740977003046791,0.30911031046668247,relevance_minus_redundancy,,
6,"f5_w6,f3_w6,f7_w6,f8_w6,f2_w6,f10_w6",0.4754896075245909,0.33285882291481195,0.8601282221881698,0.30906019606718493,relevance_minus_redundancy,,
6,"f1_w6,f3_w6,f8_w6,f9_w6,f10_w6,f4_w6",0.42891907417568853,0.24042473545234727,0.7740977003046791,0.3087067064495149,relevance_minus_redundancy,,
5,"f5_w6,f3_w6,f2_w6,f9_w6,f4_w6",0.41924782495450075,0.22115276535654402,0.651642574178619,0.3086714422762287,relevance_minus_redundancy,,
6,"f1_w6,f3_w6,f8_w6,f2_w6,f6_w6,f10_w6",0.44680006195045197,0.2762723548186167,0.7740977003046791,0.3086638845411436,relevance_minus_redundancy,,
6,"f1_w6,f5_w6,f3_w6,f2_w6,f9_w6,f6_w6",0.4910462093795646,0.3647927701316606,0.7740977003046791,0.30864982431373433,relevance_minus_redundancy,,
5,"f1_w6,f3_w6,f9_w6,f6_w6,f10_w6",0.430768535748009,0.24429995360836979,0.7740977003046791,0.3086185589438241,relevance_minus_redundancy,,
7,"f1_w6,f3_w6,f7_w6,f2_w6,f6_w6,f10_w6,f4_w6",0.41516529722343537,0.2131631930499449,0.7740977003046791,0.3085837006984629,relevance_minus_redundancy,,
7,"f1_w6,f5_w6,f3_w6,f7_w6,f8_w6,f9_w6,f4_w6",0.5099485890937577,0.40329036374098576,0.8601282221881698,0.3083034072232649,relevance_minus_redundancy,,
3,"f3_w6,f7_w6,f6_w6",0.4691898407114449,0.3218389863929684,0.5602656127403205,0.30827034751496074,relevance_minus_redundancy,,
5,"f1_w6,f7_w6,f8_w6,f2_w6,f4_w6",0.4472558699338819,0.2780255523377798,0.8601282221881698,0.308243093764992,relevance_minus_redundancy,,
8,"f1_w6,f5_w6,f3_w6,f7_w6,f8_w6,f2_w6,f9_w6,f4_w6",0.4825622669769704,0.349128569577398,0.8601282221881698,0.3079979821882714,relevance_minus_redundancy,,
6,"f1_w6,f5_w6,f7_w6,f8_w6,f10_w6,f4_w6",0.4769036680860512,0.33801665205495757,0.8601282221881698,0.30789534205857244,relevance_minus_redundancy,,
8,"f1_w6,f5_w6,f3_w6,f8_w6,f2_w6,f9_w6,f10_w6,f4_w6",0.44664513442571385,0.2775508134022536,0.7740977003046791,0.30786972772458704,relevance_minus_redundancy,,
5,"f1_w6,f5_w6,f7_w6,f6_w6,f4_w6",0.48314010317093514,0.3509169206733874,0.7186988523426959,0.30768164283424143,relevance_minus_redundancy,,
6,"f1_w6,f3_w6,f2_w6,f6_w6,f10_w6,f4_w6",0.4019346612232932,0.18899486121110526,0.7740977003046791,0.30743723061774053,relevance_minus_redundancy,,
5,"f5_w6,f3_w6,f7_w6,f6_w6,f4_w6",0.4595040933586292,0.30462043058389293,0.651642574178619,0.30719387806668275,relevance_minus_redundancy,,
5,"f1_w6,f5_w6,f7_w6,f8_w6,f10_w6",0.5360519364099232,0.45813745445233944,0.8601282221881698,0.3069832091837535,relevance_minus_redundancy,,
3,"f3_w6,f2_w6,f6_w6",0.4012928070231683,0.18933441569645956,0.391687379755314,0.3066255991749385,relevance_minus_redundancy,,
5,"f1_w6,f7_w6,f2_w6,f10_w6,f4_w6",0.39862733433080044,0.18403969825798566,0.6290671185497521,0.3066074852018076,relevance_minus_redundancy,,
7,"f1_w6,f5_w6,f3_w6,f9_w6,f6_w6,f10_w6,f4_w6",0.4348276604855509,0.2569173595052871,0.7740977003046791,0.3063689807329073,relevance_minus_redundancy,,
5,"f5_w6,f3_w6,f2_w6,f6_w6,f4_w6",0.4187658731456632,0.22492675923657263,0.651642574178619,0.30630249352737693,relevance_minus_redundancy,,
3,"f3_w6,f8_w6,f6_w6",0.45445837991323,0.2975281059398435,0.5331765374762124,0.3056943269433082,relevance_minus_redundancy,,
4,"f1_w6,f8_w6,f2_w6,f10_w6",0.4419449906981666,0.2726001724396922,0.5619250803570098,0.3056449044783205,relevance_minus_redundancy,,
8,"f1_w6,f5_w6,f3_w6,f7_w6,f8_w6,f6_w6,f10_w6,f4_w6",0.4718053021782942,0.33239183057813426,0.8601282221881698,0.30560938688922706,relevance_minus_redundancy,,
5,"f1_w6,f5_w6,f2_w6,f6_w6,f10_w6",0.4476118282274782,0.2842644936586458,0.7186988523426959,0.3054795813981553,relevance_minus_redundancy,,
5,"f1_w6,f5_w6,f8_w6,f6_w6,f4_w6",0.47430122669200614,0.3377698996850144,0.7186988523426959,0.3054162768494989,relevance_minus_redundancy,,
8,"f1_w6,f5_w6,f3_w6,f7_w6,f8_w6,f9_w6,f10_w6,f4_w6",0.4721065220588176,0.33472899981805954,0.8601282221881698,0.30474202214978785,relevance_minus_redundancy,,
5,"f1_w6,f7_w6,f2_w6,f6_w6,f4_w6",0.3995539819644029,0.18970486981156262,0.6290671185497521,0.30470154705862157,relevance_minus_redundancy,,
7,"f1_w6,f5_w6,f3_w6,f7_w6,f8_w6,f2_w6,f9_w6",0.5256194013355817,0.44187833675545335,0.8601282221881698,0.30468023295785507,relevance_minus_redundancy,,
7,"f1_w6,f5_w6,f3_w6,f7_w6,f8_w6,f6_w6,f10_w6",0.5133257272799517,0.41730870844848933,0.8601282221881698,0.3046713730557071,relevance_minus_redundancy,,
6,"f5_w6,f3_w6,f8_w6,f2_w6,f10_w6,f4_w6",0.42325847639832465,0.237199970140651,0.651642574178619,0.30465849132799916,relevance_minus_redundancy,,
4,"f1_w6,f8_w6,f10_w6,f4_w6",0.4145210692749746,0.22002598803069132,0.5619250803570098,0.304508075259629,relevance_minus_redundancy,,
7,"f1_w6,f5_w6,f3_w6,f7_w6,f8_w6,f9_w6,f10_w6",0.5136699785719785,0.418706176338078,0.8601282221881698,0.3043168904029395,relevance_minus_redundancy,,
5,"f1_w6,f3_w6,f2_w6,f9_w6,f6_w6",0.44749772761705353,0.2864720156408306,0.7740977003046791,0.30426171979663824,relevance_minus_redundancy,,
5,"f1_w6,f5_w6,f7_w6,f9_w6,f10_w6",0.4888320002492816,0.369332216093274,0.7455341410813562,0.30416589220264456,relevance_minus_redundancy,,
7,"f1_w6,f5_w6,f7_w6,f8_w6,f2_w6,f10_w6,f4_w6",0.4503257172393952,0.29257219621551933,0.8601282221881698,0.3040396191316355,relevance_minus_redundancy,,
4,"f5_w6,f7_w6,f10_w6,f4_w6",0.39792802767433416,0.18797158683992787,0.6201288314102067,0.3039422342543702,relevance_minus_redundancy,,
5,"f5_w6,f3_w6,f8_w6,f6_w6,f4_w6",0.4506652168797002,0.29360325680526744,0.651642574178619,0.30386358847706646,relevance_minus_redundancy,,
5,"f5_w6,f3_w6,f2_w6,f10_w6,f4_w6",0.41783922551206076,0.22810940245624384,0.651642574178619,0.3037845242839389,relevance_minus_redundancy,,
8,"f1_w6,f5_w6,f3_w6,f7_w6,f8_w6,f2_w6,f6_w6,f10_w6",0.48551726288989017,0.3636959655493676,0.8601282221881698,0.30366928011520633,relevance_minus_redundancy,,
3,"f5_w6,f3_w6,f6_w6",0.5406030090340553,0.4740596126483864,0.651642574178619,0.3035732027098621,relevance_minus_redundancy,,
4,"f5_w6,f3_w6,f2_w6,f6_w6",0.4781667598154063,0.3494813727917838,0.651642574178619,0.3034260734195144,relevance_minus_redundancy,,
5,"f1_w6,f3_w6,f7_w6,f8_w6,f6_w6",0.5354558839906611,0.4642317250468029,0.8601282221881698,0.3033400214672597,relevance_minus_redundancy,,
6,"f1_w6,f5_w6,f3_w6,f7_w6,f8_w6,f6_w6",0.5643446730242376,0.5220499830303086,0.8601282221881698,0.30331968150908334,relevance_minus_redundancy,,
4,"f3_w6,f7_w6,f6_w6,f4_w6",0.39718296215025645,0.18798264202732606,0.5602656127403205,0.3031916411365934,relevance_minus_redundancy,,
4,"f3_w6,f7_w6,f2_w6,f6_w6",0.42460688357344845,0.24304352625132172,0.5602656127403205,0.30308512044778757,relevance_minus_redundancy,,
7,"f5_w6,f3_w6,f7_w6,f8_w6,f2_w6,f10_w6,f4_w6",0.43344285308774805,0.2614489528714444,0.8601282221881698,0.30271837665202583,relevance_minus_redundancy,,
6,"f5_w6,f3_w6,f7_w6,f2_w6,f6_w6,f4_w6",0.43139641315876753,0.2578280056474015,0.651642574178619,0.3024824103350668,relevance_minus_redundancy,,
6,"f1_w6,f5_w6,f7_w6,f2_w6,f9_w6,f4_w6",0.4514947145097203,0.2984011682865351,0.7455341410813562,0.3022941303664527,relevance_minus_redundancy,,
4,"f5_w6,f3_w6,f8_w6,f9_w6",0.5186433792439994,0.43346712597316195,0.6759634322678775,0.3019098162574184,relevance_minus_redundancy,,
6,"f1_w6,f3_w6,f7_w6,f8_w6,f6_w6,f10_w6",0.4807485787945904,0.3580481618910795,0.8601282221881698,0.30172449784905064,relevance_minus_redundancy,,
9,"f1_w6,f5_w6,f3_w6,f7_w6,f8_w6,f2_w6,f6_w6,f10_w6,f4_w6",0.45170004773175687,0.300074231616605,0.8601282221881698,0.3016629319234544,relevance_minus_redundancy,,
5,"f1_w6,f5_w6,f7_w6,f9_w6,f4_w6",0.48362205497977256,0.36396592284110735,0.7455341410813562,0.3016390935592189,relevance_minus_redundancy,,
6,"f5_w6,f3_w6,f7_w6,f9_w6,f10_w6,f4_w6",0.4178570464419283,0.23250114562748955,0.7455341410813562,0.3016064736281835,relevance_minus_redundancy,,
5,"f1_w6,f5_w6,f8_w6,f9_w6,f4_w6",0.47478317850084367,0.3465707384977973,0.7186988523426959,0.301497809251945,relevance_minus_redundancy,,
3,"f5_w6,f10_w6,f4_w6",0.3657209991576826,0.12850719423846702,0.20432795406548496,0.3014674020384491,relevance_minus_redundancy,,
5,"f5_w6,f3_w6,f7_w6,f2_w6,f6_w6",0.48144323049718285,0.3607274978579461,0.651642574178619,0.3010794815682098,relevance_minus_redundancy,,
6,"f1_w6,f3_w6,f2_w6,f9_w6,f10_w6,f4_w6",0.4023362877306577,0.20316852368959537,0.7740977003046791,0.30075202588586003,relevance_minus_redundancy,,
6,"f1_w6,f5_w6,f8_w6,f2_w6,f9_w6,f4_w6",0.44412898411061286,0.287314190587237,0.7186988523426959,0.3004718888169944,relevance_minus_redundancy,,
2,"f3_w6,f2_w6",0.496016565043628,0.391687379755314,0.391687379755314,0.300172875165971,relevance_minus_redundancy,,
5,"f1_w6,f5_w6,f7_w6,f2_w6,f9_w6",0.5055611921183261,0.41127520113611027,0.7455341410813562,0.29992359155027093,relevance_minus_redundancy,,
5,"f1_w6,f5_w6,f8_w6,f2_w6,f9_w6",0.4967223156393972,0.3937052088957742,0.7186988523426959,0.2998697111915101,relevance_minus_redundancy,,
4,"f1_w6,f7_w6,f6_w6,f4_w6",0.42672797441563887,0.25396741248247084,0.6290671185497521,0.29974426817440347,relevance_minus_redundancy,,
5,"f1_w6,f8_w6,f2_w6,f6_w6,f4_w6",0.39071510548547395,0.18198600195162926,0.5619250803570098,0.2997221045096593,relevance_minus_redundancy,,
8,"f1_w6,f5_w6,f3_w6,f7_w6,f8_w6,f2_w6,f9_w6,f10_w6",0.4858184827704136,0.372256188472598,0.8601282221881698,0.2996903885341146,relevance_minus_redundancy,,
6,"f1_w6,f5_w6,f7_w6,f9_w6,f10_w6,f4_w6",0.4375537212855165,0.27600100595820476,0.7455341410813562,0.2995532183064141,relevance_minus_redundancy,,
7,"f1_w6,f3_w6,f7_w6,f2_w6,f9_w6,f10_w6,f4_w6",0.4155095485154621,0.2321095485508204,0.7740977003046791,0.29945477424005196,relevance_minus_redundancy,,
4,"f5_w6,f3_w6,f7_w6,f9_w6",0.5296919748426606,0.46047523068141416,0.7455341410813562,0.29945435950195354,relevance_minus_redundancy,,
5,"f3_w6,f7_w6,f8_w6,f10_w6,f4_w6",0.40689066825253145,0.21498016446203055,0.8601282221881698,0.2994005860215162,relevance_minus_redundancy,,
5,"f1_w6,f5_w6,f7_w6,f6_w6,f10_w6",0.48835004844044416,0.3787469167460177,0.7186988523426959,0.2989765900674353,relevance_minus_redundancy,,
6,"f5_w6,f3_w6,f8_w6,f2_w6,f6_w6,f4_w6",0.42403068275966005,0.25099303499122644,0.651642574178619,0.29853416526404686,relevance_minus_redundancy,,
7,"f1_w6,f3_w6,f8_w6,f2_w6,f6_w6,f10_w6,f4_w6",0.4088518140242004,0.22063978978465193,0.7740977003046791,0.29853191913187443,relevance_minus_redundancy,,
6,"f1_w6,f3_w6,f8_w6,f2_w6,f9_w6,f10_w6",0.4472016884578165,0.29755888274744796,0.7740977003046791,0.2984222470840925,relevance_minus_redundancy,,
4,"f3_w6,f7_w6,f9_w6,f10_w6",0.40429783349818965,0.21202730608732243,0.7455341410813562,0.2982841804545284,relevance_minus_redundancy,,
4,"f1_w6,f7_w6,f6_w6,f10_w6",0.4332404060025252,0.2699742951093583,0.6290671185497521,0.2982532584478461,relevance_minus_redundancy,,
9,"f1_w6,f5_w6,f3_w6,f7_w6,f8_w6,f2_w6,f9_w6,f10_w6,f4_w6",0.4519677987366666,0.3077347914745771,0.8601282221881698,0.298100402999378,relevance_minus_redundancy,,
6,"f1_w6,f3_w6,f2_w6,f9_w6,f6_w6,f4_w6",0.4031084940919931,0.21018425147977995,0.7740977003046791,0.29801636835210316,relevance_minus_redundancy,,
6,"f5_w6,f3_w6,f7_w6,f2_w6,f9_w6,f4_w6",0.43179803966613206,0.26766324495011806,0.7455341410813562,0.29796641719107303,relevance_minus_redundancy,,
7,"f1_w6,f3_w6,f7_w6,f8_w6,f2_w6,f6_w6,f10_w6",0.45362135498957157,0.3113310442777688,0.8601282221881698,0.29795583285068716,relevance_minus_redundancy,,
5,"f5_w6,f3_w6,f8_w6,f2_w6,f6_w6",0.47260435401825385,0.34953551618229467,0.651642574178619,0.29783659592710654,relevance_minus_redundancy,,
7,"f1_w6,f3_w6,f7_w6,f8_w6,f6_w6,f10_w6,f4_w6",0.4379505427477476,0.28057816752548415,0.8601282221881698,0.2976614589850055,relevance_minus_redundancy,,
6,"f1_w6,f5_w6,f7_w6,f2_w6,f6_w6,f10_w6",0.45543470906027994,0.31582195411364716,0.7186988523426959,0.2975237320034564,relevance_minus_redundancy,,
4,"f3_w6,f8_w6,f2_w6,f6_w6",0.4135582879747873,0.23216261568203064,0.5331765374762124,0.29747698013377194,relevance_minus_redundancy,,
4,"f3_w6,f8_w6,f6_w6,f4_w6",0.3861343665515953,0.17739307795307838,0.5331765374762124,0.2974378275750561,relevance_minus_redundancy,,
6,"f1_w6,f5_w6,f2_w6,f9_w6,f10_w6,f4_w6",0.40360520444137826,0.2125461946571247,0.7186988523426959,0.2973321071128159,relevance_minus_redundancy,,
4,"f1_w6,f2_w6,f9_w6,f4_w6",0.37640763891047824,0.15826364586946243,0.2790741425735547,0.29727581597574704,relevance_minus_redundancy,,
6,"f1_w6,f5_w6,f7_w6,f6_w6,f10_w6,f4_w6",0.437152094778152,0.2798712121909308,0.7186988523426959,0.2972164886826866,relevance_minus_redundancy,,
7,"f1_w6,f5_w6,f3_w6,f7_w6,f9_w6,f6_w6,f4_w6",0.47587581197270123,0.35792691288784667,0.7740977003046791,0.2969123555287779,relevance_minus_redundancy,,
4,"f1_w6,f6_w6,f10_w6,f4_w6",0.35489370931312575,0.11614394312589925,0.20629680749542753,0.2968217377501761,relevance_minus_redundancy,,
3,"f3_w6,f6_w6,f10_w6",0.37341082057476077,0.15362322504614276,0.20629680749542753,0.2965992080516894,relevance_minus_redundancy,,
7,"f1_w6,f5_w6,f3_w6,f8_w6,f9_w6,f6_w6,f4_w6",0.4695623287734663,0.3461705088501098,0.7740977003046791,0.2964770743484114,relevance_minus_redundancy,,
6,"f1_w6,f5_w6,f3_w6,f7_w6,f8_w6,f9_w6",0.5647462995316022,0.5365759790869387,0.8601282221881698,0.29645830998813283,relevance_minus_redundancy,,
8,"f1_w6,f5_w6,f3_w6,f7_w6,f2_w6,f9_w6,f6_w6,f4_w6",0.45274858699604603,0.3133842217442934,0.7740977003046791,0.2960564761238993,relevance_minus_redundancy,,
5,"f5_w6,f3_w6,f7_w6,f2_w6,f9_w6",0.48192518230602027,0.3718709655083664,0.7455341410813562,0.29598969955183707,relevance_minus_redundancy,,
6,"f1_w6,f5_w6,f2_w6,f6_w6,f10_w6,f4_w6",0.4032035779340137,0.21474500836798058,0.7186988523426959,0.2958310737500234,relevance_minus_redundancy,,
4,"f3_w6,f7_w6,f6_w6,f10_w6",0.4036953937371428,0.2157885809889757,0.5602656127403205,0.29580110324265496,relevance_minus_redundancy,,
4,"f1_w6,f8_w6,f6_w6,f4_w6",0.4156793788169777,0.23982810305864385,0.5619250803570098,0.29576532728765575,relevance_minus_redundancy,,
4,"f1_w6,f9_w6,f10_w6,f4_w6",0.3554961490741726,0.1197370403910873,0.2790741425735547,0.2956276288786289,relevance_minus_redundancy,,
4,"f5_w6,f3_w6,f6_w6,f10_w6",0.45725526997910065,0.3235513270613619,0.651642574178619,0.2954796064484197,relevance_minus_redundancy,,
4,"f1_w6,f2_w6,f6_w6,f10_w6",0.38231763073631775,0.17372928578259542,0.3995381885726651,0.29545298784502005,relevance_minus_redundancy,,
6,"f5_w6,f3_w6,f8_w6,f2_w6,f9_w6,f4_w6",0.4244323092670246,0.2579961653906517,0.6759634322678775,0.2954342265716987,relevance_minus_redundancy,,
7,"f1_w6,f5_w6,f3_w6,f2_w6,f9_w6,f6_w6,f10_w6",0.4504984727273748,0.3101451940914415,0.7740977003046791,0.29542587568165407,relevance_minus_redundancy,,
6,"f1_w6,f3_w6,f9_w6,f6_w6,f10_w6,f4_w6",0.38916750086778934,0.18763137115836648,0.7740977003046791,0.2953518152886061,relevance_minus_redundancy,,
4,"f5_w6,f7_w6,f2_w6,f10_w6",0.42535194909752616,0.2603320738272319,0.6201288314102067,0.2951859121839102,relevance_minus_redundancy,,
5,"f5_w6,f3_w6,f8_w6,f9_w6,f10_w6",0.4563571139580468,0.3225842897614764,0.6759634322678775,0.2950649690773086,relevance_minus_redundancy,,
5,"f5_w6,f3_w6,f7_w6,f6_w6,f10_w6",0.4647140386281382,0.33952986045738043,0.651642574178619,0.294949108399448,relevance_minus_redundancy,,
5,"f5_w6,f3_w6,f8_w6,f2_w6,f9_w6",0.47308630582709127,0.35643082047777785,0.6759634322678775,0.29487089558820234,relevance_minus_redundancy,,
5,"f3_w6,f7_w6,f2_w6,f10_w6,f4_w6",0.3749913245184945,0.16024509553129512,0.3995381885726651,0.29486877675284695,relevance_minus_redundancy,,
8,"f1_w6,f5_w6,f3_w6,f8_w6,f2_w6,f9_w6,f6_w6,f4_w6",0.4472242891967154,0.30484003221397743,0.7740977003046791,0.2948042730897267,relevance_minus_redundancy,,
5,"f3_w6,f7_w6,f8_w6,f2_w6,f10_w6",0.4288298053910851,0.26905138495013636,0.8601282221881698,0.29430411291601694,relevance_minus_redundancy,,
6,"f1_w6,f5_w6,f7_w6,f2_w6,f9_w6,f10_w6",0.45583633556764447,0.32356811475642383,0.7455341410813562,0.2940522781894326,relevance_minus_redundancy,,
3,"f1_w6,f8_w6,f6_w6",0.4938517296004066,0.40005599156136845,0.5619250803570098,0.2938237338197224,relevance_minus_redundancy,,
7,"f1_w6,f3_w6,f7_w6,f8_w6,f2_w6,f9_w6,f4_w6",0.45024421680337756,0.31320017680981077,0.8601282221881698,0.2936441283984722,relevance_minus_redundancy,,
8,"f1_w6,f5_w6,f3_w6,f7_w6,f9_w6,f6_w6,f10_w6,f4_w6",0.4422928420778932,0.29755793578443956,0.7740977003046791,0.29351387418567343,relevance_minus_redundancy,,
5,"f5_w6,f3_w6,f6_w6,f10_w6,f4_w6",0.4020366812766187,0.21771147334866012,0.651642574178619,0.2931809446022886,relevance_minus_redundancy,,
7,"f1_w6,f5_w6,f3_w6,f7_w6,f9_w6,f6_w6,f10_w6",0.47959720145092194,0.37287219671692684,0.7740977003046791,0.2931611030924585,relevance_minus_redundancy,,
3,"f1_w6,f7_w6,f6_w6",0.5085831903986214,0.4314663627136519,0.6290671185497521,0.2928500090417955,relevance_minus_redundancy,,
6,"f5_w6,f3_w6,f7_w6,f6_w6,f10_w6,f4_w6",0.4174554199345637,0.24925807508058476,0.651642574178619,0.29282638239427133,relevance_minus_redundancy,,
2,"f5_w6,f8_w6",0.5795716745108822,0.5734944780694384,0.5734944780694384,0.292824435476163,relevance_minus_redundancy,,
6,"f1_w6,f3_w6,f7_w6,f8_w6,f9_w6,f4_w6",0.47680858424403066,0.36823173732644315,0.8601282221881698,0.2926927155808091,relevance_minus_redundancy,,
7,"f1_w6,f5_w6,f3_w6,f7_w6,f2_w6,f9_w6,f6_w6",0.49154662421452516,0.39794664540165603,0.7740977003046791,0.29257330151369715,relevance_minus_redundancy,,
6,"f1_w6,f3_w6,f7_w6,f8_w6,f9_w6,f10_w6",0.4811502053019549,0.37766329729804066,0.8601282221881698,0.2923185566529346,relevance_minus_redundancy,,
7,"f1_w6,f5_w6,f3_w6,f8_w6,f2_w6,f9_w6,f6_w6",0.48523314101529025,0.3861069995081924,0.7740977003046791,0.29217964126119406,relevance_minus_redundancy,,
8,"f1_w6,f3_w6,f7_w6,f8_w6,f2_w6,f6_w6,f10_w6,f4_w6",0.4195639764242115,0.2548238551267187,0.8601282221881698,0.29215204886085216,relevance_minus_redundancy,,
8,"f1_w6,f5_w6,f3_w6,f2_w6,f9_w6,f6_w6,f10_w6,f4_w6",0.4168314544447894,0.249367368584235,0.7740977003046791,0.2921477701526719,relevance_minus_redundancy,,
5,"f1_w6,f7_w6,f8_w6,f2_w6,f10_w6",0.45246581520339096,0.3210019187794043,0.8601282221881698,0.2919648558136888,relevance_minus_redundancy,,
3,"f5_w6,f9_w6,f4_w6",0.36806866489508244,0.15221184741096036,0.3595875535625846,0.29196274118960225,relevance_minus_redundancy,,
7,"f1_w6,f5_w6,f7_w6,f2_w6,f6_w6,f10_w6,f4_w6",0.4162529401183387,0.24874405957878543,0.7186988523426959,0.291880910328946,relevance_minus_redundancy,,
6,"f1_w6,f3_w6,f7_w6,f8_w6,f2_w6,f9_w6",0.4950911985261586,0.4068745417202608,0.8601282221881698,0.29165392766602827,relevance_minus_redundancy,,
2,"f5_w6,f7_w6",0.6016688657082045,0.6201288314102067,0.6201288314102067,0.2916044500031012,relevance_minus_redundancy,,
5,"f3_w6,f7_w6,f2_w6,f6_w6,f4_w6",0.375917972152097,0.1696336974538984,0.5602656127403205,0.2911011234251478,relevance_minus_redundancy,,
1,f2_w6,0.290858012159459,0.0,0.0,0.290858012159459,relevance_minus_redundancy,,
4,"f5_w6,f3_w6,f7_w6,f6_w6",0.5290895350816137,0.476959353958895,0.651642574178619,0.2906098581021662,relevance_minus_redundancy,,
5,"f1_w6,f5_w6,f8_w6,f9_w6,f10_w6",0.4799931237703527,0.37900158367091985,0.7186988523426959,0.29049233193489277,relevance_minus_redundancy,,
7,"f1_w6,f3_w6,f8_w6,f2_w6,f9_w6,f10_w6,f4_w6",0.40919606531622715,0.23756321035460506,0.7740977003046791,0.29041446013892463,relevance_minus_redundancy,,
7,"f1_w6,f3_w6,f7_w6,f8_w6,f9_w6,f10_w6,f4_w6",0.43829479403977434,0.29630773629410145,0.8601282221881698,0.2901409258927236,relevance_minus_redundancy,,
6,"f5_w6,f3_w6,f8_w6,f9_w6,f10_w6,f4_w6",0.4104913160428208,0.24099363928001108,0.6759634322678775,0.28999449640281527,relevance_minus_redundancy,,
4,"f1_w6,f7_w6,f8_w6,f4_w6",0.4863553343774877,0.3931336714576641,0.8601282221881698,0.28978849864865563,relevance_minus_redundancy,,
4,"f1_w6,f2_w6,f10_w6,f4_w6",0.3746468896074283,0.16972355018259963,0.3995381885726651,0.2897851145161285,relevance_minus_redundancy,,
4,"f5_w6,f3_w6,f8_w6,f6_w6",0.5180409394829525,0.4570315215088712,0.651642574178619,0.2895251787285169,relevance_minus_redundancy,,
5,"f1_w6,f7_w6,f2_w6,f6_w6,f10_w6",0.40476392723391197,0.2316931258403614,0.6290671185497521,0.2889173643137313,relevance_minus_redundancy,,
6,"f1_w6,f5_w6,f8_w6,f9_w6,f10_w6,f4_w6",0.4301879908864091,0.28307360147089455,0.7186988523426959,0.2886511901509618,relevance_minus_redundancy,,
7,"f1_w6,f5_w6,f7_w6,f2_w6,f9_w6,f10_w6,f4_w6",0.4165971914103654,0.25599578923012817,0.7455341410813562,0.2885992967953013,relevance_minus_redundancy,,
4,"f3_w6,f8_w6,f2_w6,f10_w6",0.4123999784327842,0.24766332887292353,0.3995381885726651,0.28856831399632243,relevance_minus_redundancy,,
4,"f3_w6,f2_w6,f6_w6,f4_w6",0.34626018688404897,0.11638555226731574,0.391687379755314,0.2880674107503911,relevance_minus_redundancy,,
4,"f1_w6,f5_w6,f7_w6,f8_w6",0.618261907308845,0.6605737638195455,0.8601282221881698,0.28797502539907227,relevance_minus_redundancy,,
8,"f1_w6,f5_w6,f3_w6,f7_w6,f2_w6,f9_w6,f6_w6,f10_w6",0.4560048027894892,0.3361589440634842,0.7740977003046791,0.28792533075774707,relevance_minus_redundancy,,
4,"f1_w6,f5_w6,f8_w6,f6_w6",0.5475859517483349,0.5194715106803132,0.7186988523426959,0.2878501964081783,relevance_minus_redundancy,,
7,"f1_w6,f5_w6,f7_w6,f8_w6,f2_w6,f6_w6,f4_w6",0.4509876084062541,0.32664428790177014,0.8601282221881698,0.28766546445536906,relevance_minus_redundancy,,
4,"f1_w6,f7_w6,f8_w6,f10_w6",0.49286776596437404,0.41078740477259457,0.8601282221881698,0.28747406357807676,relevance_minus_redundancy,,
8,"f1_w6,f5_w6,f3_w6,f8_w6,f9_w6,f6_w6,f10_w6,f4_w6",0.4367685442785626,0.29874208904626,0.7740977003046791,0.2873974997554326,relevance_minus_redundancy,,
6,"f5_w6,f3_w6,f7_w6,f2_w6,f9_w6,f10_w6",0.43613966072405624,0.29754981395391156,0.7455341410813562,0.28736475374710047,relevance_minus_redundancy,,
4,"f1_w6,f5_w6,f7_w6,f6_w6",0.5586345473469961,0.5429490884799163,0.7186988523426959,0.287160003107038,relevance_minus_redundancy,,
6,"f1_w6,f5_w6,f3_w6,f8_w6,f9_w6,f6_w6",0.5176289958245955,0.4612002465052655,0.7740977003046791,0.2870288725719628,relevance_minus_redundancy,,
4,"f3_w6,f7_w6,f9_w6,f4_w6",0.3977854019113033,0.22166087182644537,0.7455341410813562,0.2869549659980806,relevance_minus_redundancy,,
5,"f5_w6,f3_w6,f2_w6,f9_w6,f10_w6",0.42445777022400977,0.2753178582741458,0.651642574178619,0.2867988410869369,relevance_minus_redundancy,,
9,"f1_w6,f5_w6,f3_w6,f7_w6,f2_w6,f9_w6,f6_w6,f10_w6,f4_w6",0.4254667498647338,0.27748481746478904,0.7740977003046791,0.2867243411323393,relevance_minus_redundancy,,
6,"f1_w6,f3_w6,f7_w6,f9_w6,f6_w6,f4_w6",0.4370570109361314,0.3013246874043019,0.7740977003046791,0.28639466723398044,relevance_minus_redundancy,,
6,"f1_w6,f3_w6,f7_w6,f9_w6,f6_w6,f10_w6",0.44139863199405566,0.3100975071006822,0.7740977003046791,0.28634987844371457,relevance_minus_redundancy,,
7,"f1_w6,f3_w6,f7_w6,f8_w6,f2_w6,f9_w6,f10_w6",0.4539656062815983,0.33535801795745956,0.8601282221881698,0.28628659730286854,relevance_minus_redundancy,,
7,"f1_w6,f5_w6,f3_w6,f8_w6,f9_w6,f6_w6,f10_w6",0.473283718251687,0.3740036745463118,0.7740977003046791,0.28628188097853113,relevance_minus_redundancy,,
5,"f1_w6,f8_w6,f2_w6,f10_w6,f4_w6",0.3897884578518715,0.20703381553680789,0.5619250803570098,0.28627155008346755,relevance_minus_redundancy,,
5,"f5_w6,f7_w6,f8_w6,f2_w6,f4_w6",0.42514256017444063,0.2778485249243078,0.8601282221881698,0.28621829771228674,relevance_minus_redundancy,,
3,"f3_w6,f8_w6,f9_w6",0.4552616329279591,0.33869271667610984,0.6759634322678775,0.2859152745899042,relevance_minus_redundancy,,
6,"f1_w6,f5_w6,f3_w6,f7_w6,f9_w6,f6_w6",0.5249947262237029,0.4782855626190231,0.7740977003046791,0.28585194491419136,relevance_minus_redundancy,,
6,"f1_w6,f3_w6,f8_w6,f9_w6,f6_w6,f4_w6",0.42969128053702393,0.2879746786408548,0.7740977003046791,0.28570394121659654,relevance_minus_redundancy,,
7,"f5_w6,f3_w6,f7_w6,f8_w6,f2_w6,f6_w6,f4_w6",0.434104744254607,0.29729410663818384,0.8601282221881698,0.2854576909355151,relevance_minus_redundancy,,
6,"f1_w6,f5_w6,f8_w6,f2_w6,f6_w6,f10_w6",0.4480689786611725,0.32561011993161093,0.7186988523426959,0.28526391869536705,relevance_minus_redundancy,,
5,"f3_w6,f8_w6,f2_w6,f6_w6,f4_w6",0.36707909567316804,0.1640446768037126,0.5331765374762124,0.28505675727131174,relevance_minus_redundancy,,
6,"f1_w6,f5_w6,f8_w6,f6_w6,f10_w6,f4_w6",0.4297863643790445,0.289775916606912,0.7186988523426959,0.2848984060755885,relevance_minus_redundancy,,
4,"f3_w6,f8_w6,f9_w6,f4_w6",0.3867368063126421,0.20399103549396924,0.6759634322678775,0.2847412885656575,relevance_minus_redundancy,,
4,"f1_w6,f7_w6,f9_w6,f10_w6",0.43384284576357207,0.2984298282586279,0.7455341410813562,0.28462793163425815,relevance_minus_redundancy,,
7,"f1_w6,f3_w6,f7_w6,f2_w6,f9_w6,f6_w6,f4_w6",0.41617143968232106,0.2631137472744236,0.7740977003046791,0.28461456604510926,relevance_minus_redundancy,,
6,"f5_w6,f3_w6,f7_w6,f2_w6,f6_w6,f10_w6",0.4357380342166917,0.30269037653150405,0.651642574178619,0.2843928459509397,relevance_minus_redundancy,,
6,"f1_w6,f3_w6,f7_w6,f2_w6,f9_w6,f6_w6",0.4553396252182594,0.34197195509719763,0.7740977003046791,0.28435364766966054,relevance_minus_redundancy,,
4,"f1_w6,f5_w6,f8_w6,f9_w6",0.5481883915093818,0.5281239231955268,0.7186988523426959,0.2841264299116184,relevance_minus_redundancy,,
6,"f1_w6,f3_w6,f2_w6,f9_w6,f6_w6,f10_w6",0.4074501151499173,0.24676998175254541,0.7740977003046791,0.2840651242736446,relevance_minus_redundancy,,
4,"f3_w6,f9_w6,f10_w6,f4_w6",0.3259511368087902,0.08381081540699015,0.15912433954940838,0.28404572910529513,relevance_minus_redundancy,,
2,"f7_w6,f4_w6",0.33785571984548995,0.10776575051653782,0.10776575051653782,0.28397284458722105,relevance_minus_redundancy,,
5,"f1_w6,f7_w6,f8_w6,f10_w6,f4_w6",0.4305266780648374,0.29315303758360295,0.8601282221881698,0.2839501592730359,relevance_minus_redundancy,,
6,"f1_w6,f3_w6,f8_w6,f2_w6,f9_w6,f6_w6",0.4479738948191519,0.3285054077357331,0.7740977003046791,0.28372119095128534,relevance_minus_redundancy,,
6,"f1_w6,f5_w6,f8_w6,f2_w6,f9_w6,f10_w6",0.44847060516853704,0.3305241716710963,0.7186988523426959,0.28320851933298885,relevance_minus_redundancy,,
5,"f1_w6,f5_w6,f8_w6,f6_w6,f10_w6",0.47951117196151516,0.3926644476786006,0.7186988523426959,0.2831789481222149,relevance_minus_redundancy,,
5,"f1_w6,f5_w6,f9_w6,f6_w6,f4_w6",0.42708129053136457,0.28802082972914206,0.7186988523426959,0.28307087566679356,relevance_minus_redundancy,,
7,"f1_w6,f3_w6,f8_w6,f2_w6,f9_w6,f6_w6,f4_w6",0.4098579564830861,0.25394217805975317,0.7740977003046791,0.2828868674532095,relevance_minus_redundancy,,
8,"f1_w6,f3_w6,f7_w6,f8_w6,f2_w6,f9_w6,f10_w6,f4_w6",0.41986519630473496,0.27413315370922053,0.8601282221881698,0.2827986194501247,relevance_minus_redundancy,,
7,"f5_w6,f3_w6,f7_w6,f2_w6,f9_w6,f10_w6,f4_w6",0.39971432725871836,0.23421955085838994,0.7455341410813562,0.2826045518295234,relevance_minus_redundancy,,
5,"f1_w6,f7_w6,f6_w6,f10_w6,f4_w6",0.3828247900953584,0.20083754969594275,0.6290671185497521,0.28240601524738707,relevance_minus_redundancy,,
6,"f1_w6,f7_w6,f8_w6,f2_w6,f10_w6,f4_w6",0.40724856708060764,0.25016813726936715,0.8601282221881698,0.28216449844592406,relevance_minus_redundancy,,
6,"f1_w6,f5_w6,f7_w6,f8_w6,f2_w6,f6_w6",0.4959584887295146,0.42767982924042447,0.8601282221881698,0.28211857410930236,relevance_minus_redundancy,,
7,"f1_w6,f3_w6,f7_w6,f9_w6,f6_w6,f10_w6,f4_w6",0.40422201691871784,0.24431901849136048,0.7740977003046791,0.2820625076730376,relevance_minus_redundancy,,
6,"f3_w6,f7_w6,f8_w6,f2_w6,f10_w6,f4_w6",0.3875518922370194,0.211066015131934,0.8601282221881698,0.2820188846710524,relevance_minus_redundancy,,
7,"f1_w6,f5_w6,f8_w6,f2_w6,f6_w6,f10_w6,f4_w6",0.4099394569191038,0.2561829997779924,0.7186988523426959,0.28184795703010757,relevance_minus_redundancy,,
6,"f1_w6,f5_w6,f2_w6,f9_w6,f6_w6,f4_w6",0.40437741080271367,0.24506696664739952,0.7186988523426959,0.2818439274790139,relevance_minus_redundancy,,
8,"f1_w6,f5_w6,f3_w6,f8_w6,f2_w6,f9_w6,f6_w6,f10_w6",0.45048050499015857,0.3372806659335096,0.7740977003046791,0.2818401720234038,relevance_minus_redundancy,,
2,"f5_w6,f9_w6",0.46152183410927816,0.3595875535625846,0.3595875535625846,0.2817280573279859,relevance_minus_redundancy,,
4,"f5_w6,f7_w6,f8_w6,f2_w6",0.48613761860137805,0.40929871302493387,0.8601282221881698,0.2814882620889111,relevance_minus_redundancy,,
3,"f3_w6,f7_w6,f9_w6",0.46999309372617404,0.3771641416456915,0.7455341410813562,0.2814110229033283,relevance_minus_redundancy,,
7,"f5_w6,f3_w6,f7_w6,f2_w6,f6_w6,f10_w6,f4_w6",0.39937007596669166,0.2361726235073109,0.651642574178619,0.2812837642130362,relevance_minus_redundancy,,
9,"f1_w6,f5_w6,f3_w6,f8_w6,f2_w6,f9_w6,f6_w6,f10_w6,f4_w6",0.4205562629319955,0.2786182471668613,0.7740977003046791,0.2812471393485648,relevance_minus_redundancy,,
6,"f5_w6,f3_w6,f7_w6,f8_w6,f2_w6,f6_w6",0.4762618138859263,0.3910580083893249,0.8601282221881698,0.28073280969126385,relevance_minus_redundancy,,
6,"f5_w6,f3_w6,f2_w6,f9_w6,f10_w6,f4_w6",0.38390852959779,0.2067184127294958,0.651642574178619,0.2805493232330421,relevance_minus_redundancy,,
9,"f1_w6,f5_w6,f3_w6,f7_w6,f8_w6,f2_w6,f9_w6,f6_w6,f4_w6",0.4524826029775569,0.34412230211544287,0.8601282221881698,0.2804214519198355,relevance_minus_redundancy,,
5,"f5_w6,f7_w6,f2_w6,f10_w6,f4_w6",0.37651402457135913,0.19266487461758477,0.6201288314102067,0.28018158726256676,relevance_minus_redundancy,,
5,"f1_w6,f5_w6,f2_w6,f9_w6,f6_w6",0.44902042766991823,0.33816199507573624,0.7186988523426959,0.27993943013205014,relevance_minus_redundancy,,
4,"f1_w6,f5_w6,f7_w6,f9_w6",0.5592369871080429,0.5586817732533583,0.7455341410813562,0.27989610048136376,relevance_minus_redundancy,,
5,"f1_w6,f3_w6,f8_w6,f9_w6,f6_w6",0.47939707135109055,0.39901124804400045,0.7740977003046791,0.2798914473290903,relevance_minus_redundancy,,
6,"f5_w6,f3_w6,f7_w6,f8_w6,f6_w6,f4_w6",0.45797919960379835,0.35623358843770614,0.8601282221881698,0.2798624053849453,relevance_minus_redundancy,,
3,"f7_w6,f2_w6,f4_w6",0.3221898172834796,0.08475737686102917,0.10776575051653782,0.27981112885296505,relevance_minus_redundancy,,
3,"f5_w6,f9_w6,f10_w6",0.3767519070109309,0.19388973331846923,0.3595875535625846,0.2798070403516963,relevance_minus_redundancy,,
6,"f5_w6,f3_w6,f8_w6,f6_w6,f10_w6,f4_w6",0.4100896895354562,0.26058267763639764,0.651642574178619,0.2797983507172574,relevance_minus_redundancy,,
4,"f1_w6,f2_w6,f9_w6,f10_w6",0.3829200704973646,0.20636330023654045,0.3995381885726651,0.27973842037909435,relevance_minus_redundancy,,
5,"f1_w6,f3_w6,f7_w6,f8_w6,f9_w6",0.5359378357994986,0.5125087396740535,0.8601282221881698,0.27968346596247184,relevance_minus_redundancy,,
7,"f1_w6,f5_w6,f8_w6,f2_w6,f9_w6,f10_w6,f4_w6",0.41028370821113047,0.2614117944984127,0.7186988523426959,0.27957781096192413,relevance_minus_redundancy,,
7,"f5_w6,f3_w6,f7_w6,f8_w6,f2_w6,f9_w6,f4_w6",0.43444899554663374,0.311118653511156,0.8601282221881698,0.27888966879105576,relevance_minus_redundancy,,
5,"f3_w6,f7_w6,f6_w6,f10_w6,f4_w6",0.35918878028305246,0.16162347184683137,0.5602656127403205,0.2783770443596368,relevance_minus_redundancy,,
5,"f1_w6,f3_w6,f7_w6,f9_w6,f6_w6",0.4882359478300195,0.41997578688056,0.7740977003046791,0.27824805438973954,relevance_minus_redundancy,,
5,"f3_w6,f7_w6,f9_w6,f10_w6,f4_w6",0.35967073209188993,0.16297609820949405,0.7455341410813562,0.2781826829871429,relevance_minus_redundancy,,
5,"f5_w6,f3_w6,f8_w6,f6_w6,f10_w6",0.45587516214920926,0.3555772385997109,0.651642574178619,0.2780865428493538,relevance_minus_redundancy,,
6,"f5_w6,f3_w6,f7_w6,f8_w6,f9_w6,f4_w6",0.4583808261111629,0.3615653263152613,0.8601282221881698,0.27759816295353223,relevance_minus_redundancy,,
7,"f1_w6,f3_w6,f7_w6,f2_w6,f9_w6,f6_w6,f10_w6",0.4198928291605418,0.2848010596540601,0.7740977003046791,0.27749229933351177,relevance_minus_redundancy,,
3,"f5_w6,f8_w6,f10_w6",0.4554518006120003,0.3574255215519309,0.5734944780694384,0.2767390398360349,relevance_minus_redundancy,,
6,"f1_w6,f3_w6,f8_w6,f9_w6,f6_w6,f10_w6",0.4340329015949482,0.3147905329512056,0.7740977003046791,0.27663763511934536,relevance_minus_redundancy,,
7,"f1_w6,f5_w6,f7_w6,f8_w6,f2_w6,f9_w6,f4_w6",0.4513318596982808,0.349673637075006,0.8601282221881698,0.27649504116077783,relevance_minus_redundancy,,
7,"f1_w6,f3_w6,f2_w6,f9_w6,f6_w6,f10_w6,f4_w6",0.3751232881951707,0.19755798483933246,0.7740977003046791,0.27634429577550446,relevance_minus_redundancy,,
6,"f5_w6,f3_w6,f8_w6,f2_w6,f9_w6,f10_w6",0.42877393032494876,0.3059257690084157,0.6759634322678775,0.2758110458207409,relevance_minus_redundancy,,
3,"f3_w6,f2_w6,f9_w6",0.4020960600378974,0.25301653355853354,0.391687379755314,0.2755877932586306,relevance_minus_redundancy,,
8,"f1_w6,f5_w6,f3_w6,f7_w6,f8_w6,f9_w6,f6_w6,f4_w6",0.47268567682981916,0.39470190014272627,0.8601282221881698,0.27533472675845605,relevance_minus_redundancy,,
5,"f1_w6,f7_w6,f2_w6,f9_w6,f4_w6",0.4000359337732403,0.25027583413849686,0.7455341410813562,0.2748980167039919,relevance_minus_redundancy,,
6,"f1_w6,f7_w6,f2_w6,f6_w6,f10_w6,f4_w6",0.36749699377270845,0.18541052725019294,0.6290671185497521,0.274791730147612,relevance_minus_redundancy,,
8,"f1_w6,f5_w6,f3_w6,f7_w6,f8_w6,f2_w6,f9_w6,f6_w6",0.48639763754141513,0.423334400475717,0.8601282221881698,0.2747304373035566,relevance_minus_redundancy,,
4,"f1_w6,f7_w6,f2_w6,f9_w6",0.4547543355998777,0.36026035292475833,0.7455341410813562,0.27462415913749855,relevance_minus_redundancy,,
7,"f5_w6,f3_w6,f7_w6,f8_w6,f9_w6,f10_w6,f4_w6",0.4224995727830305,0.2962884634500734,0.8601282221881698,0.2743553410579938,relevance_minus_redundancy,,
4,"f1_w6,f8_w6,f2_w6,f9_w6",0.44370574000121654,0.3387494247476595,0.6759634322678775,0.2743310276273868,relevance_minus_redundancy,,
9,"f1_w6,f5_w6,f3_w6,f7_w6,f8_w6,f9_w6,f6_w6,f10_w6,f4_w6",0.4431886074947544,0.33781289910657575,0.8601282221881698,0.27428215794146654,relevance_minus_redundancy,,
7,"f1_w6,f3_w6,f8_w6,f9_w6,f6_w6,f10_w6,f4_w6",0.39790853371948287,0.24811857299953863,0.7740977003046791,0.27384924721971354,relevance_minus_redundancy,,
10,"f1_w6,f5_w6,f3_w6,f7_w6,f8_w6,f2_w6,f9_w6,f6_w6,f10_w6,f4_w6",0.4279555479612248,0.3088344939682,0.8601282221881698,0.27353830097712484,relevance_minus_redundancy,,
4,"f3_w6,f8_w6,f9_w6,f10_w6",0.3932492378995285,0.2394650562897728,0.6759634322678775,0.2735167097546421,relevance_minus_redundancy,,
5,"f3_w6,f8_w6,f2_w6,f10_w6,f4_w6",0.3661524480395656,0.18536906001986495,0.3995381885726651,0.2734679180296331,relevance_minus_redundancy,,
8,"f1_w6,f3_w6,f7_w6,f2_w6,f9_w6,f6_w6,f10_w6,f4_w6",0.3900515163238105,0.23341985566391435,0.7740977003046791,0.27334158849185336,relevance_minus_redundancy,,
8,"f1_w6,f5_w6,f7_w6,f8_w6,f2_w6,f6_w6,f10_w6,f4_w6",0.42051566395725193,0.2943721908271713,0.8601282221881698,0.2733295685436663,relevance_minus_redundancy,,
5,"f5_w6,f3_w6,f2_w6,f6_w6,f10_w6",0.42397581841517235,0.30155555497463804,0.651642574178619,0.2731980409278533,relevance_minus_redundancy,,
6,"f1_w6,f7_w6,f8_w6,f2_w6,f6_w6,f4_w6",0.40802077344194304,0.26985974530210805,0.8601282221881698,0.27309090079088905,relevance_minus_redundancy,,
7,"f5_w6,f3_w6,f8_w6,f2_w6,f9_w6,f10_w6,f4_w6",0.3934008440594834,0.24064976908369717,0.6759634322678775,0.2730759595176348,relevance_minus_redundancy,,
7,"f1_w6,f5_w6,f7_w6,f8_w6,f2_w6,f6_w6,f10_w6",0.45470899788447483,0.36376020934669434,0.8601282221881698,0.2728288932111277,relevance_minus_redundancy,,
6,"f5_w6,f3_w6,f7_w6,f8_w6,f2_w6,f9_w6",0.47666344039329084,0.40800611314238283,0.8601282221881698,0.27266038382209945,relevance_minus_redundancy,,
4,"f5_w6,f8_w6,f10_w6,f4_w6",0.386879432075673,0.22843853345602252,0.5734944780694384,0.27266016534766174,relevance_minus_redundancy,,
6,"f5_w6,f3_w6,f2_w6,f6_w6,f10_w6,f4_w6",0.38350690309042546,0.22180394966072084,0.651642574178619,0.27260492826006505,relevance_minus_redundancy,,
5,"f3_w6,f7_w6,f8_w6,f2_w6,f6_w6",0.4297564530246875,0.31433618266989055,0.8601282221881698,0.2725883616897422,relevance_minus_redundancy,,
5,"f1_w6,f5_w6,f9_w6,f6_w6,f10_w6",0.4322912358008737,0.3194635644894388,0.7186988523426959,0.2725594535561543,relevance_minus_redundancy,,
5,"f1_w6,f7_w6,f9_w6,f10_w6,f4_w6",0.3833067419041959,0.22152026088915916,0.7455341410813562,0.27254661145961634,relevance_minus_redundancy,,
6,"f1_w6,f5_w6,f7_w6,f8_w6,f6_w6,f4_w6",0.47767587444738663,0.41033696881700876,0.8601282221881698,0.27250739003888225,relevance_minus_redundancy,,
4,"f3_w6,f7_w6,f2_w6,f9_w6",0.4252093233344953,0.305762673239198,0.7455341410813562,0.27232798671489633,relevance_minus_redundancy,,
5,"f1_w6,f2_w6,f6_w6,f10_w6,f4_w6",0.3420865698823924,0.13988366145283146,0.3995381885726651,0.27214473915597664,relevance_minus_redundancy,,
5,"f1_w6,f7_w6,f8_w6,f2_w6,f6_w6",0.45339246283699347,0.3625632861301322,0.8601282221881698,0.27211081977192736,relevance_minus_redundancy,,
5,"f1_w6,f8_w6,f2_w6,f9_w6,f4_w6",0.3911970572943114,0.23830880292362638,0.6759634322678775,0.2720426558324982,relevance_minus_redundancy,,
9,"f1_w6,f5_w6,f3_w6,f7_w6,f8_w6,f2_w6,f9_w6,f6_w6,f10_w6",0.45537701701617306,0.36676078406065904,0.8601282221881698,0.27199662498584354,relevance_minus_redundancy,,
6,"f5_w6,f3_w6,f7_w6,f8_w6,f9_w6,f10_w6",0.4627224471690871,0.38168201935664026,0.8601282221881698,0.271881437490767,relevance_minus_redundancy,,
5,"f3_w6,f7_w6,f2_w6,f6_w6,f10_w6",0.38112791742160607,0.21870138728355445,0.5602656127403205,0.2717772237798288,relevance_minus_redundancy,,
4,"f1_w6,f8_w6,f6_w6,f10_w6",0.42219181040386405,0.3009425722204579,0.5619250803570098,0.27172052429363514,relevance_minus_redundancy,,
6,"f3_w6,f7_w6,f8_w6,f2_w6,f6_w6,f4_w6",0.38832409859835476,0.23323991007735906,0.8601282221881698,0.2717041435596752,relevance_minus_redundancy,,
5,"f5_w6,f3_w6,f9_w6,f6_w6,f4_w6",0.4034452807190586,0.26348289729130236,0.651642574178619,0.2717038320734074,relevance_minus_redundancy,,
7,"f5_w6,f3_w6,f7_w6,f8_w6,f6_w6,f10_w6,f4_w6",0.42215532149100377,0.3014583228312526,0.8601282221881698,0.27142616007537745,relevance_minus_redundancy,,
6,"f5_w6,f3_w6,f8_w6,f2_w6,f6_w6,f10_w6",0.42837230381758423,0.31389844048929955,0.651642574178619,0.27142308357293443,relevance_minus_redundancy,,
6,"f1_w6,f5_w6,f9_w6,f6_w6,f10_w6,f4_w6",0.39043641757850994,0.23816317395676162,0.7186988523426959,0.2713548306001291,relevance_minus_redundancy,,
5,"f3_w6,f7_w6,f2_w6,f9_w6,f4_w6",0.37639992396093447,0.2108745769502788,0.7455341410813562,0.2709626354857951,relevance_minus_redundancy,,
7,"f5_w6,f3_w6,f8_w6,f2_w6,f6_w6,f10_w6,f4_w6",0.39305659276745664,0.24462577666354055,0.651642574178619,0.27074370443568635,relevance_minus_redundancy,,
5,"f1_w6,f8_w6,f2_w6,f6_w6,f10_w6",0.3959250507549831,0.25103880990138394,0.5619250803570098,0.2704056458042911,relevance_minus_redundancy,,
5,"f1_w6,f7_w6,f2_w6,f9_w6,f10_w6",0.40524587904274945,0.269800387346832,0.7455341410813562,0.27034568536933345,relevance_minus_redundancy,,
4,"f3_w6,f8_w6,f2_w6,f9_w6",0.4141607277358341,0.2878014904116785,0.6759634322678775,0.27025998252999484,relevance_minus_redundancy,,
8,"f1_w6,f5_w6,f3_w6,f7_w6,f8_w6,f9_w6,f6_w6,f10_w6",0.4759418926232623,0.4122427603391948,0.8601282221881698,0.2698205124536649,relevance_minus_redundancy,,
4,"f3_w6,f2_w6,f9_w6,f4_w6",0.3468626266450958,0.15424226337111044,0.391687379755314,0.2697414949595406,relevance_minus_redundancy,,
8,"f5_w6,f3_w6,f7_w6,f8_w6,f2_w6,f6_w6,f10_w6,f4_w6",0.4057431578245607,0.27249412074518714,0.8601282221881698,0.2694960974519671,relevance_minus_redundancy,,
7,"f1_w6,f3_w6,f8_w6,f2_w6,f9_w6,f6_w6,f10_w6",0.4135793459613068,0.2885173723065116,0.7740977003046791,0.269320659808051,relevance_minus_redundancy,,
4,"f3_w6,f6_w6,f10_w6,f4_w6",0.32534869704774333,0.11243452619272502,0.20629680749542753,0.26913143395138084,relevance_minus_redundancy,,
7,"f1_w6,f5_w6,f7_w6,f8_w6,f6_w6,f10_w6,f4_w6",0.4390381856426509,0.33992417337648045,0.8601282221881698,0.26907609895441065,relevance_minus_redundancy,,
7,"f5_w6,f3_w6,f7_w6,f8_w6,f2_w6,f6_w6,f10_w6",0.43782613373282775,0.33778118703589727,0.8601282221881698,0.2689355402148791,relevance_minus_redundancy,,
8,"f1_w6,f5_w6,f7_w6,f8_w6,f2_w6,f9_w6,f10_w6,f4_w6",0.4208168838377753,0.30491052002252345,0.8601282221881698,0.26836162382651363,relevance_minus_redundancy,,
8,"f5_w6,f3_w6,f7_w6,f8_w6,f2_w6,f9_w6,f10_w6,f4_w6",0.4060443777050841,0.27612884821534156,0.8601282221881698,0.26797995359741333,relevance_minus_redundancy,,
7,"f5_w6,f3_w6,f7_w6,f8_w6,f2_w6,f9_w6,f10_w6",0.4381703850248545,0.3409087325657915,0.8601282221881698,0.2677160187419587,relevance_minus_redundancy,,
6,"f1_w6,f5_w6,f7_w6,f8_w6,f2_w6,f9_w6",0.4963601152368791,0.45751465721385165,0.8601282221881698,0.2676027866299533,relevance_minus_redundancy,,
4,"f3_w6,f8_w6,f6_w6,f10_w6",0.39264679813848163,0.25030660344965455,0.5331765374762124,0.2674934964136544,relevance_minus_redundancy,,
8,"f1_w6,f3_w6,f7_w6,f8_w6,f2_w6,f9_w6,f6_w6,f4_w6",0.4204443510757365,0.3059121029288995,0.8601282221881698,0.2674882996112868,relevance_minus_redundancy,,
7,"f1_w6,f5_w6,f7_w6,f8_w6,f9_w6,f10_w6,f4_w6",0.4393824369346776,0.3439591162955649,0.8601282221881698,0.26740287878689517,relevance_minus_redundancy,,
4,"f1_w6,f7_w6,f9_w6,f4_w6",0.4273304141766857,0.3198624503325131,0.7455341410813562,0.26739918901042914,relevance_minus_redundancy,,
5,"f3_w6,f8_w6,f2_w6,f9_w6,f4_w6",0.3675610474820055,0.20103739294515593,0.6759634322678775,0.2670423510094275,relevance_minus_redundancy,,
7,"f1_w6,f5_w6,f7_w6,f8_w6,f2_w6,f9_w6,f10_w6",0.4550532491765016,0.37609255717685236,0.8601282221881698,0.26700697058807543,relevance_minus_redundancy,,
4,"f5_w6,f7_w6,f8_w6,f4_w6",0.45871369717818605,0.3834579297858811,0.8601282221881698,0.2669847322852455,relevance_minus_redundancy,,
4,"f1_w6,f8_w6,f9_w6,f4_w6",0.41628181857802454,0.2986428686504577,0.6759634322678775,0.26696038425279567,relevance_minus_redundancy,,
4,"f1_w6,f5_w6,f9_w6,f6_w6",0.488561031547533,0.44358677873063207,0.7186988523426959,0.26676764218221694,relevance_minus_redundancy,,
6,"f5_w6,f3_w6,f7_w6,f8_w6,f6_w6,f10_w6",0.4623208206617226,0.39132608335939423,0.8601282221881698,0.2666577789820255,relevance_minus_redundancy,,
8,"f1_w6,f3_w6,f8_w6,f2_w6,f9_w6,f6_w6,f10_w6,f4_w6",0.3845272185244799,0.23654263504303466,0.7740977003046791,0.2662559010029626,relevance_minus_redundancy,,
4,"f1_w6,f2_w6,f9_w6,f6_w6",0.3840783800393677,0.2376818548948961,0.5746260080684351,0.2652374525919196,relevance_minus_redundancy,,
5,"f3_w6,f7_w6,f8_w6,f6_w6,f4_w6",0.40781731588613396,0.2851700894821182,0.8601282221881698,0.26523227114507486,relevance_minus_redundancy,,
6,"f1_w6,f5_w6,f2_w6,f9_w6,f6_w6,f10_w6",0.4087190318606379,0.2876182074560416,0.7186988523426959,0.2649099281326171,relevance_minus_redundancy,,
7,"f1_w6,f5_w6,f7_w6,f2_w6,f9_w6,f6_w6,f4_w6",0.4172590825772243,0.30521787666808153,0.7455341410813562,0.26465014424318356,relevance_minus_redundancy,,
4,"f5_w6,f8_w6,f2_w6,f10_w6",0.414303353498865,0.3005076739482832,0.5734944780694384,0.2640495165247234,relevance_minus_redundancy,,
6,"f5_w6,f3_w6,f2_w6,f9_w6,f6_w6,f4_w6",0.3846807359591254,0.2417214716324548,0.651642574178619,0.26382000014289797,relevance_minus_redundancy,,
5,"f1_w6,f8_w6,f6_w6,f10_w6,f4_w6",0.37398591361642947,0.22035804165399134,0.5619250803570098,0.2638068927894338,relevance_minus_redundancy,,
6,"f1_w6,f5_w6,f7_w6,f8_w6,f9_w6,f4_w6",0.47807750095475116,0.42855542991493306,0.8601282221881698,0.2637997859972846,relevance_minus_redundancy,,
4,"f5_w6,f2_w6,f9_w6,f4_w6",0.3487660017111766,0.17094898358303348,0.3595875535625846,0.2632915099196599,relevance_minus_redundancy,,
7,"f1_w6,f5_w6,f8_w6,f2_w6,f9_w6,f6_w6,f4_w6",0.4109455993779894,0.296008650917911,0.7186988523426959,0.2629412739190339,relevance_minus_redundancy,,
7,"f1_w6,f3_w6,f7_w6,f8_w6,f2_w6,f9_w6,f6_w6",0.45462749744845726,0.38345564325113457,0.8601282221881698,0.26289967582289,relevance_minus_redundancy,,
5,"f3_w6,f7_w6,f2_w6,f9_w6,f10_w6",0.38160986923044354,0.23747856395947128,0.7455341410813562,0.2628705872507079,relevance_minus_redundancy,,
7,"f1_w6,f5_w6,f2_w6,f9_w6,f6_w6,f10_w6,f4_w6",0.37621093109007403,0.22703723811160292,0.7186988523426959,0.26269231203427257,relevance_minus_redundancy,,
3,"f5_w6,f2_w6,f9_w6",0.4046338934593385,0.2843163295939674,0.3595875535625846,0.2624757286623548,relevance_minus_redundancy,,
3,"f8_w6,f2_w6,f4_w6",0.3074583564852647,0.09043818848020142,0.11716100743042646,0.262239262245164,relevance_minus_redundancy,,
7,"f1_w6,f5_w6,f3_w6,f7_w6,f8_w6,f9_w6,f6_w6",0.5143318697388374,0.5043957364384033,0.8601282221881698,0.26213400151963573,relevance_minus_redundancy,,
5,"f5_w6,f7_w6,f8_w6,f2_w6,f10_w6",0.4303525054439497,0.3368525909706045,0.8601282221881698,0.26192620995864746,relevance_minus_redundancy,,
6,"f1_w6,f5_w6,f7_w6,f8_w6,f6_w6,f10_w6",0.48201749550531087,0.44070984120479184,0.8601282221881698,0.26166257490291495,relevance_minus_redundancy,,
6,"f3_w6,f7_w6,f2_w6,f6_w6,f10_w6,f4_w6",0.34780031892912017,0.17228093529440044,0.5602656127403205,0.26165985128191993,relevance_minus_redundancy,,
4,"f1_w6,f8_w6,f9_w6,f10_w6",0.4227942501649109,0.3223178331114991,0.6759634322678775,0.26163533360916136,relevance_minus_redundancy,,
6,"f1_w6,f7_w6,f2_w6,f9_w6,f10_w6,f4_w6",0.3678986202800731,0.2132216291236098,0.7455341410813562,0.26128780571826815,relevance_minus_redundancy,,
5,"f5_w6,f3_w6,f7_w6,f8_w6,f6_w6",0.5133425742312199,0.5041894637049608,0.8601282221881698,0.2612478423787395,relevance_minus_redundancy,,
4,"f5_w6,f2_w6,f6_w6,f4_w6",0.34816356195012976,0.17402346295260354,0.6244677589856393,0.261151830473828,relevance_minus_redundancy,,
5,"f1_w6,f2_w6,f9_w6,f10_w6,f4_w6",0.34256852169122987,0.16307346142885312,0.3995381885726651,0.2610317909768033,relevance_minus_redundancy,,
7,"f1_w6,f3_w6,f7_w6,f8_w6,f9_w6,f6_w6,f4_w6",0.4389566852066333,0.35626494601650677,0.8601282221881698,0.2608242121983799,relevance_minus_redundancy,,
6,"f1_w6,f8_w6,f2_w6,f6_w6,f10_w6,f4_w6",0.3601312633736011,0.19893400041846726,0.5619250803570098,0.2606642631643674,relevance_minus_redundancy,,
5,"f3_w6,f8_w6,f9_w6,f10_w6,f4_w6",0.350831855612961,0.18037827402235315,0.6759634322678775,0.2606427186017844,relevance_minus_redundancy,,
6,"f5_w6,f7_w6,f8_w6,f2_w6,f10_w6,f4_w6",0.3888208089477399,0.2566895480232618,0.8601282221881698,0.260476034936109,relevance_minus_redundancy,,
6,"f1_w6,f5_w6,f7_w6,f8_w6,f9_w6,f10_w6",0.4824191220126754,0.4439525004224071,0.8601282221881698,0.26044287180147185,relevance_minus_redundancy,,
4,"f1_w6,f9_w6,f6_w6,f4_w6",0.3566544586161757,0.19256414054999882,0.5746260080684351,0.26037238834117626,relevance_minus_redundancy,,
8,"f1_w6,f3_w6,f7_w6,f8_w6,f9_w6,f6_w6,f10_w6,f4_w6",0.4099886061575837,0.2995302527186268,0.8601282221881698,0.2602234797982703,relevance_minus_redundancy,,
5,"f5_w6,f7_w6,f8_w6,f10_w6,f4_w6",0.40841336830539615,0.29730673612484715,0.8601282221881698,0.2597600002429726,relevance_minus_redundancy,,
6,"f5_w6,f3_w6,f9_w6,f6_w6,f10_w6,f4_w6",0.37073974273492166,0.22205574194751881,0.651642574178619,0.2597118717611623,relevance_minus_redundancy,,
9,"f1_w6,f3_w6,f7_w6,f8_w6,f2_w6,f9_w6,f6_w6,f10_w6,f4_w6",0.3967518734911254,0.27417667445435445,0.8601282221881698,0.25966353626394817,relevance_minus_redundancy,,
5,"f5_w6,f3_w6,f7_w6,f8_w6,f9_w6",0.5138245260400572,0.5085776792176389,0.8601282221881698,0.2595356864312378,relevance_minus_redundancy,,
3,"f5_w6,f2_w6,f10_w6",0.40228622772193856,0.2855469330450719,0.3995381885726651,0.2595127611994026,relevance_minus_redundancy,,
8,"f1_w6,f3_w6,f7_w6,f8_w6,f2_w6,f9_w6,f6_w6,f10_w6",0.4237005668691797,0.32850948453828543,0.8601282221881698,0.25944582460003696,relevance_minus_redundancy,,
5,"f5_w6,f8_w6,f2_w6,f10_w6,f4_w6",0.3676751480924302,0.21770976038160442,0.5734944780694384,0.258820267901628,relevance_minus_redundancy,,
5,"f3_w6,f8_w6,f6_w6,f10_w6,f4_w6",0.3503499038041235,0.18327381101462756,0.5331765374762124,0.2587129982968097,relevance_minus_redundancy,,
5,"f1_w6,f2_w6,f9_w6,f6_w6,f4_w6",0.3434951693248324,0.1698406389222499,0.5746260080684351,0.25857484986370743,relevance_minus_redundancy,,
4,"f5_w6,f9_w6,f10_w6,f4_w6",0.32785451187487097,0.1396402546958521,0.3595875535625846,0.25803438452694494,relevance_minus_redundancy,,
7,"f5_w6,f3_w6,f7_w6,f2_w6,f9_w6,f6_w6,f4_w6",0.4003762184255773,0.28521470037683205,0.7455341410813562,0.2577688682371613,relevance_minus_redundancy,,
5,"f5_w6,f3_w6,f9_w6,f6_w6,f10_w6",0.40865522598856774,0.3020050658524564,0.651642574178619,0.2576526930623395,relevance_minus_redundancy,,
6,"f1_w6,f7_w6,f8_w6,f2_w6,f6_w6,f10_w6",0.4123623944998673,0.30967145766067006,0.8601282221881698,0.25752666566953225,relevance_minus_redundancy,,
5,"f5_w6,f7_w6,f2_w6,f6_w6,f4_w6",0.3774406722049616,0.2403110428403234,0.6244677589856393,0.25728515078479985,relevance_minus_redundancy,,
7,"f1_w6,f3_w6,f7_w6,f8_w6,f9_w6,f6_w6,f10_w6",0.44267807468485404,0.3709737755658471,0.8601282221881698,0.2571911869019305,relevance_minus_redundancy,,
2,"f8_w6,f4_w6",0.31575852864816756,0.11716100743042646,0.11716100743042646,0.25717802493295433,relevance_minus_redundancy,,
8,"f1_w6,f5_w6,f7_w6,f2_w6,f9_w6,f6_w6,f10_w6,f4_w6",0.39100320385685094,0.2684202238235644,0.7455341410813562,0.2567930919450687,relevance_minus_redundancy,,
7,"f1_w6,f5_w6,f7_w6,f9_w6,f6_w6,f10_w6,f4_w6",0.4053096598136211,0.2976010676212867,0.7455341410813562,0.25650912600297776,relevance_minus_redundancy,,
6,"f1_w6,f5_w6,f7_w6,f2_w6,f9_w6,f6_w6",0.45660854192897987,0.4004950073706363,0.7455341410813562,0.25636103824366174,relevance_minus_redundancy,,
5,"f1_w6,f8_w6,f9_w6,f10_w6,f4_w6",0.37446786542526694,0.23679258949227075,0.6759634322678775,0.25607157067913155,relevance_minus_redundancy,,
4,"f1_w6,f9_w6,f6_w6,f10_w6",0.36316689020306203,0.21459225432299722,0.5746260080684351,0.2558707630415634,relevance_minus_redundancy,,
6,"f1_w6,f5_w6,f8_w6,f2_w6,f9_w6,f6_w6",0.4492428115298725,0.3869757408594717,0.7186988523426959,0.25575494110013663,relevance_minus_redundancy,,
7,"f5_w6,f3_w6,f8_w6,f2_w6,f9_w6,f6_w6,f4_w6",0.39406273522634233,0.2770196875836842,0.6759634322678775,0.2555528914345002,relevance_minus_redundancy,,
5,"f5_w6,f3_w6,f2_w6,f9_w6,f6_w6",0.4253844178576123,0.3398464019302009,0.651642574178619,0.25546121689251183,relevance_minus_redundancy,,
7,"f1_w6,f5_w6,f7_w6,f2_w6,f9_w6,f6_w6,f10_w6",0.4209804720554451,0.3311662680019156,0.7455341410813562,0.2553973380544873,relevance_minus_redundancy,,
3,"f1_w6,f9_w6,f6_w6",0.4151518359993372,0.3195888358309576,0.5746260080684351,0.25535741808385837,relevance_minus_redundancy,,
7,"f1_w6,f7_w6,f8_w6,f2_w6,f6_w6,f10_w6,f4_w6",0.3793338133522707,0.24887902488998842,0.8601282221881698,0.2548943009072765,relevance_minus_redundancy,,
6,"f3_w6,f7_w6,f2_w6,f9_w6,f10_w6,f4_w6",0.3482019454364848,0.1872053139474481,0.7455341410813562,0.25459928846276075,relevance_minus_redundancy,,
6,"f5_w6,f3_w6,f7_w6,f9_w6,f6_w6,f4_w6",0.41862925280326374,0.3285137433546085,0.7455341410813562,0.2543723811259595,relevance_minus_redundancy,,
4,"f5_w6,f2_w6,f10_w6,f4_w6",0.3470052524081267,0.1855885586385224,0.3995381885726651,0.2542109730888655,relevance_minus_redundancy,,
7,"f5_w6,f3_w6,f7_w6,f9_w6,f6_w6,f10_w6,f4_w6",0.3884267956619741,0.26848222204839567,0.7455341410813562,0.25418568463777624,relevance_minus_redundancy,,
5,"f1_w6,f8_w6,f2_w6,f9_w6,f10_w6",0.39640700256382055,0.2848979080529175,0.6759634322678775,0.2539580485373618,relevance_minus_redundancy,,
6,"f3_w6,f7_w6,f8_w6,f2_w6,f6_w6,f10_w6",0.392665719656279,0.27777124496982597,0.8601282221881698,0.253780097171366,relevance_minus_redundancy,,
6,"f3_w6,f7_w6,f8_w6,f2_w6,f9_w6,f4_w6",0.3887257251057194,0.270252956061057,0.8601282221881698,0.2535992470751909,relevance_minus_redundancy,,
6,"f1_w6,f5_w6,f7_w6,f9_w6,f6_w6,f4_w6",0.4383259276468519,0.36953131677263956,0.7455341410813562,0.2535602692605321,relevance_minus_redundancy,,
5,"f3_w6,f7_w6,f8_w6,f6_w6,f10_w6",0.41302726115564303,0.3195829653681523,0.8601282221881698,0.25323577847156686,relevance_minus_redundancy,,
6,"f3_w6,f7_w6,f8_w6,f6_w6,f10_w6,f4_w6",0.37438310537415104,0.2422995929097606,0.8601282221881698,0.25323330891927076,relevance_minus_redundancy,,
3,"f5_w6,f6_w6,f4_w6",0.36726541188035333,0.22847394487312986,0.6244677589856393,0.2530284394437884,relevance_minus_redundancy,,
6,"f5_w6,f3_w6,f8_w6,f9_w6,f6_w6,f4_w6",0.41126352240415626,0.316530913581293,0.6759634322678775,0.2529980656135098,relevance_minus_redundancy,,
6,"f1_w6,f5_w6,f8_w6,f9_w6,f6_w6,f4_w6",0.43096019724774454,0.35612858885949233,0.7186988523426959,0.25289590281799834,relevance_minus_redundancy,,
3,"f5_w6,f2_w6,f6_w6",0.4038306404446093,0.30249659267862294,0.6244677589856393,0.25258234410529784,relevance_minus_redundancy,,
5,"f3_w6,f8_w6,f2_w6,f6_w6,f10_w6",0.3722890409426771,0.2401769185543246,0.5331765374762124,0.25220058166551484,relevance_minus_redundancy,,
4,"f5_w6,f3_w6,f9_w6,f6_w6",0.4590160192821506,0.41386130696236895,0.651642574178619,0.2520853658009661,relevance_minus_redundancy,,
5,"f1_w6,f7_w6,f8_w6,f6_w6,f4_w6",0.4314533256984399,0.35961953223466425,0.8601282221881698,0.2516435595811078,relevance_minus_redundancy,,
4,"f5_w6,f7_w6,f8_w6,f10_w6",0.4652261287650724,0.4278244957752651,0.8601282221881698,0.2513138808774399,relevance_minus_redundancy,,
5,"f5_w6,f8_w6,f2_w6,f6_w6,f4_w6",0.3686017957260327,0.2346429434655874,0.6244677589856393,0.25128032399323896,relevance_minus_redundancy,,
7,"f3_w6,f7_w6,f8_w6,f2_w6,f6_w6,f10_w6,f4_w6",0.36245094920062354,0.22290142088372747,0.8601282221881698,0.2510002387587598,relevance_minus_redundancy,,
6,"f1_w6,f5_w6,f7_w6,f9_w6,f6_w6,f10_w6",0.44266754870477615,0.3842696470048964,0.7455341410813562,0.25053272520232794,relevance_minus_redundancy,,
4,"f3_w6,f7_w6,f8_w6,f6_w6",0.4644810632409947,0.42869349906761745,0.8601282221881698,0.250134313707186,relevance_minus_redundancy,,
3,"f7_w6,f2_w6,f10_w6",0.33087305939932815,0.16158700033021137,0.3995381885726651,0.2500795592342225,relevance_minus_redundancy,,
3,"f3_w6,f2_w6,f10_w6",0.3997483943004975,0.29990997706335965,0.3995381885726651,0.2497934057688177,relevance_minus_redundancy,,
8,"f1_w6,f5_w6,f8_w6,f2_w6,f9_w6,f6_w6,f10_w6,f4_w6",0.38547890605752033,0.2715147608010597,0.7186988523426959,0.2497215256569905,relevance_minus_redundancy,,
8,"f5_w6,f3_w6,f7_w6,f2_w6,f9_w6,f6_w6,f10_w6,f4_w6",0.37623069772415973,0.25355240747083285,0.7455341410813562,0.2494544939887433,relevance_minus_redundancy,,
5,"f5_w6,f7_w6,f2_w6,f9_w6,f4_w6",0.37792262401379906,0.25699320805268494,0.7455341410813562,0.2494260199874566,relevance_minus_redundancy,,
4,"f3_w6,f2_w6,f10_w6,f4_w6",0.3451018773420459,0.1917132584534601,0.3995381885726651,0.24924524811531584,relevance_minus_redundancy,,
6,"f5_w6,f3_w6,f7_w6,f9_w6,f6_w6,f10_w6",0.4229708738611879,0.3479716961207703,0.7455341410813562,0.24898502580080278,relevance_minus_redundancy,,
6,"f1_w6,f8_w6,f2_w6,f9_w6,f10_w6,f4_w6",0.3605328898809656,0.22391299338859266,0.6759634322678775,0.24857639318666927,relevance_minus_redundancy,,
6,"f1_w6,f7_w6,f8_w6,f2_w6,f9_w6,f4_w6",0.40842239994930757,0.31975951450617507,0.8601282221881698,0.24854264269622003,relevance_minus_redundancy,,
5,"f3_w6,f7_w6,f8_w6,f9_w6,f4_w6",0.4082992676949714,0.31965571684075633,0.8601282221881698,0.2484714092745932,relevance_minus_redundancy,,
6,"f5_w6,f3_w6,f7_w6,f2_w6,f9_w6,f6_w6",0.4369118670853917,0.37695899348080814,0.7455341410813562,0.24843237034498764,relevance_minus_redundancy,,
6,"f3_w6,f7_w6,f8_w6,f9_w6,f10_w6,f4_w6",0.3747847318815156,0.2527204701376467,0.8601282221881698,0.24842449681269227,relevance_minus_redundancy,,
7,"f1_w6,f5_w6,f8_w6,f9_w6,f6_w6,f10_w6,f4_w6",0.3989961766143862,0.3013629655939647,0.7186988523426959,0.24831469381740384,relevance_minus_redundancy,,
6,"f1_w6,f7_w6,f8_w6,f6_w6,f10_w6,f4_w6",0.3940797802177393,0.29168136512880766,0.8601282221881698,0.2482390976533355,relevance_minus_redundancy,,
5,"f3_w6,f7_w6,f8_w6,f9_w6,f10_w6",0.4135092129644805,0.3316048899063268,0.8601282221881698,0.2477067680113171,relevance_minus_redundancy,,
5,"f1_w6,f5_w6,f7_w6,f8_w6,f6_w6",0.5369785840435257,0.5786418848970328,0.8601282221881698,0.2476576415950093,relevance_minus_redundancy,,
3,"f7_w6,f10_w6,f4_w6",0.2943078308350721,0.09376781548778929,0.15912433954940838,0.24742392309117747,relevance_minus_redundancy,,
7,"f1_w6,f5_w6,f8_w6,f2_w6,f9_w6,f6_w6,f10_w6",0.4146669888562102,0.33484492411886696,0.7186988523426959,0.2472445267967767,relevance_minus_redundancy,,
6,"f5_w6,f3_w6,f8_w6,f2_w6,f9_w6,f6_w6",0.4295461366862842,0.3648596251094753,0.6759634322678775,0.24711632413154658,relevance_minus_redundancy,,
5,"f3_w6,f7_w6,f8_w6,f2_w6,f9_w6",0.43023840483352505,0.3662463603417828,0.8601282221881698,0.24711522466263364,relevance_minus_redundancy,,
6,"f1_w6,f3_w6,f7_w6,f8_w6,f9_w6,f6_w6",0.4819224116632903,0.4696193611104858,0.8601282221881698,0.2471127311080474,relevance_minus_redundancy,,
7,"f5_w6,f3_w6,f2_w6,f9_w6,f6_w6,f10_w6,f4_w6",0.35932806693842695,0.22482701996948787,0.651642574178619,0.24691455695368303,relevance_minus_redundancy,,
7,"f5_w6,f3_w6,f7_w6,f2_w6,f9_w6,f6_w6,f10_w6",0.40409760790379806,0.3145342506634553,0.7455341410813562,0.2468304825720704,relevance_minus_redundancy,,
6,"f3_w6,f8_w6,f2_w6,f6_w6,f10_w6,f4_w6",0.3404345885300128,0.18722430660250644,0.5331765374762124,0.24682243522875957,relevance_minus_redundancy,,
4,"f5_w6,f7_w6,f2_w6,f6_w6",0.42651025863952924,0.3597822797011572,0.6244677589856393,0.24661911878895063,relevance_minus_redundancy,,
4,"f3_w6,f2_w6,f9_w6,f10_w6",0.3533750582319822,0.2141409740729506,0.3995381885726651,0.24630457119550686,relevance_minus_redundancy,,
3,"f1_w6,f7_w6,f8_w6",0.5880863370144199,0.6837068070316438,0.8601282221881698,0.24623293349859804,relevance_minus_redundancy,,
8,"f1_w6,f5_w6,f7_w6,f8_w6,f2_w6,f9_w6,f6_w6,f4_w6",0.42139603860877684,0.35035288577796514,0.8601282221881698,0.24621959571979427,relevance_minus_redundancy,,
4,"f3_w6,f2_w6,f6_w6,f10_w6",0.35277261847093533,0.21372376766992854,0.3995381885726651,0.24591073463597107,relevance_minus_redundancy,,
4,"f3_w6,f9_w6,f6_w6,f4_w6",0.32710944635079325,0.16284363284761214,0.5746260080684351,0.24568762992698717,relevance_minus_redundancy,,
5,"f5_w6,f8_w6,f2_w6,f9_w6,f4_w6",0.36908374753487017,0.2470769453230119,0.6759634322678775,0.24554527487336422,relevance_minus_redundancy,,
7,"f5_w6,f3_w6,f8_w6,f9_w6,f6_w6,f10_w6,f4_w6",0.3821133124627391,0.2732583329780964,0.6759634322678775,0.24548414597369092,relevance_minus_redundancy,,
5,"f3_w6,f8_w6,f2_w6,f9_w6,f10_w6",0.3727709927515146,0.2547059318753043,0.6759634322678775,0.24541802681386243,relevance_minus_redundancy,,
8,"f5_w6,f3_w6,f7_w6,f8_w6,f2_w6,f9_w6,f6_w6,f4_w6",0.4066235324760856,0.32290101053114967,0.8601282221881698,0.2451730272105108,relevance_minus_redundancy,,
4,"f7_w6,f8_w6,f2_w6,f4_w6",0.3542310456700208,0.21833633236097658,0.8601282221881698,0.24506287948953248,relevance_minus_redundancy,,
5,"f5_w6,f7_w6,f9_w6,f10_w6,f4_w6",0.3611934321447546,0.23256836075806347,0.7455341410813562,0.24490925176572284,relevance_minus_redundancy,,
5,"f1_w6,f9_w6,f6_w6,f10_w6,f4_w6",0.32676597745578784,0.1643296201294512,0.5746260080684351,0.24460116739106225,relevance_minus_redundancy,,
6,"f5_w6,f3_w6,f2_w6,f9_w6,f6_w6,f10_w6",0.3890223570170496,0.2889923349750017,0.651642574178619,0.24452618952954877,relevance_minus_redundancy,,
3,"f7_w6,f8_w6,f2_w6",0.41192061873779734,0.33646477072429753,0.8601282221881698,0.24368823337564857,relevance_minus_redundancy,,
5,"f1_w6,f7_w6,f8_w6,f6_w6,f10_w6",0.43666327096794894,0.3869529743198411,0.8601282221881698,0.24318678380802838,relevance_minus_redundancy,,
6,"f3_w6,f7_w6,f8_w6,f2_w6,f9_w6,f10_w6",0.3930673461636436,0.2998084890732148,0.8601282221881698,0.2431631016270362,relevance_minus_redundancy,,
4,"f5_w6,f7_w6,f9_w6,f10_w6",0.40620120856427044,0.326957588140732,0.7455341410813562,0.24272241449390444,relevance_minus_redundancy,,
7,"f3_w6,f7_w6,f8_w6,f2_w6,f9_w6,f10_w6,f4_w6",0.36279520049265035,0.2403610672926503,0.8601282221881698,0.2426146668463252,relevance_minus_redundancy,,
8,"f5_w6,f3_w6,f8_w6,f2_w6,f9_w6,f6_w6,f10_w6,f4_w6",0.3707063999248291,0.25740760416609504,0.6759634322678775,0.2420025978417816,relevance_minus_redundancy,,
7,"f1_w6,f7_w6,f8_w6,f2_w6,f9_w6,f10_w6,f4_w6",0.3796780646442974,0.27554347359917497,0.8601282221881698,0.2419063278447099,relevance_minus_redundancy,,
9,"f1_w6,f5_w6,f7_w6,f8_w6,f2_w6,f9_w6,f6_w6,f10_w6,f4_w6",0.39759781796493904,0.3114034942037217,0.8601282221881698,0.24189607086307818,relevance_minus_redundancy,,
3,"f1_w6,f8_w6,f9_w6",0.4946549826151357,0.5056542183994807,0.6759634322678775,0.24182787341539536,relevance_minus_redundancy,,
6,"f1_w6,f7_w6,f2_w6,f9_w6,f6_w6,f4_w6",0.36867082664140843,0.2541232312087342,0.7455341410813562,0.24160921103704133,relevance_minus_redundancy,,
6,"f3_w6,f8_w6,f2_w6,f9_w6,f10_w6,f4_w6",0.3408362150373773,0.19931657635226274,0.6759634322678775,0.24117792686124595,relevance_minus_redundancy,,
4,"f5_w6,f8_w6,f2_w6,f6_w6",0.41546166304086807,0.34876957125761593,0.6244677589856393,0.2410768774120601,relevance_minus_redundancy,,
5,"f1_w6,f2_w6,f9_w6,f6_w6,f10_w6",0.34870511459434145,0.2154416336387152,0.5746260080684351,0.24098429777498384,relevance_minus_redundancy,,
6,"f1_w6,f5_w6,f8_w6,f9_w6,f6_w6,f10_w6",0.4353018183056687,0.3889099537057198,0.7186988523426959,0.24084684145280882,relevance_minus_redundancy,,
6,"f1_w6,f7_w6,f8_w6,f2_w6,f9_w6,f10_w6",0.4127640210072318,0.34459542498442813,0.8601282221881698,0.24046630851501774,relevance_minus_redundancy,,
5,"f3_w6,f2_w6,f6_w6,f10_w6,f4_w6",0.3184505600700865,0.15717770120834954,0.3995381885726651,0.23986170946591173,relevance_minus_redundancy,,
9,"f5_w6,f3_w6,f7_w6,f8_w6,f2_w6,f9_w6,f6_w6,f10_w6,f4_w6",0.38446670140254685,0.29015669801841404,0.8601282221881698,0.23938835239333983,relevance_minus_redundancy,,
6,"f1_w6,f8_w6,f2_w6,f9_w6,f6_w6,f4_w6",0.361305096242301,0.24433927204788006,0.6759634322678775,0.23913546021836096,relevance_minus_redundancy,,
4,"f5_w6,f7_w6,f9_w6,f4_w6",0.3996887769773841,0.3216773775401636,0.7455341410813562,0.23885008820730227,relevance_minus_redundancy,,
6,"f5_w6,f3_w6,f8_w6,f9_w6,f6_w6,f10_w6",0.41560514346208044,0.35403190096142534,0.6759634322678775,0.23858919298136777,relevance_minus_redundancy,,
5,"f3_w6,f2_w6,f9_w6,f10_w6,f4_w6",0.31893251187892396,0.1610374163538174,0.3995381885726651,0.23841380370201526,relevance_minus_redundancy,,
7,"f5_w6,f3_w6,f8_w6,f2_w6,f9_w6,f6_w6,f10_w6",0.3977841247045631,0.31922711973742934,0.6759634322678775,0.23817056483584842,relevance_minus_redundancy,,
6,"f5_w6,f7_w6,f8_w6,f2_w6,f6_w6,f4_w6",0.38959301530907536,0.304368487168777,0.8601282221881698,0.23740877172468686,relevance_minus_redundancy,,
6,"f5_w6,f7_w6,f2_w6,f9_w6,f10_w6,f4_w6",0.3494708621472053,0.22433930742927785,0.7455341410813562,0.23730120843256636,relevance_minus_redundancy,,
8,"f5_w6,f3_w6,f7_w6,f8_w6,f9_w6,f6_w6,f10_w6,f4_w6",0.3961677875579328,0.31806584816184713,0.8601282221881698,0.23713486347700924,relevance_minus_redundancy,,
6,"f1_w6,f7_w6,f8_w6,f9_w6,f10_w6,f4_w6",0.3944814067251039,0.314988965577063,0.8601282221881698,0.2369869239365724,relevance_minus_redundancy,,
5,"f1_w6,f7_w6,f8_w6,f2_w6,f9_w6",0.4538744146458309,0.4338035486325783,0.8601282221881698,0.23697264032954174,relevance_minus_redundancy,,
5,"f5_w6,f7_w6,f2_w6,f9_w6,f10_w6",0.3831325692833082,0.2925454608656922,0.7455341410813562,0.23685983885046208,relevance_minus_redundancy,,
4,"f5_w6,f8_w6,f9_w6,f4_w6",0.3886401813787229,0.3038757433334372,0.6759634322678775,0.23670230971200432,relevance_minus_redundancy,,
8,"f1_w6,f5_w6,f7_w6,f8_w6,f2_w6,f9_w6,f6_w6,f10_w6",0.42465225440222004,0.37614607660299926,0.8601282221881698,0.2365792161007204,relevance_minus_redundancy,,
4,"f5_w6,f7_w6,f2_w6,f9_w6",0.4271126984005761,0.3815702362156687,0.7455341410813562,0.23632758029274173,relevance_minus_redundancy,,
5,"f1_w6,f5_w6,f7_w6,f8_w6,f9_w6",0.5374605358523632,0.6023601852402647,0.8601282221881698,0.23628044323223085,relevance_minus_redundancy,,
2,"f2_w6,f6_w6",0.2513516515708539,0.03024736255316385,0.03024736255316385,0.23622797029427195,relevance_minus_redundancy,,
6,"f5_w6,f7_w6,f2_w6,f6_w6,f10_w6,f4_w6",0.34906923563984077,0.22578740496557612,0.6244677589856393,0.2361755331570527,relevance_minus_redundancy,,
4,"f3_w6,f9_w6,f6_w6,f10_w6",0.3336218779376796,0.19667080295537273,0.5746260080684351,0.23528647645999323,relevance_minus_redundancy,,
7,"f5_w6,f3_w6,f7_w6,f8_w6,f9_w6,f6_w6,f4_w6",0.42316146394988946,0.3762366239673176,0.8601282221881698,0.23504315196623066,relevance_minus_redundancy,,
8,"f1_w6,f5_w6,f7_w6,f8_w6,f9_w6,f6_w6,f10_w6,f4_w6",0.410940293690624,0.35235447536989367,0.8601282221881698,0.23476305600567718,relevance_minus_redundancy,,
4,"f5_w6,f7_w6,f6_w6,f4_w6",0.39908633721633724,0.3289303382144091,0.6244677589856393,0.2346211681091327,relevance_minus_redundancy,,
6,"f1_w6,f2_w6,f9_w6,f6_w6,f10_w6,f4_w6",0.32078131657306636,0.1723903957193122,0.5746260080684351,0.23458611871341026,relevance_minus_redundancy,,
5,"f1_w6,f7_w6,f2_w6,f9_w6,f6_w6",0.4061725266763519,0.3431767457761353,0.7455341410813562,0.23458415378828426,relevance_minus_redundancy,,
3,"f3_w6,f9_w6,f6_w6",0.37575848631216063,0.2824899850157902,0.5746260080684351,0.23451349380426553,relevance_minus_redundancy,,
7,"f1_w6,f5_w6,f7_w6,f8_w6,f2_w6,f9_w6,f6_w6",0.4557151403433605,0.4424080711848775,0.8601282221881698,0.23451110475092177,relevance_minus_redundancy,,
7,"f5_w6,f3_w6,f7_w6,f8_w6,f2_w6,f9_w6,f6_w6",0.43883227619171344,0.4089973086543055,0.8601282221881698,0.2343336218645607,relevance_minus_redundancy,,
4,"f5_w6,f8_w6,f2_w6,f9_w6",0.4160641028019149,0.3634772555138989,0.6759634322678775,0.23432547504496545,relevance_minus_redundancy,,
8,"f5_w6,f3_w6,f7_w6,f8_w6,f2_w6,f9_w6,f6_w6,f10_w6",0.40987974826952883,0.3512225705707757,0.8601282221881698,0.23426846298414097,relevance_minus_redundancy,,
5,"f3_w6,f2_w6,f9_w6,f6_w6,f4_w6",0.3198591595125264,0.1715280242162405,0.5746260080684351,0.23409514740440618,relevance_minus_redundancy,,
6,"f1_w6,f7_w6,f2_w6,f9_w6,f6_w6,f10_w6",0.3730124476993326,0.27830040141177004,0.7455341410813562,0.2338622469934476,relevance_minus_redundancy,,
3,"f1_w6,f7_w6,f9_w6",0.5093864434133506,0.5512251340682209,0.7455341410813562,0.23377387637924013,relevance_minus_redundancy,,
6,"f3_w6,f7_w6,f2_w6,f9_w6,f6_w6,f4_w6",0.34897415179782015,0.23058920294525675,0.7455341410813562,0.23367955032519178,relevance_minus_redundancy,,
5,"f1_w6,f8_w6,f2_w6,f9_w6,f6_w6",0.397333650197423,0.32756128134346524,0.6759634322678775,0.23355300952569039,relevance_minus_redundancy,,
5,"f5_w6,f7_w6,f2_w6,f6_w6,f10_w6",0.3826506174744707,0.2983269984737943,0.6244677589856393,0.23348711823757357,relevance_minus_redundancy,,
7,"f1_w6,f7_w6,f2_w6,f9_w6,f6_w6,f10_w6,f4_w6",0.345605287523241,0.22446244624264852,0.7455341410813562,0.23337406440191671,relevance_minus_redundancy,,
5,"f5_w6,f3_w6,f8_w6,f9_w6,f6_w6",0.4572837615916493,0.447914156515016,0.6759634322678775,0.2333266833341413,relevance_minus_redundancy,,
5,"f5_w6,f7_w6,f6_w6,f10_w6,f4_w6",0.3607114803359171,0.2557744486794197,0.6244677589856393,0.23282425599620726,relevance_minus_redundancy,,
5,"f5_w6,f3_w6,f7_w6,f9_w6,f6_w6",0.46612263807057824,0.4668279268663781,0.7455341410813562,0.2327086746373892,relevance_minus_redundancy,,
4,"f5_w6,f2_w6,f9_w6,f10_w6",0.35527843329806297,0.24576147062456508,0.3995381885726651,0.23239769798578042,relevance_minus_redundancy,,
6,"f1_w6,f7_w6,f9_w6,f6_w6,f10_w6,f4_w6",0.35472983341720465,0.2466894787053267,0.7455341410813562,0.2313850940645413,relevance_minus_redundancy,,
5,"f1_w6,f5_w6,f8_w6,f9_w6,f6_w6",0.4809197714039552,0.500608020055433,0.7186988523426959,0.23061576137623868,relevance_minus_redundancy,,
6,"f3_w6,f8_w6,f2_w6,f9_w6,f6_w6,f4_w6",0.3416084213987127,0.22222514192423432,0.6759634322678775,0.23049585043659557,relevance_minus_redundancy,,
5,"f5_w6,f2_w6,f9_w6,f10_w6,f4_w6",0.3204552119317886,0.18064380760130977,0.3995381885726651,0.23013330813113372,relevance_minus_redundancy,,
6,"f3_w6,f7_w6,f9_w6,f6_w6,f10_w6,f4_w6",0.3350331585736164,0.2103935134475511,0.7455341410813562,0.22983640184984083,relevance_minus_redundancy,,
5,"f3_w6,f9_w6,f6_w6,f10_w6,f4_w6",0.3031299676434819,0.14687409993199468,0.5746260080684351,0.22969291767748454,relevance_minus_redundancy,,
7,"f1_w6,f5_w6,f7_w6,f8_w6,f9_w6,f6_w6,f4_w6",0.44004432810153654,0.42213421473232043,0.8601282221881698,0.22897722073537632,relevance_minus_redundancy,,
4,"f5_w6,f8_w6,f6_w6,f4_w6",0.38803774161767607,0.3182089762659111,0.6244677589856393,0.22893325348472052,relevance_minus_redundancy,,
5,"f1_w6,f5_w6,f7_w6,f9_w6,f6_w6",0.4897586478828841,0.5216516376165428,0.7455341410813562,0.2289328290746127,relevance_minus_redundancy,,
4,"f3_w6,f2_w6,f9_w6,f6_w6",0.35453336777398525,0.2516652460130167,0.5746260080684351,0.2287007447674769,relevance_minus_redundancy,,
5,"f3_w6,f7_w6,f9_w6,f6_w6,f4_w6",0.3605973797254924,0.2649810143081571,0.7455341410813562,0.22810687257141382,relevance_minus_redundancy,,
5,"f1_w6,f7_w6,f8_w6,f9_w6,f10_w6",0.43714522277678647,0.41830498368856944,0.8601282221881698,0.22799273093250175,relevance_minus_redundancy,,
5,"f3_w6,f7_w6,f9_w6,f6_w6,f10_w6",0.36580732499500146,0.2759420769609018,0.7455341410813562,0.22783628651455057,relevance_minus_redundancy,,
5,"f1_w6,f7_w6,f9_w6,f6_w6,f10_w6",0.3894433348073074,0.3236833754706834,0.7455341410813562,0.22760164707196573,relevance_minus_redundancy,,
7,"f5_w6,f3_w6,f7_w6,f8_w6,f9_w6,f6_w6,f10_w6",0.4268828534281102,0.39857769142364463,0.8601282221881698,0.2275940077162879,relevance_minus_redundancy,,
6,"f5_w6,f7_w6,f8_w6,f2_w6,f9_w6,f4_w6",0.3899946418164399,0.32500905696312904,0.8601282221881698,0.22749011333487537,relevance_minus_redundancy,,
5,"f5_w6,f8_w6,f9_w6,f10_w6,f4_w6",0.35235455566582563,0.24989145784637246,0.6759634322678775,0.2274088267426394,relevance_minus_redundancy,,
5,"f3_w6,f8_w6,f9_w6,f6_w6,f4_w6",0.35175850324656344,0.25167020498226067,0.6759634322678775,0.2259234007554331,relevance_minus_redundancy,,
5,"f3_w6,f7_w6,f2_w6,f9_w6,f6_w6",0.382536516864046,0.3145783527578008,0.7455341410813562,0.22524734048514558,relevance_minus_redundancy,,
5,"f1_w6,f7_w6,f8_w6,f9_w6,f4_w6",0.43193527750727734,0.4134352444238562,0.8601282221881698,0.22521765529534923,relevance_minus_redundancy,,
4,"f3_w6,f7_w6,f8_w6,f9_w6",0.46508350300204154,0.48015389249258983,0.8601282221881698,0.22500655675574663,relevance_minus_redundancy,,
7,"f3_w6,f7_w6,f2_w6,f9_w6,f6_w6,f10_w6,f4_w6",0.3287224233715939,0.20783184720872433,0.7455341410813562,0.22480649976723174,relevance_minus_redundancy,,
4,"f7_w6,f2_w6,f10_w6,f4_w6",0.29344537616616884,0.13789133585043045,0.3995381885726651,0.2244997082409536,relevance_minus_redundancy,,
7,"f5_w6,f7_w6,f8_w6,f2_w6,f6_w6,f10_w6,f4_w6",0.3635385920955269,0.2782705755301397,0.8601282221881698,0.22440330433045708,relevance_minus_redundancy,,
5,"f1_w6,f7_w6,f9_w6,f6_w6,f4_w6",0.38423338953779834,0.319801746618796,0.7455341410813562,0.22433251622840034,relevance_minus_redundancy,,
6,"f5_w6,f8_w6,f2_w6,f9_w6,f10_w6,f4_w6",0.34210513174809787,0.23639785068439237,0.6759634322678775,0.2239062064059017,relevance_minus_redundancy,,
7,"f1_w6,f8_w6,f2_w6,f9_w6,f6_w6,f10_w6,f4_w6",0.339291804324006,0.23080917903839313,0.6759634322678775,0.22388721480480944,relevance_minus_redundancy,,
6,"f3_w6,f7_w6,f2_w6,f9_w6,f6_w6,f10_w6",0.3533157728557444,0.2594859956821974,0.7455341410813562,0.2235727750146457,relevance_minus_redundancy,,
4,"f1_w6,f7_w6,f8_w6,f6_w6",0.4940260755063771,0.5416048213603913,0.8601282221881698,0.22322366482618144,relevance_minus_redundancy,,
5,"f1_w6,f8_w6,f9_w6,f6_w6,f4_w6",0.3753945130588694,0.30436109008315193,0.6759634322678775,0.22321396801729343,relevance_minus_redundancy,,
7,"f1_w6,f5_w6,f7_w6,f8_w6,f9_w6,f6_w6,f10_w6",0.4437657175797573,0.4411041232358581,0.8601282221881698,0.22321365596182824,relevance_minus_redundancy,,
5,"f3_w6,f8_w6,f2_w6,f9_w6,f6_w6",0.37369764038511705,0.30109273553487836,0.6759634322678775,0.22315127261767786,relevance_minus_redundancy,,
4,"f5_w6,f6_w6,f10_w6,f4_w6",0.3272520721138241,0.20919515595495172,0.6244677589856393,0.22265449413634825,relevance_minus_redundancy,,
6,"f1_w6,f8_w6,f2_w6,f9_w6,f6_w6,f10_w6",0.3656467173002252,0.28655947686488653,0.6759634322678775,0.22236697886778192,relevance_minus_redundancy,,
7,"f1_w6,f7_w6,f8_w6,f2_w6,f9_w6,f6_w6,f4_w6",0.3803399558111563,0.3161266372292802,0.8601282221881698,0.22227663719651622,relevance_minus_redundancy,,
3,"f7_w6,f2_w6,f6_w6",0.33241747212199885,0.22044081043801056,0.5602656127403205,0.22219706690299357,relevance_minus_redundancy,,
7,"f3_w6,f7_w6,f8_w6,f2_w6,f9_w6,f6_w6,f4_w6",0.3634570916595093,0.2827172930032442,0.8601282221881698,0.22209844515788718,relevance_minus_redundancy,,
7,"f5_w6,f7_w6,f8_w6,f2_w6,f9_w6,f10_w6,f4_w6",0.36388284338755367,0.2840355960895297,0.8601282221881698,0.2218650453427888,relevance_minus_redundancy,,
6,"f5_w6,f8_w6,f2_w6,f6_w6,f10_w6,f4_w6",0.3417035052407333,0.240678057123982,0.6244677589856393,0.2213644766787423,relevance_minus_redundancy,,
5,"f5_w6,f7_w6,f8_w6,f2_w6,f6_w6",0.4312791530775522,0.4203949549904939,0.8601282221881698,0.22108167558230526,relevance_minus_redundancy,,
4,"f7_w6,f2_w6,f6_w6,f4_w6",0.2946036857081719,0.14727831540163575,0.5602656127403205,0.22096452800735406,relevance_minus_redundancy,,
6,"f1_w6,f8_w6,f9_w6,f6_w6,f10_w6,f4_w6",0.3473641030180972,0.2550650927564605,0.6759634322678775,0.21983155663986698,relevance_minus_redundancy,,
4,"f5_w6,f7_w6,f6_w6,f10_w6",0.4055987688032236,0.3716500535157501,0.6244677589856393,0.21977374204534855,relevance_minus_redundancy,,
5,"f5_w6,f8_w6,f2_w6,f9_w6,f10_w6",0.37429369280437924,0.3096937500569751,0.6759634322678775,0.2194468177758917,relevance_minus_redundancy,,
5,"f5_w6,f2_w6,f6_w6,f10_w6,f4_w6",0.31997326012295113,0.20134280673986074,0.6244677589856393,0.21930185675302077,relevance_minus_redundancy,,
8,"f1_w6,f7_w6,f8_w6,f2_w6,f9_w6,f6_w6,f10_w6,f4_w6",0.35869896793654144,0.27982058633215573,0.8601282221881698,0.21878867477046357,relevance_minus_redundancy,,
4,"f5_w6,f8_w6,f9_w6,f10_w6",0.3951526129656093,0.3542635404689321,0.6759634322678775,0.21802084273114322,relevance_minus_redundancy,,
4,"f7_w6,f8_w6,f2_w6,f10_w6",0.36074347725690714,0.2862999982773082,0.8601282221881698,0.21759347811825305,relevance_minus_redundancy,,
6,"f3_w6,f8_w6,f9_w6,f6_w6,f10_w6,f4_w6",0.32766742817450895,0.22018902563851664,0.6759634322678775,0.21757291535525064,relevance_minus_redundancy,,
6,"f5_w6,f7_w6,f8_w6,f2_w6,f6_w6,f10_w6",0.39393463636699955,0.35486533259712055,0.8601282221881698,0.21650197006843927,relevance_minus_redundancy,,
8,"f3_w6,f7_w6,f8_w6,f2_w6,f9_w6,f6_w6,f10_w6,f4_w6",0.34392646180385017,0.2548981440283343,0.8601282221881698,0.21647738978968303,relevance_minus_redundancy,,
5,"f7_w6,f8_w6,f2_w6,f10_w6,f4_w6",0.3248272470988639,0.21775480112062243,0.8601282221881698,0.2159498465385527,relevance_minus_redundancy,,
7,"f3_w6,f8_w6,f2_w6,f9_w6,f6_w6,f10_w6,f4_w6",0.32240894017235894,0.21519279296149157,0.6759634322678775,0.21481254369161315,relevance_minus_redundancy,,
6,"f5_w6,f7_w6,f8_w6,f9_w6,f10_w6,f4_w6",0.3760536485922361,0.3231256586704945,0.8601282221881698,0.21449081925698887,relevance_minus_redundancy,,
1,f9_w6,0.2142550500264361,0.0,0.0,0.2142550500264361,relevance_minus_redundancy,,
6,"f3_w6,f2_w6,f9_w6,f6_w6,f10_w6,f4_w6",0.3010846417294781,0.17376650886462294,0.5746260080684351,0.2142013872971666,relevance_minus_redundancy,,
6,"f5_w6,f7_w6,f8_w6,f2_w6,f9_w6,f10_w6",0.3943362628743641,0.3605301005111635,0.8601282221881698,0.21407121261878231,relevance_minus_redundancy,,
5,"f5_w6,f8_w6,f2_w6,f6_w6,f10_w6",0.37381174099554176,0.31972345102001426,0.6244677589856393,0.21395001548553463,relevance_minus_redundancy,,
5,"f5_w6,f8_w6,f6_w6,f10_w6,f4_w6",0.35187260385698815,0.2773457091226657,0.6244677589856393,0.2131997492956553,relevance_minus_redundancy,,
7,"f1_w6,f7_w6,f8_w6,f2_w6,f9_w6,f6_w6,f10_w6",0.3840613452893771,0.3418385742833745,0.8601282221881698,0.21314205814768983,relevance_minus_redundancy,,
5,"f3_w6,f2_w6,f9_w6,f6_w6,f10_w6",0.3250691047820355,0.2242084527335631,0.5746260080684351,0.21296487841525394,relevance_minus_redundancy,,
5,"f1_w6,f8_w6,f9_w6,f6_w6,f10_w6",0.38060445832837847,0.33530727085599527,0.6759634322678775,0.21295082290038084,relevance_minus_redundancy,,
6,"f5_w6,f3_w6,f7_w6,f8_w6,f9_w6,f6_w6",0.4634946535304225,0.5016254142818597,0.8601282221881698,0.21268194638949267,relevance_minus_redundancy,,
7,"f3_w6,f7_w6,f8_w6,f9_w6,f6_w6,f10_w6,f4_w6",0.351507668895906,0.27857739567424955,0.8601282221881698,0.21221897105878124,relevance_minus_redundancy,,
5,"f3_w6,f8_w6,f9_w6,f6_w6,f10_w6",0.35696844851607257,0.28969581955596124,0.6759634322678775,0.21212053873809195,relevance_minus_redundancy,,
1,f6_w6,0.21184529098224875,0.0,0.0,0.21184529098224875,relevance_minus_redundancy,,
4,"f5_w6,f2_w6,f6_w6,f10_w6",0.3546759935370161,0.2862754546949077,0.6244677589856393,0.21153826618956226,relevance_minus_redundancy,,
6,"f3_w6,f8_w6,f2_w6,f9_w6,f6_w6,f10_w6",0.3459500424566369,0.26916496927514555,0.6759634322678775,0.21136755781906413,relevance_minus_redundancy,,
7,"f3_w6,f7_w6,f8_w6,f2_w6,f9_w6,f6_w6,f10_w6",0.36717848113773005,0.31180038901012774,0.8601282221881698,0.21127828663266618,relevance_minus_redundancy,,
6,"f5_w6,f7_w6,f8_w6,f6_w6,f10_w6,f4_w6",0.3756520220848716,0.32907725763195433,0.8601282221881698,0.21111339326889442,relevance_minus_redundancy,,
4,"f8_w6,f2_w6,f6_w6,f4_w6",0.28355509010951074,0.1456038753338705,0.5331765374762124,0.21075315244257548,relevance_minus_redundancy,,
3,"f8_w6,f2_w6,f6_w6",0.317686011323784,0.21396017799785058,0.5331765374762124,0.21070592232485869,relevance_minus_redundancy,,
6,"f3_w6,f7_w6,f8_w6,f2_w6,f9_w6,f6_w6",0.393839552524979,0.36712317526912397,0.8601282221881698,0.210277964890417,relevance_minus_redundancy,,
3,"f5_w6,f7_w6,f8_w6",0.5512308207486843,0.6845838438892716,0.8601282221881698,0.20893889880404853,relevance_minus_redundancy,,
6,"f1_w6,f7_w6,f8_w6,f2_w6,f9_w6,f6_w6",0.4135362273685672,0.4094278242676531,0.8601282221881698,0.20882231523474065,relevance_minus_redundancy,,
5,"f5_w6,f7_w6,f8_w6,f2_w6,f9_w6",0.43176110488638964,0.4477464183783673,0.8601282221881698,0.20788789569720598,relevance_minus_redundancy,,
7,"f1_w6,f7_w6,f8_w6,f9_w6,f6_w6,f10_w6,f4_w6",0.3683905330475531,0.32110240918192695,0.8601282221881698,0.20783932845658962,relevance_minus_redundancy,,
6,"f3_w6,f7_w6,f8_w6,f9_w6,f6_w6,f4_w6",0.37555693824285097,0.33663857453377827,0.8601282221881698,0.20723765097596183,relevance_minus_redundancy,,
1,f10_w6,0.20721205281423646,0.0,0.0,0.20721205281423646,relevance_minus_redundancy,,
5,"f5_w6,f2_w6,f9_w6,f6_w6,f4_w6",0.32138185956539106,0.22939198176386819,0.6244677589856393,0.20668586868345695,relevance_minus_redundancy,,
5,"f5_w6,f7_w6,f8_w6,f6_w6,f4_w6",0.40934001593899855,0.4057542274450701,0.8601282221881698,0.2064629022164635,relevance_minus_redundancy,,
4,"f3_w6,f8_w6,f9_w6,f6_w6",0.39440754744153156,0.3783248667256463,0.6759634322678775,0.2052451140787084,relevance_minus_redundancy,,
4,"f3_w6,f7_w6,f9_w6,f6_w6",0.40545614304019273,0.4020754250877885,0.7455341410813562,0.2044184304962985,relevance_minus_redundancy,,
4,"f7_w6,f8_w6,f10_w6,f4_w6",0.33331955583371514,0.25884113476713894,0.8601282221881698,0.20389898845014567,relevance_minus_redundancy,,
3,"f2_w6,f6_w6,f4_w6",0.22795520986946624,0.04827635771080293,0.0756969240460024,0.2038170310140648,relevance_minus_redundancy,,
6,"f5_w6,f7_w6,f2_w6,f9_w6,f6_w6,f4_w6",0.3502430685085407,0.29322824062717673,0.7455341410813562,0.20362894819495234,relevance_minus_redundancy,,
3,"f5_w6,f6_w6,f10_w6",0.3759486539962018,0.34503084018218394,0.6244677589856393,0.20343323390510984,relevance_minus_redundancy,,
6,"f1_w6,f5_w6,f7_w6,f8_w6,f9_w6,f6_w6",0.4831913283740108,0.5614136084349425,0.8601282221881698,0.20248452415653956,relevance_minus_redundancy,,
5,"f7_w6,f8_w6,f2_w6,f6_w6,f4_w6",0.3257538947324664,0.24725922934687988,0.8601282221881698,0.20212428005902647,relevance_minus_redundancy,,
6,"f3_w6,f7_w6,f8_w6,f9_w6,f6_w6,f10_w6",0.37989855930077515,0.35576549130830437,0.8601282221881698,0.20201581364662297,relevance_minus_redundancy,,
5,"f5_w6,f7_w6,f8_w6,f9_w6,f4_w6",0.4098219677478361,0.4156811405196894,0.8601282221881698,0.20198139748799138,relevance_minus_redundancy,,
2,"f9_w6,f10_w6",0.21073355142033628,0.017753692327338144,0.017753692327338144,0.2018567052566672,relevance_minus_redundancy,,
7,"f5_w6,f7_w6,f2_w6,f9_w6,f6_w6,f10_w6,f4_w6",0.3298100662664972,0.2571370451340665,0.7455341410813562,0.20124154369946398,relevance_minus_redundancy,,
6,"f5_w6,f8_w6,f2_w6,f9_w6,f6_w6,f4_w6",0.3428773381094332,0.2848114604564541,0.6759634322678775,0.20047160788120616,relevance_minus_redundancy,,
2,"f2_w6,f4_w6",0.236010169313075,0.0756969240460024,0.0756969240460024,0.19816170729007382,relevance_minus_redundancy,,
6,"f1_w6,f7_w6,f8_w6,f9_w6,f6_w6,f4_w6",0.39525361308643925,0.3964247830605103,0.8601282221881698,0.1970412215561841,relevance_minus_redundancy,,
5,"f5_w6,f7_w6,f8_w6,f9_w6,f10_w6",0.4150319130173451,0.43657857938907474,0.8601282221881698,0.19674262332280773,relevance_minus_redundancy,,
4,"f1_w6,f8_w6,f9_w6,f6_w6",0.423952559706914,0.45497192626566213,0.6759634322678775,0.1964665965740829,relevance_minus_redundancy,,
3,"f7_w6,f8_w6,f4_w6",0.37535539017354136,0.36168499337837795,0.8601282221881698,0.19451289348435238,relevance_minus_redundancy,,
4,"f7_w6,f2_w6,f6_w6,f10_w6",0.30111611729505827,0.21359513062992433,0.5602656127403205,0.19431855198009612,relevance_minus_redundancy,,
6,"f1_w6,f7_w6,f8_w6,f9_w6,f6_w6,f10_w6",0.39959523414436343,0.4108320773011316,0.8601282221881698,0.19417919549379764,relevance_minus_redundancy,,
5,"f7_w6,f2_w6,f6_w6,f10_w6,f4_w6",0.27712535912938485,0.1663042584424737,0.5602656127403205,0.193973229908148,relevance_minus_redundancy,,
4,"f1_w6,f7_w6,f9_w6,f6_w6",0.43500115530557515,0.4822722299773836,0.7455341410813562,0.19386504031688334,relevance_minus_redundancy,,
6,"f5_w6,f2_w6,f9_w6,f6_w6,f10_w6,f4_w6",0.3023535584401986,0.2187307199766004,0.6244677589856393,0.1929881984518984,relevance_minus_redundancy,,
8,"f5_w6,f7_w6,f8_w6,f2_w6,f9_w6,f6_w6,f10_w6,f4_w6",0.34487814933689054,0.304739728276163,0.8601282221881698,0.19250828519880903,relevance_minus_redundancy,,
7,"f5_w6,f7_w6,f8_w6,f2_w6,f9_w6,f6_w6,f4_w6",0.36454473455441255,0.3446097105144738,0.8601282221881698,0.19223987929717565,relevance_minus_redundancy,,
6,"f5_w6,f7_w6,f9_w6,f6_w6,f10_w6,f4_w6",0.3363020752843369,0.28868163876024666,0.7455341410813562,0.1919612559042136,relevance_minus_redundancy,,
4,"f5_w6,f8_w6,f6_w6,f10_w6",0.3945501732045624,0.4060362781021787,0.6244677589856393,0.19153203415347309,relevance_minus_redundancy,,
7,"f5_w6,f8_w6,f2_w6,f9_w6,f6_w6,f10_w6,f4_w6",0.3234965830672623,0.2644603343513336,0.6759634322678775,0.19126641589159551,relevance_minus_redundancy,,
5,"f5_w6,f9_w6,f6_w6,f10_w6,f4_w6",0.3046526676963465,0.2282116889257857,0.6244677589856393,0.19054682323345368,relevance_minus_redundancy,,
6,"f5_w6,f7_w6,f2_w6,f9_w6,f6_w6,f10_w6",0.3545846895664649,0.3280905438999939,0.7455341410813562,0.19053941761646792,relevance_minus_redundancy,,
5,"f5_w6,f7_w6,f8_w6,f6_w6,f10_w6",0.4145499612085077,0.4491153691349191,0.8601282221881698,0.18999227664104812,relevance_minus_redundancy,,
3,"f5_w6,f8_w6,f9_w6",0.4577994663494002,0.5363484879666335,0.6759634322678775,0.18962522236608348,relevance_minus_redundancy,,
3,"f7_w6,f8_w6,f10_w6",0.38403863228938984,0.389665237035487,0.8601282221881698,0.18920601377164634,relevance_minus_redundancy,,
4,"f8_w6,f2_w6,f10_w6,f4_w6",0.28239678056750767,0.18740520434725785,0.3995381885726651,0.18869417839387875,relevance_minus_redundancy,,
4,"f5_w6,f9_w6,f6_w6,f4_w6",0.32901282141687405,0.28243568263669966,0.6244677589856393,0.18779498009852422,relevance_minus_redundancy,,
6,"f7_w6,f8_w6,f2_w6,f6_w6,f10_w6,f4_w6",0.30599692107942805,0.23642794120030608,0.8601282221881698,0.187782950479275,relevance_minus_redundancy,,
3,"f8_w6,f2_w6,f10_w6",0.3161415986011132,0.25748298501923667,0.3995381885726651,0.18740010609149485,relevance_minus_redundancy,,
4,"f7_w6,f2_w6,f9_w6,f4_w6",0.29520612546921876,0.2192286249927474,0.7455341410813562,0.18559181297284505,relevance_minus_redundancy,,
3,"f5_w6,f7_w6,f9_w6",0.4725309271476151,0.5750835086847158,0.7455341410813562,0.18498917280525717,relevance_minus_redundancy,,
3,"f8_w6,f10_w6,f4_w6",0.2795763700368572,0.19024649316690145,0.2944541325208695,0.18445312345340648,relevance_minus_redundancy,,
4,"f7_w6,f8_w6,f2_w6,f6_w6",0.3619017867989102,0.3555139708237649,0.8601282221881698,0.18414480138702777,relevance_minus_redundancy,,
4,"f7_w6,f6_w6,f10_w6,f4_w6",0.2736921958718663,0.18112510887205976,0.5602656127403205,0.18312964143583638,relevance_minus_redundancy,,
4,"f5_w6,f2_w6,f9_w6,f6_w6",0.35643674284006605,0.34704835306485676,0.6244677589856393,0.18291256630763766,relevance_minus_redundancy,,
5,"f7_w6,f2_w6,f9_w6,f10_w6,f4_w6",0.27760731093822233,0.1906201326803318,0.7455341410813562,0.18229724459805643,relevance_minus_redundancy,,
4,"f1_w6,f7_w6,f8_w6,f9_w6",0.49462851526742396,0.6252820228362866,0.8601282221881698,0.18198750384928064,relevance_minus_redundancy,,
2,"f8_w6,f10_w6",0.3287833918219403,0.2944541325208695,0.2944541325208695,0.18155632556150553,relevance_minus_redundancy,,
1,f4_w6,0.181162326466691,0.0,0.0,0.181162326466691,relevance_minus_redundancy,,
5,"f5_w6,f2_w6,f9_w6,f6_w6,f10_w6",0.32659180483490013,0.2910206760850056,0.6244677589856393,0.18108146679239734,relevance_minus_redundancy,,
4,"f7_w6,f9_w6,f10_w6,f4_w6",0.2742946356329131,0.18659499657364184,0.7455341410813562,0.18099713734609219,relevance_minus_redundancy,,
5,"f5_w6,f7_w6,f2_w6,f9_w6,f6_w6",0.38405921691691064,0.4079028159641571,0.7455341410813562,0.18010780893483208,relevance_minus_redundancy,,
6,"f5_w6,f8_w6,f9_w6,f6_w6,f10_w6,f4_w6",0.3289363448852295,0.29842443180151207,0.6759634322678775,0.17972412898447346,relevance_minus_redundancy,,
5,"f3_w6,f7_w6,f8_w6,f9_w6,f6_w6",0.41443586059808296,0.4695060018021408,0.8601282221881698,0.17968285969701256,relevance_minus_redundancy,,
7,"f5_w6,f7_w6,f8_w6,f2_w6,f9_w6,f6_w6,f10_w6",0.3682661240326333,0.3779538854755548,0.8601282221881698,0.1792891812948559,relevance_minus_redundancy,,
4,"f8_w6,f2_w6,f9_w6,f4_w6",0.28415752987055753,0.21047391266675372,0.6759634322678775,0.17892057353718066,relevance_minus_redundancy,,
5,"f7_w6,f8_w6,f2_w6,f6_w6,f10_w6",0.3309638400019755,0.30477863099289737,0.8601282221881698,0.1785745245055268,relevance_minus_redundancy,,
6,"f5_w6,f8_w6,f2_w6,f9_w6,f6_w6,f10_w6",0.3472189591673575,0.337716798343242,0.6759634322678775,0.17836055999573652,relevance_minus_redundancy,,
5,"f5_w6,f8_w6,f2_w6,f9_w6,f6_w6",0.3752203404379817,0.39433812001668445,0.6759634322678775,0.17805128042963947,relevance_minus_redundancy,,
3,"f7_w6,f6_w6,f4_w6",0.29585224355774287,0.2356387165967003,0.5602656127403205,0.1780328852593927,relevance_minus_redundancy,,
4,"f7_w6,f2_w6,f9_w6,f10_w6",0.3017185570561051,0.24810593552026336,0.7455341410813562,0.17766558929597343,relevance_minus_redundancy,,
2,"f6_w6,f4_w6",0.19650380872446988,0.03888478653324255,0.03888478653324255,0.1770614154578486,relevance_minus_redundancy,,
7,"f5_w6,f7_w6,f8_w6,f9_w6,f6_w6,f10_w6,f4_w6",0.35259531179080933,0.35164773292174734,0.8601282221881698,0.17677144532993566,relevance_minus_redundancy,,
3,"f7_w6,f9_w6,f10_w6",0.3053387386883205,0.259233729935372,0.7455341410813562,0.1757218737206345,relevance_minus_redundancy,,
5,"f5_w6,f7_w6,f9_w6,f6_w6,f4_w6",0.36212007977835703,0.37283084315686194,0.7455341410813562,0.17570465819992606,relevance_minus_redundancy,,
6,"f7_w6,f8_w6,f2_w6,f9_w6,f10_w6,f4_w6",0.30639854758679264,0.2621576503449891,0.8601282221881698,0.17531972241429808,relevance_minus_redundancy,,
3,"f7_w6,f6_w6,f10_w6",0.3045354856735914,0.26032525887772323,0.5602656127403205,0.17437285623472978,relevance_minus_redundancy,,
5,"f7_w6,f8_w6,f2_w6,f9_w6,f4_w6",0.3262358465413039,0.30470810458071335,0.8601282221881698,0.1738817942509472,relevance_minus_redundancy,,
5,"f5_w6,f8_w6,f9_w6,f6_w6,f4_w6",0.3532812032994281,0.35944095510641527,0.6759634322678775,0.17356072574622045,relevance_minus_redundancy,,
5,"f8_w6,f2_w6,f6_w6,f10_w6,f4_w6",0.2682864826504559,0.19330367201415935,0.5331765374762124,0.17163464664337624,relevance_minus_redundancy,,
5,"f5_w6,f7_w6,f9_w6,f6_w6,f10_w6",0.3673300250478661,0.39274017161342145,0.7455341410813562,0.17095993924115538,relevance_minus_redundancy,,
3,"f5_w6,f7_w6,f6_w6",0.47172767413288597,0.6016207343787222,0.6244677589856393,0.17091730694352486,relevance_minus_redundancy,,
4,"f5_w6,f9_w6,f6_w6,f10_w6",0.3355252530037604,0.3311766290841516,0.6244677589856393,0.16993693846168462,relevance_minus_redundancy,,
3,"f5_w6,f8_w6,f6_w6",0.45699621333467105,0.5770462581770968,0.6244677589856393,0.16847308424612267,relevance_minus_redundancy,,
6,"f5_w6,f7_w6,f8_w6,f2_w6,f9_w6,f6_w6",0.3951084692356995,0.4533498309071629,0.8601282221881698,0.16843355378211802,relevance_minus_redundancy,,
3,"f8_w6,f6_w6,f4_w6",0.28112078275952795,0.22974077714662713,0.5331765374762124,0.1662503941862144,relevance_minus_redundancy,,
5,"f7_w6,f8_w6,f6_w6,f10_w6,f4_w6",0.3090247028634219,0.28916705528480363,0.8601282221881698,0.16444117522102006,relevance_minus_redundancy,,
3,"f2_w6,f9_w6,f4_w6",0.22875846288419535,0.13042080077934767,0.24058677872225187,0.16354806249452153,relevance_minus_redundancy,,
5,"f8_w6,f2_w6,f9_w6,f10_w6,f4_w6",0.2687684344592933,0.21337138289708033,0.6759634322678775,0.16208274301075315,relevance_minus_redundancy,,
5,"f1_w6,f7_w6,f8_w6,f9_w6,f6_w6",0.43807187041038886,0.5524826652153572,0.8601282221881698,0.16183053780271028,relevance_minus_redundancy,,
5,"f7_w6,f8_w6,f2_w6,f9_w6,f10_w6",0.33144579181081296,0.3397638034062672,0.8601282221881698,0.16156389010767935,relevance_minus_redundancy,,
4,"f8_w6,f2_w6,f6_w6,f10_w6",0.2900675216963971,0.2570282770970856,0.5331765374762124,0.1615533831478543,relevance_minus_redundancy,,
6,"f5_w6,f7_w6,f8_w6,f9_w6,f6_w6,f4_w6",0.3768258549535715,0.4325488072667162,0.8601282221881698,0.16055145132021342,relevance_minus_redundancy,,
2,"f9_w6,f4_w6",0.19770868824656357,0.0749786995697888,0.0749786995697888,0.16021933846166916,relevance_minus_redundancy,,
3,"f9_w6,f10_w6,f4_w6",0.20087647643578785,0.08395224381551177,0.15912433954940838,0.15890035452803197,relevance_minus_redundancy,,
3,"f7_w6,f2_w6,f9_w6",0.333220725136728,0.35231012527471844,0.7455341410813562,0.1570656624993688,relevance_minus_redundancy,,
5,"f7_w6,f8_w6,f9_w6,f10_w6,f4_w6",0.30950665467225935,0.30672767738491946,0.8601282221881698,0.15614281597979962,relevance_minus_redundancy,,
6,"f7_w6,f2_w6,f9_w6,f6_w6,f10_w6,f4_w6",0.2666469742788934,0.22110146027959385,0.7455341410813562,0.15609624413909645,relevance_minus_redundancy,,
5,"f5_w6,f8_w6,f9_w6,f6_w6,f10_w6",0.35849114856893716,0.40641483548393076,0.6759634322678775,0.15528373082697178,relevance_minus_redundancy,,
7,"f7_w6,f8_w6,f2_w6,f9_w6,f6_w6,f10_w6,f4_w6",0.2928909395004292,0.279802946192459,0.8601282221881698,0.15298946640419972,relevance_minus_redundancy,,
3,"f8_w6,f2_w6,f9_w6",0.31848926433851305,0.3316689483181016,0.6759634322678775,0.15265479017946224,relevance_minus_redundancy,,
5,"f7_w6,f2_w6,f9_w6,f6_w6,f4_w6",0.2785339585718248,0.25193955198516466,0.7455341410813562,0.15256418257924245,relevance_minus_redundancy,,
6,"f5_w6,f7_w6,f8_w6,f9_w6,f6_w6,f10_w6",0.38116747601149575,0.4576412345771189,0.8601282221881698,0.1523468587229363,relevance_minus_redundancy,,
4,"f5_w6,f7_w6,f8_w6,f6_w6",0.4663844383070755,0.6286102401449979,0.8601282221881698,0.15207931823457654,relevance_minus_redundancy,,
4,"f8_w6,f9_w6,f10_w6,f4_w6",0.26324604003425195,0.2232392172776181,0.6759634322678775,0.1516264313954429,relevance_minus_redundancy,,
4,"f8_w6,f6_w6,f10_w6,f4_w6",0.2626436002732051,0.22484960183426447,0.5331765374762124,0.15021879935607285,relevance_minus_redundancy,,
4,"f7_w6,f8_w6,f6_w6,f4_w6",0.3344778653757182,0.36956365281415154,0.8601282221881698,0.14969603896864245,relevance_minus_redundancy,,
4,"f8_w6,f2_w6,f9_w6,f10_w6",0.2906699614574439,0.28445880972919624,0.6759634322678775,0.14844055659284577,relevance_minus_redundancy,,
2,"f5_w6,f6_w6",0.46031695458718447,0.6244677589856393,0.6244677589856393,0.1480830750943648,relevance_minus_redundancy,,
5,"f8_w6,f2_w6,f9_w6,f6_w6,f4_w6",0.2696950820928958,0.24397781706315763,0.6759634322678775,0.14770617356131696,relevance_minus_redundancy,,
6,"f7_w6,f8_w6,f2_w6,f9_w6,f6_w6,f4_w6",0.30717075394812804,0.31895209021190046,0.8601282221881698,0.1476947088421778,relevance_minus_redundancy,,
4,"f5_w6,f7_w6,f8_w6,f9_w6",0.46698687806812234,0.6391394430966054,0.8601282221881698,0.14741715651981963,relevance_minus_redundancy,,
4,"f2_w6,f6_w6,f10_w6,f4_w6",0.2227694206056588,0.1516314014583183,0.3995381885726651,0.14695371987649963,relevance_minus_redundancy,,
4,"f2_w6,f9_w6,f10_w6,f4_w6",0.22337186036670564,0.16127977046457578,0.3995381885726651,0.14273197513441777,relevance_minus_redundancy,,
6,"f8_w6,f2_w6,f9_w6,f6_w6,f10_w6,f4_w6",0.2592812438797859,0.23446302207315234,0.6759634322678775,0.14204973284320974,relevance_minus_redundancy,,
3,"f7_w6,f9_w6,f4_w6",0.296655496572472,0.30942619705589425,0.7455341410813562,0.14194239804452485,relevance_minus_redundancy,,
5,"f7_w6,f2_w6,f9_w6,f6_w6,f10_w6",0.28374390384133386,0.2860071403978927,0.7455341410813562,0.1407403336423875,relevance_minus_redundancy,,
4,"f7_w6,f8_w6,f2_w6,f9_w6",0.36250422655995707,0.4452464440407297,0.8601282221881698,0.1398810045395922,relevance_minus_redundancy,,
4,"f2_w6,f9_w6,f6_w6,f4_w6",0.22453016990870872,0.17250342658214743,0.5746260080684351,0.138278456617635,relevance_minus_redundancy,,
3,"f8_w6,f9_w6,f4_w6",0.2819240357742571,0.2893677130893642,0.6759634322678775,0.13724017922957502,relevance_minus_redundancy,,
5,"f7_w6,f9_w6,f6_w6,f10_w6,f4_w6",0.26180476670278024,0.24996431942792766,0.7455341410813562,0.13682260698881643,relevance_minus_redundancy,,
4,"f7_w6,f8_w6,f6_w6,f10_w6",0.3409902969626046,0.4114557781364035,0.8601282221881698,0.13526240789440283,relevance_minus_redundancy,,
6,"f7_w6,f8_w6,f2_w6,f9_w6,f6_w6,f10_w6",0.3115123750060523,0.3534833574930821,0.8601282221881698,0.13477069625951124,relevance_minus_redundancy,,
3,"f6_w6,f10_w6,f4_w6",0.2000732234210587,0.13476864452602613,0.20629680749542753,0.13268890115804566,relevance_minus_redundancy,,
2,"f2_w6,f9_w6",0.25255653109294757,0.24058677872225187,0.24058677872225187,0.13226314173182163,relevance_minus_redundancy,,
3,"f2_w6,f6_w6,f10_w6",0.23663845198531475,0.21202745287375216,0.3995381885726651,0.13062472554843868,relevance_minus_redundancy,,
5,"f2_w6,f9_w6,f6_w6,f10_w6,f4_w6",0.22106654648981428,0.18177335874377237,0.5746260080684351,0.1301798671179281,relevance_minus_redundancy,,
3,"f2_w6,f9_w6,f10_w6",0.23744170500004388,0.2192928865407517,0.3995381885726651,0.12779526172966804,relevance_minus_redundancy,,
6,"f7_w6,f8_w6,f9_w6,f6_w6,f10_w6,f4_w6",0.29322976072392426,0.3320351017441888,0.8601282221881698,0.12721220985182985,relevance_minus_redundancy,,
3,"f8_w6,f9_w6,f10_w6",0.2906072778901056,0.32939041903869504,0.6759634322678775,0.12591206837075808,relevance_minus_redundancy,,
4,"f7_w6,f8_w6,f9_w6,f10_w6",0.3415927367236514,0.43470782946383874,0.8601282221881698,0.12423882199173206,relevance_minus_redundancy,,
5,"f8_w6,f2_w6,f9_w6,f6_w6,f10_w6",0.27490502736240485,0.3051099573968416,0.6759634322678775,0.12235004866398405,relevance_minus_redundancy,,
3,"f2_w6,f10_w6,f4_w6",0.22641079714679546,0.21145315072269197,0.3995381885726651,0.12068422178544948,relevance_minus_redundancy,,
4,"f7_w6,f8_w6,f9_w6,f4_w6",0.33508030513676507,0.43025520884235946,0.8601282221881698,0.11995270071558534,relevance_minus_redundancy,,
3,"f5_w6,f9_w6,f6_w6",0.3782963197336017,0.519560440205553,0.6244677589856393,0.11851609963082521,relevance_minus_redundancy,,
5,"f8_w6,f9_w6,f6_w6,f10_w6,f4_w6",0.2529658902238513,0.2692419443239026,0.6759634322678775,0.1183449180619,relevance_minus_redundancy,,
4,"f5_w6,f8_w6,f9_w6,f6_w6",0.39631092250761235,0.5568859614050312,0.6759634322678775,0.11786794180509674,relevance_minus_redundancy,,
4,"f7_w6,f2_w6,f9_w6,f6_w6",0.3028768665981082,0.37034489319767916,0.7455341410813562,0.11770441999926862,relevance_minus_redundancy,,
3,"f8_w6,f6_w6,f10_w6",0.28980402487537643,0.3446424924975031,0.5331765374762124,0.11748277862662487,relevance_minus_redundancy,,
4,"f5_w6,f7_w6,f9_w6,f6_w6",0.4073595181062735,0.5807683176414237,0.7455341410813562,0.11697535928556169,relevance_minus_redundancy,,
2,"f10_w6,f4_w6",0.19418718964046372,0.15912433954940838,0.15912433954940838,0.11462501986575953,relevance_minus_redundancy,,
4,"f9_w6,f6_w6,f10_w6,f4_w6",0.20361868007240308,0.1786107222572734,0.5746260080684351,0.11431331894376638,relevance_minus_redundancy,,
4,"f8_w6,f2_w6,f9_w6,f6_w6",0.29182827099944697,0.3555094588420194,0.6759634322678775,0.11407354157843727,relevance_minus_redundancy,,
5,"f7_w6,f8_w6,f2_w6,f9_w6,f6_w6",0.3323724394444154,0.436979418508251,0.8601282221881698,0.11388273019028991,relevance_minus_redundancy,,
5,"f5_w6,f7_w6,f8_w6,f9_w6,f6_w6",0.4159585606509476,0.612737257585024,0.8601282221881698,0.10958993185843563,relevance_minus_redundancy,,
4,"f2_w6,f9_w6,f6_w6,f10_w6",0.23104260149559508,0.2448414729565469,0.5746260080684351,0.10862186501732163,relevance_minus_redundancy,,
2,"f6_w6,f10_w6",0.2095286718982426,0.20629680749542753,0.20629680749542753,0.10638026815052883,relevance_minus_redundancy,,
4,"f7_w6,f9_w6,f6_w6,f10_w6",0.28196537676180256,0.3531482696850498,0.7455341410813562,0.10539124191927765,relevance_minus_redundancy,,
4,"f7_w6,f9_w6,f6_w6,f4_w6",0.2754529451749162,0.3503424997516135,0.7455341410813562,0.10028169529910944,relevance_minus_redundancy,,
3,"f2_w6,f9_w6,f6_w6",0.2389861177227146,0.2818200497812836,0.5746260080684351,0.0980760928320728,relevance_minus_redundancy,,
4,"f8_w6,f9_w6,f6_w6,f4_w6",0.264404349576255,0.33579841189099713,0.6759634322678775,0.09650514363075646,relevance_minus_redundancy,,
5,"f7_w6,f8_w6,f9_w6,f6_w6,f4_w6",0.3104333023058618,0.4288484197872367,0.8601282221881698,0.09600909241224345,relevance_minus_redundancy,,
5,"f7_w6,f8_w6,f9_w6,f6_w6,f10_w6",0.3156432475753709,0.44826119425634287,0.8601282221881698,0.09151265044719945,relevance_minus_redundancy,,
3,"f9_w6,f6_w6,f4_w6",0.2024208891584586,0.22949649805715547,0.5746260080684351,0.08767264012988087,relevance_minus_redundancy,,
4,"f8_w6,f9_w6,f6_w6,f10_w6",0.2709167811631414,0.38371176835936,0.6759634322678775,0.07906089698346139,relevance_minus_redundancy,,
3,"f9_w6,f6_w6,f10_w6",0.21110413127430713,0.2662255026304003,0.5746260080684351,0.07799137995910699,relevance_minus_redundancy,,
2,"f7_w6,f6_w6",0.3531972021032688,0.5602656127403205,0.5602656127403205,0.07306439573310858,relevance_minus_redundancy,,
2,"f8_w6,f6_w6",0.33110001090594643,0.5331765374762124,0.5331765374762124,0.06451174216784022,relevance_minus_redundancy,,
3,"f7_w6,f8_w6,f6_w6",0.3855830450120606,0.6511901241349008,0.8601282221881698,0.05998798294461016,relevance_minus_redundancy,,
2,"f2_w6,f10_w6",0.24903503248684772,0.3995381885726651,0.3995381885726651,0.04926593820051517,relevance_minus_redundancy,,
2,"f7_w6,f8_w6",0.4724519220269665,0.8601282221881698,0.8601282221881698,0.04238781093288163,relevance_minus_redundancy,,
4,"f7_w6,f8_w6,f9_w6,f6_w6",0.3427510462656545,0.6582823256370619,0.8601282221881698,0.01360988344712355,relevance_minus_redundancy,,
3,"f7_w6,f8_w6,f9_w6",0.38638629802678975,0.7605419318458012,0.8601282221881698,0.006115332103889148,relevance_minus_redundancy,,
3,"f8_w6,f9_w6,f6_w6",0.29215169061277635,0.5945886592708417,0.6759634322678775,-0.005142639022644502,relevance_minus_redundancy,,
2,"f8_w6,f9_w6",0.3323048904280401,0.6759634322678775,0.6759634322678775,-0.005676825705898614,relevance_minus_redundancy,,
3,"f7_w6,f9_w6,f6_w6",0.30688315141099126,0.6268085872967039,0.7455341410813562,-0.0065211422373606664,relevance_minus_redundancy,,
2,"f7_w6,f9_w6",0.3544020816253625,0.7455341410813562,0.7455341410813562,-0.018364988915315572,relevance_minus_redundancy,,
2,"f9_w6,f6_w6",0.21305017050434244,0.5746260080684351,0.5746260080684351,-0.07426283352987512,relevance_minus_redundancy,,
