split,split_label,group_num,cell,f1,f2,f3,f4,f5,f6,f7,f8,f9,f10,cell_idx,release,feature_status,lifetime_weeks_EOL50,lifetime_weeks_EOL80,lifetime_weeks_EOL75,lifetime_weeks_EOL70,lifetime_weeks_EOL65,lifetime_weeks_EOL60,lifetime_weeks_EOL55,lifetime_weeks_EOL45,lifetime_weeks_EOL40,lifetime_weeks_EOL35,lifetime_weeks_EOL30,week0_rpt_idx,week0_time_week,Q_initial_ah,chg_c_rate,dchg_c_rate,feature_status_w3,week3_rpt_idx,week3_time_week,f1_w3,f2_w3,f3_w3,f4_w3,f5_w3,f6_w3,f7_w3,f8_w3,f9_w3,f10_w3,feature_status_w5,week5_rpt_idx,week5_time_week,f1_w5,f2_w5,f3_w5,f4_w5,f5_w5,f6_w5,f7_w5,f8_w5,f9_w5,f10_w5,feature_status_w10,week10_rpt_idx,week10_time_week,f1_w10,f2_w10,f3_w10,f4_w10,f5_w10,f6_w10,f7_w10,f8_w10,f9_w10,f10_w10,feature_status_w15,week15_rpt_idx,week15_time_week,f1_w15,f2_w15,f3_w15,f4_w15,f5_w15,f6_w15,f7_w15,f8_w15,f9_w15,f10_w15,feature_week,target_domain
fine_tune,Fine-tune,1,G1C1,-3.7584963138384726,5.817111159963204,0.24792657527864287,-0.006280048913963193,0.35208420532497825,0.5,-8.175932993752125,0.00148445084656329,-5.135210991383449,7.048386408721883,1,Release 1.0,ok,56.199,44.062,46.813,48.923,50.466,51.864,53.926,57.737,nan,nan,nan,0,0.0,0.28045655555555554,0.5,0.5,ok,3,3.3587516534391533,-3.7584963138384726,5.817111159963204,0.24792657527864287,-0.006280048913963193,0.35208420532497825,0.5,-8.175932993752125,0.00148445084656329,-5.135210991383449,7.048386408721883,ok,5,5.680545634920636,-3.588491243552881,5.860786223465865,0.24792657527864287,-0.008258483128727512,0.35208420532497825,0.5,-7.910631853508866,0.0020922504922840923,-5.237319317017535,7.048386408721883,ok,10,11.616739417989418,-3.2603966221708305,5.8664680569332965,0.24792657527864287,-0.012022422533600446,0.35208420532497825,0.5,-7.486810039488012,0.005828739740233485,-4.880448631576362,7.048386408721883,ok,15,17.647959656084655,-3.069512758746697,5.840641657373398,0.24792657527864287,-0.011059372794827355,0.35208420532497825,0.5,-7.154100020765008,0.009398987924913477,-4.529493116575197,7.048386408721883,w5,target
fine_tune,Fine-tune,26,G26C2,-3.5314394172545898,5.7745515455444085,0.044145600265863214,0.0044155841424343145,0.24860378189442028,1.4,-7.921591384227571,0.009412398609144446,-4.6687985380145465,6.967909201801884,2,Release 1.0,ok,52.141,40.797,45.608,48.281,49.601,50.652,51.425,52.811,nan,nan,nan,0,0.0,0.282343928888889,1.4,2.2,ok,4,3.5999917328042326,-3.5314394172545898,5.7745515455444085,0.044145600265863214,0.0044155841424343145,0.24860378189442028,1.4,-7.921591384227571,0.009412398609144446,-4.6687985380145465,6.967909201801884,ok,6,6.989217923280423,-3.3217308168825137,5.793013608384144,0.044145600265863214,0.007203195994198136,0.24860378189442028,1.4,-7.4872282318439165,0.01306707367886778,-4.415761488342476,6.967909201801884,ok,11,12.590744047619044,-3.107164666177154,5.768320995793772,0.044145600265863214,-0.000945679918002984,0.24860378189442028,1.4,-6.976848069939782,0.017534522727394558,-4.208121819261013,6.967909201801884,ok,16,18.213215939153436,-2.957424874827813,5.68697535633982,0.044145600265863214,0.006129710701728436,0.24860378189442028,1.4,-6.673575330570308,0.021892033393846294,-4.039527753104691,6.967909201801884,w5,target
fine_tune,Fine-tune,34,G34C1,-3.2593405749927884,5.768320995793772,0.3146391781679077,-0.0003931768806139102,0.8319892979897019,2.2,-7.089739409907689,0.012337107899803357,-4.444111582926405,6.872128101338986,1,Release 1.0,ok,30.108,18.187,21.03,23.468,25.919,27.83,29.049,nan,nan,nan,nan,0,0.0,0.282297404444444,2.2,2.0,ok,4,3.5905307539682543,-3.2593405749927884,5.768320995793772,0.3146391781679077,-0.0003931768806139102,0.8319892979897019,2.2,-7.089739409907689,0.012337107899803357,-4.444111582926405,6.872128101338986,ok,6,5.791479828042328,-3.089382560958038,5.793013608384144,0.3146391781679077,0.0004520915783522428,0.8319892979897019,2.2,-6.71049361211629,0.016970925677538384,-4.207501727285452,6.872128101338986,ok,11,11.72939814814815,-2.7604351723562495,5.476463551931511,0.3146391781679077,-0.010024417497900506,0.8319892979897019,2.2,-6.4587508949474275,0.023285512458402158,-4.087349029960057,6.872128101338986,ok,16,17.37148478835979,-2.448378958566334,4.7535901911063645,0.3146391781679077,-0.007135921381779015,0.8319892979897019,2.2,-5.957758049777917,0.03581111737665832,-3.6479314909024043,6.872128101338986,w5,target
fine_tune,Fine-tune,34,G34C2,-3.396890968323392,5.541263545158426,0.21462472556355658,0.0028399353124817506,0.6871494715415449,2.2,-7.498546217998388,0.010231368576074956,-4.585351002198074,6.976348070447749,2,Release 1.0,ok,31.231,21.947,24.432,26.158,27.444,28.697,29.893,nan,nan,nan,nan,0,0.0,0.282558844444444,2.2,2.0,ok,4,3.596271494708995,-3.396890968323392,5.541263545158426,0.21462472556355658,0.0028399353124817506,0.6871494715415449,2.2,-7.498546217998388,0.010231368576074956,-4.585351002198074,6.976348070447749,ok,6,5.812341269841269,-3.2299712609569116,5.673323267171493,0.21462472556355658,0.00465699384103449,0.6871494715415449,2.2,-7.005479207512313,0.016230415088180267,-4.201898283120986,6.976348070447749,ok,11,11.76444279100529,-2.9371110893286607,5.529429087511423,0.21462472556355658,-0.01198455858974537,0.6871494715415449,2.2,-6.534724954162978,0.023759803835027543,-3.955291538336897,6.976348070447749,ok,16,17.43807374338624,-2.6989982724212314,4.948759890378168,0.21462472556355658,-0.020514602169798002,0.6871494715415449,2.2,-6.244548436092651,0.030094624305012557,-3.861540134586202,6.976348070447749,w5,target
fine_tune,Fine-tune,40,G40C2,-3.314065686839729,5.857933154483459,0.3622471323429475,-0.0016836615884172346,0.8130811869216255,1.825,-7.227550481489055,0.007825698935036013,-4.74993275804544,6.894670039433482,2,Release 1.0,ok,32.53,23.154,26.401,28.422,29.964,31.067,31.895,33.746,35.908,nan,nan,0,0.0,0.2840830555555556,1.825,1.025,ok,4,3.5042179232804234,-3.314065686839729,5.857933154483459,0.3622471323429475,-0.0016836615884172346,0.8130811869216255,1.825,-7.227550481489055,0.007825698935036013,-4.74993275804544,6.894670039433482,ok,6,5.747443783068784,-3.155106837548423,5.8377304471659395,0.3622471323429475,-0.0019973050830109362,0.8130811869216255,1.825,-6.904957228155255,0.013724441933674864,-4.539731796738997,6.894670039433482,ok,11,11.352478505291007,-2.8962151795552145,5.720311776607412,0.3622471323429475,-0.002035454767006478,0.8130811869216255,1.825,-6.70995149317515,0.019385509376279114,-4.485580564192121,6.894670039433482,ok,16,16.905578703703707,-2.6364107395065313,5.389071729816501,0.3622471323429475,-0.013658080301005515,0.8130811869216255,1.825,-6.440787964327846,0.025763446389970274,-4.199523821213142,6.894670039433482,w5,target
fine_tune,Fine-tune,40,G40C3,-2.3864140798873152,6.478509642208569,0.20791891538135476,-0.00025883131053947017,0.6159967699355026,1.825,-4.9761290927265405,0.016670703584389546,-6.56970474582157,7.0825485693553,3,Release 1.0,ok,31.353,24.716,27.045,28.488,29.452,30.271,30.928,31.777,32.408,nan,nan,0,0.0,0.2848026111111111,1.825,1.025,ok,4,3.5021891534391534,-2.3864140798873152,6.478509642208569,0.20791891538135476,-0.00025883131053947017,0.6159967699355026,1.825,-4.9761290927265405,0.016670703584389546,-6.56970474582157,7.0825485693553,ok,6,5.751840277777778,-3.2505615983981513,6.298949246855942,0.20791891538135476,-0.009179012723264435,0.6159967699355026,1.825,-5.220864303319401,0.010749891423364993,-4.205647090683758,7.0825485693553,ok,11,11.363458994708996,-2.881872199982269,6.2878585601617845,0.20791891538135476,-0.0020990829731311056,0.6159967699355026,1.825,-5.320161942893166,0.022146513774808863,-3.881326301304407,7.0825485693553,ok,16,16.906931216931216,-2.6999856229631902,6.133398042996649,0.20791891538135476,-0.02758782478512059,0.6159967699355026,1.825,-5.423353515892549,0.023201237941030434,-3.947989938680478,7.0825485693553,w5,target
fine_tune,Fine-tune,41,G41C1,-2.7886607678080524,6.068425588244111,0.6723239317368727,-0.0017103501096528695,1.1811317277738376,2.075,-6.429458867645301,0.020409729673712573,-4.156278254424824,7.023758954738443,1,Release 1.0,ok,32.677,10.581,13.935,17.001,20.058,23.632,27.251,nan,nan,nan,nan,0,0.0,0.2837875,2.075,1.775,ok,4,3.453675595238095,-2.7886607678080524,6.068425588244111,0.6723239317368727,-0.0017103501096528695,1.1811317277738376,2.075,-6.429458867645301,0.020409729673712573,-4.156278254424824,7.023758954738443,ok,6,5.668420965608465,-2.6278662026923065,5.777652323222656,0.6723239317368727,0.006619923926438925,1.1811317277738376,2.075,-6.537524645934073,0.020536134760696545,-4.165232265064329,7.023758954738443,ok,11,11.197903439153439,-2.292043562276516,5.236441962829949,0.6723239317368727,-0.05241435092395941,1.1811317277738376,2.075,-6.091845632258663,0.03302670519945142,-3.7336910012781086,7.023758954738443,ok,16,16.651418650793648,-2.069792343130234,1.6094379124341003,0.6723239317368727,-8.321582250161996e-05,1.1811317277738376,2.075,-5.4136340134027545,0.04963997482015729,-3.28151542114194,7.023758954738443,w5,target
fine_tune,Fine-tune,41,G41C2,-2.740993987061149,6.126869184114185,0.6669759781331301,-0.0055119607969365825,1.1764247339401892,2.075,-6.199818097918364,0.02407689102199273,-3.860511375873999,6.9985096422506015,2,Release 1.0,ok,19.389,8.315,10.843,13.109,14.7,16.48,17.988,20.649,nan,nan,nan,0,0.0,0.282599,2.075,1.775,ok,4,3.4424421296296295,-2.740993987061149,6.126869184114185,0.6669759781331301,-0.0055119607969365825,1.1764247339401892,2.075,-6.199818097918364,0.02407689102199273,-3.860511375873999,6.9985096422506015,ok,6,5.656630291005291,-2.57428233694588,5.926926025970411,0.6669759781331301,-0.002464178523599675,1.1764247339401892,2.075,-6.351797972128138,0.025087876377326984,-3.8853785644194208,6.9985096422506015,ok,11,11.156177248677247,-2.1433288813071307,4.709530201312334,0.6669759781331301,-0.04437971379189659,1.1764247339401892,2.075,-5.787794486266281,0.03833006245758873,-3.49945722405054,6.9985096422506015,ok,16,16.54925099206349,-1.8518666494485465,4.624972813284271,0.6669759781331301,0.011360142594583539,1.1764247339401892,2.075,-4.707071734461705,0.08332663431783599,-2.7894795988516705,6.9985096422506015,w5,target
fine_tune,Fine-tune,42,G42C1,-3.1538215862423913,6.025865973825314,0.43331124086096556,0.003144216952998935,0.560491435816998,0.725,-7.599706894615575,0.00544629761974888,-5.001059948372615,7.002155954403621,1,Release 1.0,ok,28.674,16.181,17.831,18.706,23.254,25.901,27.359,29.837,30.975,nan,nan,0,0.0,0.28432677777777776,0.725,2.375,ok,4,3.482149470899471,-3.1538215862423913,6.025865973825314,0.43331124086096556,0.003144216952998935,0.560491435816998,0.725,-7.599706894615575,0.00544629761974888,-5.001059948372615,7.002155954403621,ok,6,5.71922123015873,-3.0066459174335534,6.021023349349527,0.43331124086096556,0.003791969877086271,0.560491435816998,0.725,-7.254219184843007,0.009406100833734748,-4.790749346315139,7.002155954403621,ok,11,11.316339285714283,-2.7513263519843805,5.924255797414532,0.43331124086096556,-0.021104098606528676,0.560491435816998,0.725,-6.872274194722117,0.016562766188144035,-4.566516789679621,7.002155954403621,ok,16,16.84195932539682,-2.308157454352234,3.6888794541139363,0.43331124086096556,-0.011653311490358281,0.560491435816998,0.725,-5.888830041828343,0.035103189894440515,-3.761087442933465,7.002155954403621,w5,target
fine_tune,Fine-tune,42,G42C2,-3.1552846284844516,5.855071922202427,0.4323800552216989,-0.002696356946857603,0.5598888640040375,0.725,-6.894410251122953,0.011885687066222977,-4.703628408911839,6.8885724595653635,2,Release 1.0,ok,27.958,16.938,18.759,22.049,24.186,25.792,26.941,28.726,29.517,nan,nan,0,0.0,0.2821958333333333,0.725,2.375,ok,4,3.467177579365079,-3.1552846284844516,5.855071922202427,0.4323800552216989,-0.002696356946857603,0.5598888640040375,0.725,-6.894410251122953,0.011885687066222977,-4.703628408911839,6.8885724595653635,ok,6,5.700745701058199,-2.996124097151434,5.834810737062605,0.4323800552216989,-0.0011216420333076405,0.5598888640040375,0.725,-6.627709196161968,0.014298714309179672,-4.408151597864572,6.8885724595653635,ok,11,11.271382275132273,-2.625531515939809,5.793013608384144,0.4323800552216989,-0.009062756464989968,0.5598888640040375,0.725,-6.233030610802001,0.027461293093471034,-3.91613056104242,6.8885724595653635,ok,16,16.764371693121692,-2.3946576692232884,5.493061443340548,0.4323800552216989,-0.008374911289326575,0.5598888640040375,0.725,-5.979518031485743,0.03504071418170135,-3.687481019162445,6.8885724595653635,w5,target
fine_tune,Fine-tune,43,G43C1,-3.0572212199244615,6.1092475827643655,0.39035397112091513,0.00636349063951272,0.8555195473229796,1.875,-6.623339821560211,0.017138412775399153,-4.114230239058766,6.97914527506881,1,Release 1.0,ok,32.706,15.119,18.256,21.231,24.905,28.627,30.735,nan,nan,nan,nan,0,0.0,0.28144166666666665,1.875,2.325,ok,4,3.4826306216931218,-3.0572212199244615,6.1092475827643655,0.39035397112091513,0.00636349063951272,0.8555195473229796,1.875,-6.623339821560211,0.017138412775399153,-4.114230239058766,6.97914527506881,ok,6,5.720376984126984,-2.9014679655240703,6.075346031088684,0.39035397112091513,-0.015881138462769784,0.8555195473229796,1.875,-6.631448911309569,0.02024960223417452,-4.066450322507467,6.97914527506881,ok,11,11.284794973544974,-2.5766849671845686,5.926926025970411,0.39035397112091513,-0.01037619683263527,0.8555195473229796,1.875,-6.273119843774147,0.028521381093134734,-3.792344671846633,6.97914527506881,ok,16,16.792594246031747,-2.2629811562795314,5.4116460518550396,0.39035397112091513,-0.04123545600468034,0.8555195473229796,1.875,-5.75185187504134,0.040973089532623325,-3.4757191174867925,6.97914527506881,w5,target
fine_tune,Fine-tune,43,G43C2,-3.136210451441569,6.113682179832232,0.3806237788874292,0.0005042312357378953,0.8447896693342846,1.875,-6.939706557354442,0.013083705166953119,-4.433028778435722,7.014814351275545,2,Release 1.0,ok,23.993,13.8,16.155,18.174,20.034,21.495,22.729,25.383,nan,nan,nan,0,0.0,0.28190366666666666,1.875,2.325,ok,4,3.477700066137566,-3.136210451441569,6.113682179832232,0.3806237788874292,0.0005042312357378953,0.8447896693342846,1.875,-6.939706557354442,0.013083705166953119,-4.433028778435722,7.014814351275545,ok,6,5.713849206349206,-2.9522494555603305,6.093569770045136,0.3806237788874292,-0.017397134110101686,0.8447896693342846,1.875,-6.782089235633641,0.016192092279710524,-4.3037450099134835,7.014814351275545,ok,11,11.278387896825397,-2.5570923352172175,5.820082930352362,0.3806237788874292,-0.010347329842730596,0.8447896693342846,1.875,-6.291740288163352,0.028653737338281277,-3.8582615141606347,7.014814351275545,ok,16,16.775623346560845,-2.1921724046002775,5.0238805208462765,0.3806237788874292,-0.0009040334463704947,0.8447896693342846,1.875,-5.467167919698111,0.05019498438739628,-3.2779204338767096,7.014814351275545,w5,target
fine_tune,Fine-tune,44,G44C1,-3.2667493298718475,5.666426688112432,0.35974476644303777,-0.07996555117038115,0.5280172288792803,0.775,-7.730277965729318,0.0075641586305707775,-5.07153467892573,6.921658184151129,1,Release 1.0,ok,18.682,12.558,13.212,13.902,16.392,17.131,17.923,nan,nan,nan,nan,0,0.0,0.283082595555556,0.775,1.275,ok,4,3.5749437830687825,-3.2667493298718475,5.666426688112432,0.35974476644303777,-0.07996555117038115,0.5280172288792803,0.775,-7.730277965729318,0.0075641586305707775,-5.07153467892573,6.921658184151129,ok,6,5.782711640211639,-3.0764668342781323,5.746203190540153,0.35974476644303777,-0.07750605301876698,0.5280172288792803,0.775,-7.358308928058222,0.00910716030321898,-4.822711396888584,6.921658184151129,ok,11,11.717218915343913,-2.6266164417301288,4.356708826689592,0.35974476644303777,-0.015107672563649033,0.5280172288792803,0.775,-6.487408089636652,0.026533258721436165,-4.064139480328985,6.921658184151129,ok,16,17.27155423280423,-1.8187561354475434,6.827629234502852,0.35974476644303777,0.004545643806078095,0.5280172288792803,0.775,-4.654323288961276,0.08716068631134968,-2.9892486814166452,6.921658184151129,w5,target
fine_tune,Fine-tune,44,G44C2,-3.320829718157793,5.777652323222656,0.37089778514527055,-0.0007565688047996844,0.5361397051959356,0.775,-7.938037470583472,0.0034385735072900436,-5.298036505959547,6.926577033222725,2,Release 1.0,ok,27.147,17.649,18.643,20.789,22.875,25.034,26.346,27.929,28.694,nan,nan,0,0.0,0.283758364444444,0.775,1.275,ok,4,3.5855853174603176,-3.320829718157793,5.777652323222656,0.37089778514527055,-0.0007565688047996844,0.5361397051959356,0.775,-7.938037470583472,0.0034385735072900436,-5.298036505959547,6.926577033222725,ok,6,5.790099206349207,-3.1713831141059363,5.796057750765372,0.37089778514527055,-3.1820379107677654e-05,0.5361397051959356,0.775,-7.488732441146899,0.006212556159360533,-4.973340512323622,6.926577033222725,ok,11,11.7264417989418,-2.8639001477579953,5.645446897643238,0.37089778514527055,-0.01993007504639266,0.5361397051959356,0.775,-6.977362844731444,0.013804295646992759,-4.677881358966735,6.926577033222725,ok,16,17.377848875661375,-2.458803150167261,4.219507705176107,0.37089778514527055,-0.009506486499517075,0.5361397051959356,0.775,-6.065497041590287,0.030590069948706444,-3.8223736843945835,6.926577033222725,w5,target
fine_tune,Fine-tune,49,G49C2,-3.5888670110443543,5.472270673671475,0.20226722341984443,-0.030644513538414353,0.44408393669930046,0.975,-7.884444919796156,0.0050290842833563,-5.280542526914021,6.90975328164481,2,Release 2.0,ok,40.471,31.129,33.264,36.746,38.527,39.306,39.938,40.951,nan,nan,nan,0,0.0,0.285240035555556,0.975,0.675,ok,4,3.6018816137566136,-3.5888670110443543,5.472270673671475,0.20226722341984443,-0.030644513538414353,0.44408393669930046,0.975,-7.884444919796156,0.0050290842833563,-5.280542526914021,6.90975328164481,ok,6,5.823616071428571,-3.3987462692183144,5.5134287461649825,0.20226722341984443,0.0025316828840900862,0.44408393669930046,0.975,-7.319720689234844,0.008536053883195921,-4.854740707713965,6.90975328164481,ok,11,11.79387566137566,-3.0565985813441094,5.37989735354046,0.20226722341984443,-0.006390936317776014,0.44408393669930046,0.975,-6.6869111238361025,0.01831844515391623,-4.378197455764079,6.90975328164481,ok,16,17.471916335978833,-2.815323222066821,5.231108616854587,0.20226722341984443,-0.010824965771039308,0.44408393669930046,0.975,-6.367545759340003,0.024706418232970123,-4.101089036150557,6.90975328164481,w5,target
fine_tune,Fine-tune,50,G50C1,-3.42020213734089,5.736572297479192,0.21104871552624407,-0.0035267624957888988,0.715397186988558,2.425,-7.299039685541588,0.010084145746171724,-4.72668501062954,6.884486652042782,1,Release 2.0,ok,32.636,18.159,21.128,24.385,26.785,29.038,31.028,nan,nan,nan,nan,0,0.0,0.283931928888889,2.425,1.625,ok,4,3.5989103835978837,-3.42020213734089,5.736572297479192,0.21104871552624407,-0.0035267624957888988,0.715397186988558,2.425,-7.299039685541588,0.010084145746171724,-4.72668501062954,6.884486652042782,ok,6,5.812526455026456,-3.2732066841766407,5.733341276897746,0.21104871552624407,-0.0030873794524551024,0.715397186988558,2.425,-7.029002345237599,0.012335500459365684,-4.516123344537032,6.884486652042782,ok,11,11.775233134920638,-2.948620263134726,5.442417710521793,0.21104871552624407,0.006796828189742449,0.715397186988558,2.425,-6.707372602764693,0.020666521947146604,-4.221977869443694,6.884486652042782,ok,16,17.439064153439155,-2.5935964604849966,4.844187086458591,0.21104871552624407,-0.006082931244399792,0.715397186988558,2.425,-5.787124953965395,0.0427805466813754,-3.3955628097314747,6.884486652042782,w5,target
fine_tune,Fine-tune,54,G54C1,-3.5125512132341568,5.872117789475416,0.26800516801616864,-0.003051407221321051,0.49790037197712156,0.925,-7.842666086094885,0.0025757454308788508,-5.185039779939223,6.9726062513017535,1,Release 1.0,ok,31.847,23.3,24.711,26.179,27.926,29.398,30.679,32.933,nan,nan,nan,0,0.0,0.28205536111111107,0.925,1.125,ok,4,3.6921114417989425,-3.5125512132341568,5.872117789475416,0.26800516801616864,-0.003051407221321051,0.49790037197712156,0.925,-7.842666086094885,0.0025757454308788508,-5.185039779939223,6.9726062513017535,ok,6,5.971919642857143,-3.352271913673434,5.855071922202427,0.26800516801616864,-0.0030856456425222556,0.49790037197712156,0.925,-7.631685526833707,0.004742313871406195,-5.101065447014738,6.9726062513017535,ok,11,11.633573082010583,-3.0679308737630016,5.755742213586912,0.26800516801616864,0.004483137133980408,0.49790037197712156,0.925,-7.0479765754950305,0.012256124259363815,-4.627710353926859,6.9726062513017535,ok,16,17.40366236772487,-2.7758989169200152,5.552959584921617,0.26800516801616864,-0.01128608314174498,0.49790037197712156,0.925,-6.425585008713304,0.021536802647900116,-4.1491001998820565,6.9726062513017535,w5,target
fine_tune,Fine-tune,56,G56C1,-2.995723921703623,6.1463292576688975,0.5426686755138876,-0.005841100474231226,1.0864181373866626,2.175,-6.533700130300079,0.014487879236962986,-4.269268005535172,7.024649030453636,1,Release 1.0,ok,32.785,15.122,18.749,22.031,24.887,27.606,30.094,34.897,nan,nan,nan,0,0.0,0.28269391666666666,2.175,0.975,ok,4,3.658146494708995,-2.995723921703623,6.1463292576688975,0.5426686755138876,-0.005841100474231226,1.0864181373866626,2.175,-6.533700130300079,0.014487879236962986,-4.269268005535172,7.024649030453636,ok,6,5.913420965608466,-2.8486835739768703,6.07073772800249,0.5426686755138876,-0.0006920860684744012,1.0864181373866626,2.175,-6.846563407111809,0.012844023614714123,-4.346511755382781,7.024649030453636,ok,11,11.506678240740742,-2.5312629910085565,5.87493073085203,0.5426686755138876,-0.01619259474822063,1.0864181373866626,2.175,-6.586096433121154,0.022155205069032485,-3.970127030710294,7.024649030453636,ok,16,17.19976025132275,-2.2412066830196715,5.556828061699537,0.5426686755138876,-0.0076193696956672885,1.0864181373866626,2.175,-5.90939001178228,0.03724394887356175,-3.528667636926768,7.024649030453636,w5,target
fine_tune,Fine-tune,56,G56C2,-3.010102329163864,6.052089168924417,0.5392397023114697,-0.003571713670264043,1.0829803103138331,2.175,-6.896643652748186,0.010369996027013328,-4.5547324279241,7.013915474810528,2,Release 1.0,ok,29.088,14.102,17.522,20.44,22.934,25.056,27.019,31.535,nan,nan,nan,0,0.0,0.2819875,2.175,0.975,ok,4,3.6611755952380953,-3.010102329163864,6.052089168924417,0.5392397023114697,-0.003571713670264043,1.0829803103138331,2.175,-6.896643652748186,0.010369996027013328,-4.5547324279241,7.013915474810528,ok,6,5.916810515873015,-2.850492596399136,5.998936561946683,0.5392397023114697,0.0014797857267786207,1.0829803103138331,2.175,-7.075839384067072,0.013714371099701583,-4.525848353159636,7.013915474810528,ok,11,11.5182457010582,-2.4856505249753145,5.717027701406222,0.5392397023114697,-0.015711388428834044,1.0829803103138331,2.175,-6.574748999207822,0.02319066207731532,-3.985705565528725,7.013915474810528,ok,16,17.19797619047619,-2.197544169512707,5.2574953720277815,0.5392397023114697,-0.04432002974712945,1.0829803103138331,2.175,-5.844776790944534,0.0375742444783321,-3.501055737594966,7.013915474810528,w5,target
fine_tune,Fine-tune,58,G58C2,-3.0039490604147536,6.07073772800249,0.4190254263655531,-0.006250133015768572,1.018375142201902,2.475,-5.809052950643365,0.030761981885631534,-3.632066367323718,6.966967138613983,2,Release 1.0,ok,23.82,9.888,12.085,14.008,15.809,17.844,20.367,nan,nan,nan,nan,0,0.0,0.2834601388888889,2.475,0.575,ok,4,3.667374338624339,-3.0039490604147536,6.07073772800249,0.4190254263655531,-0.006250133015768572,1.018375142201902,2.475,-5.809052950643365,0.030761981885631534,-3.632066367323718,6.966967138613983,ok,6,5.917933201058202,-2.864176531415536,5.968707559985366,0.4190254263655531,-0.005756787303604516,1.018375142201902,2.475,-5.778749834440603,0.034574743186170015,-3.5465923757298086,6.966967138613983,ok,11,11.477463624338624,-2.4584290303414527,5.424950017481403,0.4190254263655531,-0.022315723785282543,1.018375142201902,2.475,-5.393268461435242,0.06068925635476971,-3.0718240579991205,6.966967138613983,ok,16,17.08534556878307,-2.112421418826981,4.564348191467836,0.4190254263655531,nan,1.018375142201902,2.475,-4.587416621983934,nan,-2.5681038519332686,6.966967138613983,w5,target
fine_tune,Fine-tune,58,G58C3,-3.0922481454498496,6.09807428216624,0.4266249766881105,-0.00655935869225352,1.0275684003038792,2.475,-5.797410773680357,0.02631218326513521,-3.7848542005793644,6.97166860472579,3,Release 1.0,ok,28.647,12.176,14.916,17.241,19.386,21.775,24.85,nan,nan,nan,nan,0,0.0,0.2843386944444445,2.475,0.575,ok,4,3.658781415343915,-3.0922481454498496,6.09807428216624,0.4266249766881105,-0.00655935869225352,1.0275684003038792,2.475,-5.797410773680357,0.02631218326513521,-3.7848542005793644,6.97166860472579,ok,6,5.913473875661375,-2.9498563949362597,6.016157159698354,0.4266249766881105,-0.006611811693079922,1.0275684003038792,2.475,-5.854337771222295,0.027422377632307815,-3.73836452439706,6.97166860472579,ok,11,11.506514550264551,-2.5930908546429072,5.680172609017068,0.4266249766881105,0.0034677515206212595,1.0275684003038792,2.475,-5.677607881290092,0.0389948776319953,-3.328392619720971,6.97166860472579,ok,16,17.156992394179895,-2.2712201069721676,4.882801922586371,0.4266249766881105,-0.006608469344594026,1.0275684003038792,2.475,-5.040764644155132,0.0789833144401913,-2.8301617892726076,6.97166860472579,w5,target
fine_tune,Fine-tune,59,G59C1,-3.314240725003904,6.1779441140506,0.3256871390973014,0.004334557673801587,0.6569135858725441,1.325,-7.391229270269386,0.006530398390004716,-4.702961511438616,7.0630481633881725,1,Release 1.0,ok,36.18,23.093,27.374,30.067,32.607,34.639,35.399,nan,nan,nan,nan,0,0.0,0.2828555555555555,1.325,1.825,ok,4,3.702582671957672,-3.314240725003904,6.1779441140506,0.3256871390973014,0.004334557673801587,0.6569135858725441,1.325,-7.391229270269386,0.006530398390004716,-4.702961511438616,7.0630481633881725,ok,6,5.969760251322752,-3.1864824098311635,6.180016653652572,0.3256871390973014,0.00572539228719407,0.6569135858725441,1.325,-7.1699054949143965,0.00968789212723653,-4.627936516433917,7.0630481633881725,ok,11,11.626167328042326,-2.8674701662893205,6.1070228877422545,0.3256871390973014,-0.016920721555811535,0.6569135858725441,1.325,-6.741510515281688,0.01817675926531004,-4.308621577181986,7.0630481633881725,ok,16,17.371357473544972,-2.5867067194015907,5.932245187448011,0.3256871390973014,-0.01358348168999543,0.6569135858725441,1.325,-6.320451849582075,0.0263592515117462,-3.972648958421319,7.0630481633881725,w5,target
fine_tune,Fine-tune,59,G59C2,-3.2766798161222894,6.089044875446846,0.31642427575370724,0.0041997429157439314,0.6475045678399975,1.325,-7.487954816460784,0.007290065512072036,-4.59175372213968,7.036148493750536,2,Release 1.0,ok,32.958,22.146,25.084,27.044,29.223,30.675,31.791,34.31,nan,nan,nan,0,0.0,0.28286111111111106,1.325,1.825,ok,4,3.6962483465608464,-3.2766798161222894,6.089044875446846,0.31642427575370724,0.0041997429157439314,0.6475045678399975,1.325,-7.487954816460784,0.007290065512072036,-4.59175372213968,7.036148493750536,ok,6,5.965181878306878,-3.1409238289299837,6.075346031088684,0.31642427575370724,0.004891326093445142,0.6475045678399975,1.325,-7.19461770280804,0.010875788885784221,-4.475635421060381,7.036148493750536,ok,11,11.599193121693123,-2.8451856272986684,5.993961427306569,0.31642427575370724,-0.015291942334207054,0.6475045678399975,1.325,-6.66631955040901,0.01973751829064635,-4.18008489490773,7.036148493750536,ok,16,17.34032242063492,-2.5543002495525675,5.755742213586912,0.31642427575370724,-0.020602039880566997,0.6475045678399975,1.325,-6.247782807018996,0.028026232999580153,-3.8751598294960226,7.036148493750536,w5,target
test,Test,26,G26C4,-3.5850499043826614,5.7899601708972535,0.034633422968276366,0.004670009446874707,0.22019716654758958,1.4,-7.641709206629233,0.007894798657377439,-4.732841012646859,7.00397413672268,4,Release 1.0,ok,43.301,36.948,38.849,40.243,41.27,42.012,42.68,43.881,nan,nan,nan,0,0.0,0.285784711111111,1.4,2.2,ok,4,3.5730241402116403,-3.5850499043826614,5.7899601708972535,0.034633422968276366,0.004670009446874707,0.22019716654758958,1.4,-7.641709206629233,0.007894798657377439,-4.732841012646859,7.00397413672268,ok,6,6.763778108465608,-3.37330878584912,5.802118375377063,0.034633422968276366,-0.0012939309933532872,0.22019716654758958,1.4,-7.383837603696367,0.011175887250622352,-4.509550724921522,7.00397413672268,ok,11,12.404055886243386,-3.1149582091136283,5.82600010738045,0.034633422968276366,0.0044882679460021,0.22019716654758958,1.4,-7.053853818852123,0.01560510756870609,-4.296171076789075,7.00397413672268,ok,16,18.041795634920632,-2.9274835684468448,5.768320995793772,0.034633422968276366,-0.02075254744065133,0.22019716654758958,1.4,-6.840496095527404,0.02012956928897633,-4.160298457288322,7.00397413672268,w5,target
test,Test,34,G34C3,-3.1688142417155114,5.8944028342648505,0.27651045622338727,-0.01721653359844244,0.7799506418302713,2.2,-6.609738913433479,0.018771172586657003,-4.117755350469431,6.983789965258135,3,Release 1.0,ok,26.611,14.503,17.202,19.617,21.6,23.336,25.037,nan,nan,nan,nan,0,0.0,0.283793137777778,2.2,2.0,ok,4,3.5910367063492066,-3.1688142417155114,5.8944028342648505,0.27651045622338727,-0.01721653359844244,0.7799506418302713,2.2,-6.609738913433479,0.018771172586657003,-4.117755350469431,6.983789965258135,ok,6,5.7965360449735455,-3.0437428067833228,5.849324779946859,0.27651045622338727,-0.018297289836346542,0.7799506418302713,2.2,-6.692314178451265,0.018743262459748167,-4.158587124551896,6.983789965258135,ok,11,11.734169973544974,-2.657574067260487,5.501258210544727,0.27651045622338727,-0.00858387841179048,0.7799506418302713,2.2,-6.096038150121492,0.034572545946916416,-3.6395709107704133,6.983789965258135,ok,16,17.350281084656082,-2.306690034550235,4.219507705176107,0.27651045622338727,0.0011790094401367412,0.7799506418302713,2.2,-5.311668785757152,0.061501062610042984,-3.0816834659728283,6.983789965258135,w5,target
test,Test,34,G34C4,-3.200261224762269,5.863631175598097,0.29815493297778184,0.0012956913761197064,0.8099017548759355,2.2,-6.682986164936096,0.017237190440700573,-4.18713691128167,6.951772164398911,4,Release 1.0,ok,29.179,15.84,18.809,21.951,23.856,25.658,27.406,30.006,30.474,30.929,nan,0,0.0,0.283909831111111,2.2,2.0,ok,4,3.571450066137566,-3.200261224762269,5.863631175598097,0.29815493297778184,0.0012956913761197064,0.8099017548759355,2.2,-6.682986164936096,0.017237190440700573,-4.18713691128167,6.951772164398911,ok,6,5.777589285714285,-3.06045515600545,5.855071922202427,0.29815493297778184,-0.0025909043325411663,0.8099017548759355,2.2,-6.536966347006442,0.020247211339492227,-4.116291069325838,6.951772164398911,ok,11,11.72350529100529,-2.718711457486899,5.545177444479562,0.29815493297778184,-0.009475827238163287,0.8099017548759355,2.2,-6.316471587141651,0.028878447139497,-3.9013310125588494,6.951772164398911,ok,16,17.35551091269841,-2.381927074303788,4.882801922586371,0.29815493297778184,-0.0006031480214369889,0.8099017548759355,2.2,-5.521890426717705,0.05314188391376587,-3.219075046620884,6.951772164398911,w5,target
test,Test,40,G40C4,-3.2895305114335134,6.091309882077698,0.35983184322079115,-0.003909247765895879,0.8103660369721474,1.825,-6.935499836818185,0.011198759087607674,-4.441569844427373,6.9782137426306985,4,Release 1.0,ok,36.858,20.696,24.533,27.979,30.947,33.21,35.027,38.551,40.498,nan,nan,0,0.0,0.28500519444444444,1.825,1.025,ok,4,3.4980803571428574,-3.2895305114335134,6.091309882077698,0.35983184322079115,-0.003909247765895879,0.8103660369721474,1.825,-6.935499836818185,0.011198759087607674,-4.441569844427373,6.9782137426306985,ok,6,5.735372023809524,-3.1540440179948748,6.09807428216624,0.35983184322079115,-0.0031527853613944057,0.8103660369721474,1.825,-6.7445614007576005,0.01536078996344753,-4.357187846124528,6.9782137426306985,ok,11,11.328272156084656,-2.8787939507240727,5.988961416889864,0.35983184322079115,0.005520374259635308,0.8103660369721474,1.825,-6.6910699469528865,0.020138549637637726,-4.2029481208777835,6.9782137426306985,ok,16,16.876536044973545,-2.5914363465466,5.7430031878094825,0.35983184322079115,-0.01267431223327875,0.8103660369721474,1.825,-6.267415888614554,0.029264991386578176,-3.831793109035713,6.9782137426306985,w5,target
test,Test,41,G41C3,-2.7877999323938663,6.126869184114185,0.6719933129659049,-0.0039867989198347775,1.1808412782437159,2.075,-6.232030319392085,0.02214108510087137,-3.976295145458457,7.035268599281097,3,Release 1.0,ok,24.794,9.881,12.356,14.77,17.2,19.586,22.14,27.615,nan,nan,nan,0,0.0,0.28413194444444445,2.075,1.775,ok,4,3.442835648148148,-2.7877999323938663,6.126869184114185,0.6719933129659049,-0.0039867989198347775,1.1808412782437159,2.075,-6.232030319392085,0.02214108510087137,-3.976295145458457,7.035268599281097,ok,6,5.660904431216931,-2.6362608512800736,5.968707559985366,0.6719933129659049,0.0059892829453232765,1.1808412782437159,2.075,-6.513609366096165,0.021701333046445004,-4.077199198644971,7.035268599281097,ok,11,11.170954034391535,-2.2187988224512045,3.912023005428146,0.6719933129659049,-0.05613153930551654,1.1808412782437159,2.075,-6.159363501991996,0.02954917320878292,-3.89270098783781,7.035268599281097,ok,16,16.62663855820106,-1.9238666616042979,6.1092475827643655,0.6719933129659049,-0.03925907808220443,1.1808412782437159,2.075,-5.457780020815607,0.047089406640551695,-3.497065862146526,7.035268599281097,w5,target
test,Test,41,G41C4,-2.801494238260832,6.124683390894205,0.6693366850915363,-0.001251956579975344,1.1785048245828007,2.075,-6.504354652806282,0.018936712782363918,-4.060447554173184,7.0317412587631285,4,Release 1.0,ok,24.328,9.201,10.908,13.57,16.439,19.021,21.517,27.706,nan,nan,nan,0,0.0,0.2834333333333333,2.075,1.775,ok,4,3.461264880952381,-2.801494238260832,6.124683390894205,0.6693366850915363,-0.001251956579975344,1.1785048245828007,2.075,-6.504354652806282,0.018936712782363918,-4.060447554173184,7.0317412587631285,ok,6,5.668845899470901,-2.655473828486936,6.003887067106539,0.6693366850915363,0.002971113492183014,1.1785048245828007,2.075,-6.693188722451684,0.01984375565942542,-4.14768905475078,7.0317412587631285,ok,11,11.203568121693124,-2.125945596040874,3.6109179126442243,0.6693366850915363,-0.053524710752076,1.1785048245828007,2.075,-6.056975264492652,0.030195670376331238,-3.8992850629855864,7.0317412587631285,ok,16,16.6430042989418,-1.8899807716287622,6.263398262591624,0.6693366850915363,-0.036466751259012595,1.1785048245828007,2.075,-5.410744163907509,0.04784292325891765,-3.4570959886780743,7.0317412587631285,w5,target
test,Test,42,G42C3,-3.136809780436857,5.916202062607435,0.4476280592965798,0.00488731585478433,0.5696756471800601,0.725,-7.179545087809425,0.0068619838607872075,-4.793189664467857,6.932447891572509,3,Release 1.0,ok,20.101,12.885,14.3,15.626,17.188,18.248,18.913,21.395,23.747,nan,nan,0,0.0,0.2866944444444445,0.725,2.375,ok,4,3.473139880952381,-3.136809780436857,5.916202062607435,0.4476280592965798,0.00488731585478433,0.5696756471800601,0.725,-7.179545087809425,0.0068619838607872075,-4.793189664467857,6.932447891572509,ok,6,5.713745039682539,-2.9652090618780123,5.8805329864007,0.4476280592965798,-0.01932735653445289,0.5696756471800601,0.725,-6.920657766662914,0.011145680503220845,-4.577852690705703,6.932447891572509,ok,11,11.284242724867726,-2.5646771964299626,5.605802066295998,0.4476280592965798,-0.00915628906568669,0.5696756471800601,0.725,-6.253541189427606,0.026530975535945106,-3.8915140281187575,6.932447891572509,ok,16,16.775370370370375,-2.051484127491267,5.093750200806762,0.4476280592965798,0.00643176954773475,0.5696756471800601,0.725,-4.82800153362474,0.0783421774224887,-2.9085123330567564,6.932447891572509,w5,target
test,Test,43,G43C3,-3.1409799350328242,6.091309882077698,0.36040177658995204,0.0012929449023767192,0.8220421711239394,1.875,-6.81708919040677,0.015213551636047318,-4.259255823402897,7.037027614686276,3,Release 1.0,ok,32.698,17.361,20.574,23.796,26.535,29.37,31.239,34.684,nan,nan,nan,0,0.0,0.28486533333333336,1.875,2.325,ok,4,3.4953356481481483,-3.1409799350328242,6.091309882077698,0.36040177658995204,0.0012929449023767192,0.8220421711239394,1.875,-6.81708919040677,0.015213551636047318,-4.259255823402897,7.037027614686276,ok,6,5.735287698412699,-3.0110477376075417,6.100318952020064,0.36040177658995204,0.004829747548198898,0.8220421711239394,1.875,-6.683683938020476,0.017644680092052833,-4.218717734158259,7.037027614686276,ok,11,11.329971891534393,-2.7128132880006666,5.955837369464831,0.36040177658995204,-0.013087232480541833,0.8220421711239394,1.875,-6.497786682215879,0.023833846279570414,-4.044263393593408,7.037027614686276,ok,16,16.862567791005294,-2.387055616207802,5.5909869805108565,0.36040177658995204,-0.049486391879071695,0.8220421711239394,1.875,-5.9692559978869095,0.03578309121484202,-3.62030948952621,7.037027614686276,w5,target
test,Test,43,G43C4,-3.0975030425085963,6.063785208687608,0.3886812258805738,0.0016537557118789237,0.8536845427475397,1.875,-6.669304687657459,0.0159475429040751,-4.210100160529843,6.97166860472579,4,Release 1.0,ok,26.049,14.616,17.0,19.105,21.007,23.046,24.776,27.485,nan,nan,nan,0,0.0,0.2828805555555555,1.875,2.325,ok,4,3.4786127645502645,-3.0975030425085963,6.063785208687608,0.3886812258805738,0.0016537557118789237,0.8536845427475397,1.875,-6.669304687657459,0.0159475429040751,-4.210100160529843,6.97166860472579,ok,6,5.713864087301587,-2.9492298470318565,6.037870919922137,0.3886812258805738,-0.029759680457878496,0.8536845427475397,1.875,-6.708528127422802,0.018170025928330197,-4.228293789226052,6.97166860472579,ok,11,11.293120039682538,-2.5825458423704193,5.82600010738045,0.3886812258805738,-0.01055430971839097,0.8536845427475397,1.875,-6.263595711174588,0.02865383853017736,-3.8254954332738613,6.97166860472579,ok,16,16.797329695767193,-2.2259898889509766,5.220355825078324,0.3886812258805738,-0.035325663749016106,0.8536845427475397,1.875,-5.609218466725261,0.04527137163946074,-3.360532781581163,6.97166860472579,w5,target
test,Test,44,G44C3,-3.283891462438274,5.817111159963204,0.38008153953792295,0.0005288014187427303,0.5427367622907907,0.775,-7.642182795959684,0.004417799082850171,-5.04633083274904,6.945051063725834,3,Release 1.0,ok,30.825,24.839,26.824,27.975,29.104,29.956,30.446,nan,nan,nan,nan,0,0.0,0.284256373333333,0.775,1.275,ok,4,3.5806101190476194,-3.283891462438274,5.817111159963204,0.38008153953792295,0.0005288014187427303,0.5427367622907907,0.775,-7.642182795959684,0.004417799082850171,-5.04633083274904,6.945051063725834,ok,6,5.791317791005292,-3.1239592598030868,5.849324779946859,0.38008153953792295,-0.00027783553230284475,0.5427367622907907,0.775,-7.197427578711177,0.008846611502982826,-4.68536573126943,6.945051063725834,ok,11,11.724877645502646,-2.8049632321512235,5.765191102784844,0.38008153953792295,-0.014165721583795865,0.5427367622907907,0.775,-6.642549374373683,0.020855339065480233,-4.217392796415469,6.945051063725834,ok,16,17.362116402116406,-2.5628734298404567,5.648974238161206,0.38008153953792295,-0.010740207794464968,0.5427367622907907,0.775,-6.24138414401099,0.029283289981710814,-3.9466775337993636,6.945051063725834,w5,target
test,Test,44,G44C4,-3.259257184736553,5.746203190540153,0.37395794241748986,0.0027830425026355854,0.5383469191641712,0.775,-7.4543247631622656,0.005934561216256129,-4.908010019864904,6.898714534329988,4,Release 1.0,ok,26.46,19.37,22.144,23.72,24.856,25.536,26.027,26.836,27.174,27.489,27.786,0,0.0,0.282432675555556,0.775,1.275,ok,4,3.576605489417989,-3.259257184736553,5.746203190540153,0.37395794241748986,0.0027830425026355854,0.5383469191641712,0.775,-7.4543247631622656,0.005934561216256129,-4.908010019864904,6.898714534329988,ok,6,5.782850529100529,-3.091167350727418,5.765191102784844,0.37395794241748986,0.0034478266155359705,0.5383469191641712,0.775,-7.000593306906389,0.010712183916890355,-4.60240404804869,6.898714534329988,ok,11,11.718945105820108,-2.770186250446462,5.556828061699537,0.37395794241748986,-0.01856134203334564,0.5383469191641712,0.775,-6.645862151679392,0.021099141849212577,-4.271142672384304,6.898714534329988,ok,16,17.355492724867727,-2.502810853881306,5.049856007249537,0.37395794241748986,-0.010051662237345466,0.5383469191641712,0.775,-6.163248844388239,0.03231781133177189,-3.855466564252879,6.898714534329988,w5,target
test,Test,50,G50C2,-3.346934686903909,5.75890177387728,0.2111991875198325,-0.000542720868256269,0.7156521709151686,2.425,-6.8133626391651925,0.016152122077656456,-4.150453471193578,6.901737206656574,2,Release 1.0,ok,26.097,13.072,15.271,17.418,19.298,21.2,23.426,nan,nan,nan,nan,0,0.0,0.285394453333333,2.425,1.625,ok,4,3.5907175925925925,-3.346934686903909,5.75890177387728,0.2111991875198325,-0.000542720868256269,0.7156521709151686,2.425,-6.8133626391651925,0.016152122077656456,-4.150453471193578,6.901737206656574,ok,6,5.7987185846560845,-3.183355942229588,5.703782474656201,0.2111991875198325,0.00036057777103168376,0.7156521709151686,2.425,-6.489695278042879,0.021861756508779223,-3.935304005120899,6.901737206656574,ok,11,11.734378306878305,-2.771148283015327,5.231108616854587,0.2111991875198325,0.00663356928602421,0.7156521709151686,2.425,-5.742428209843039,0.04211402705207093,-3.3201852171195805,6.901737206656574,ok,16,17.33557374338624,-2.3815826942026965,3.828641396489095,0.2111991875198325,-0.009494024678305013,0.7156521709151686,2.425,-4.920682441037023,0.07578561862134592,-2.741545977657254,6.901737206656574,w5,target
test,Test,50,G50C4,-3.193038608141604,5.860786223465865,0.20227887875138323,0.002304110106204682,0.7003758140970492,2.425,-6.185269265997516,0.02532083914622904,-3.7021629739069923,6.931471805599453,4,Release 2.0,ok,33.412,18.571,21.523,24.483,27.781,30.386,32.295,34.067,34.629,nan,nan,0,0.0,0.289220106666667,2.425,1.625,ok,4,3.6002017195767193,-3.193038608141604,5.860786223465865,0.20227887875138323,0.002304110106204682,0.7003758140970492,2.425,-6.185269265997516,0.02532083914622904,-3.7021629739069923,6.931471805599453,ok,6,5.803614417989418,-3.0282302444393174,5.8916442118257715,0.20227887875138323,-0.012043138763825817,0.7003758140970492,2.425,-6.076274130393239,0.029178538124580655,-3.5771526613538476,6.931471805599453,ok,11,11.751142526455025,-2.8324377297598997,5.6240175061873385,0.20227887875138323,-0.0016118486854583558,0.7003758140970492,2.425,-6.066877923683385,0.030738763359918347,-3.6316870412328295,6.931471805599453,ok,16,17.41127810846561,-2.5728117835282407,5.187385805840755,0.20227887875138323,-0.0379076612207489,0.7003758140970492,2.425,-5.733259119813704,0.043671920228411404,-3.3263211891811633,6.931471805599453,w5,target
test,Test,54,G54C2,-3.4902631587208117,5.968707559985366,0.25920518337408316,-0.0014437689382409136,0.489657834228175,0.925,-7.936030196918874,0.0022047467906310403,-5.252347600342437,7.0431599159883405,2,Release 1.0,ok,36.463,25.776,27.665,29.502,33.746,34.917,35.665,nan,nan,nan,nan,0,0.0,0.28402777777777777,0.925,1.125,ok,4,3.7018535052910053,-3.4902631587208117,5.968707559985366,0.25920518337408316,-0.0014437689382409136,0.489657834228175,0.925,-7.936030196918874,0.0022047467906310403,-5.252347600342437,7.0431599159883405,ok,6,5.986451719576719,-3.331003673023589,5.966146739123692,0.25920518337408316,-0.0016355685728183522,0.489657834228175,0.925,-7.701702648974164,0.00408029486117098,-5.088212808394618,7.0431599159883405,ok,11,11.66220734126984,-3.0761925348033916,5.937536205082426,0.25920518337408316,0.0034379595993827006,0.489657834228175,0.925,-7.141751083814354,0.011894923239853361,-4.6519119237178295,7.0431599159883405,ok,16,17.453368055555554,-2.85200098168264,5.834810737062605,0.25920518337408316,-0.017477661018012902,0.489657834228175,0.925,-6.635831010315234,0.018624959949833875,-4.403622073966983,7.0431599159883405,w5,target
test,Test,54,G54C3,-3.4834831612628507,6.042632833682381,0.27474640737846256,-0.0004207642037891701,0.5041234241979615,0.925,-8.07791170505613,0.0010237643943267205,-5.215770102399962,7.0587581525186645,3,Release 1.0,ok,33.85,24.44,26.343,28.735,30.423,31.628,32.761,34.913,nan,nan,nan,0,0.0,0.2825370277777778,0.925,1.125,ok,4,3.718411044973545,-3.4834831612628507,6.042632833682381,0.27474640737846256,-0.0004207642037891701,0.5041234241979615,0.925,-8.07791170505613,0.0010237643943267205,-5.215770102399962,7.0587581525186645,ok,6,6.001180555555555,-3.3360397563485047,6.042632833682381,0.27474640737846256,0.0026166570508850406,0.5041234241979615,0.925,-7.809859366551945,0.003992808048133234,-5.1211708168150105,7.0587581525186645,ok,11,11.679217923280422,-3.075343656043884,5.993961427306569,0.27474640737846256,-0.025975692890052193,0.5041234241979615,0.925,-7.238251034997855,0.011442252554497795,-4.758930556722374,7.0587581525186645,ok,16,17.469252645502646,-2.819821937746288,5.8805329864007,0.27474640737846256,-0.019203664781211882,0.5041234241979615,0.925,-6.702424913835486,0.019021945334409485,-4.3883963945749525,7.0587581525186645,w5,target
test,Test,54,G54C4,-3.494363900602886,5.926926025970411,0.2801264372738472,0.0012423699791004328,0.5090353175156992,0.925,-7.905082547804711,0.0025835173629574215,-5.43777441475956,6.988413181999592,4,Release 1.0,ok,28.602,21.265,23.822,25.247,26.271,27.086,27.843,29.347,nan,nan,nan,0,0.0,0.2847525277777778,0.925,1.125,ok,4,3.712620701058201,-3.494363900602886,5.926926025970411,0.2801264372738472,0.0012423699791004328,0.5090353175156992,0.925,-7.905082547804711,0.0025835173629574215,-5.43777441475956,6.988413181999592,ok,6,6.004128637566137,-3.34774717652504,5.921578419643816,0.2801264372738472,-0.0015067691830603913,0.5090353175156992,0.925,-7.769979442951303,0.00411849593981492,-5.358876863741231,6.988413181999592,ok,11,11.687094907407408,-3.045510540460608,5.8664680569332965,0.2801264372738472,-0.022375066776062463,0.5090353175156992,0.925,-7.149050982461435,0.011833280458006051,-4.808507757970205,6.988413181999592,ok,16,17.47623511904762,-2.7646389217818514,5.730099782973574,0.2801264372738472,-0.06302778257713926,0.5090353175156992,0.925,-6.516788044694287,0.021333912626877838,-4.351915740531622,6.988413181999592,w5,target
test,Test,56,G56C3,-3.0282778795630567,5.932245187448011,0.5376295939185011,-0.003137745995191149,1.0813622736034116,2.175,-7.252969778382268,0.010142793176518478,-4.707840807152858,6.950814768442584,3,Release 1.0,ok,20.788,12.125,14.037,15.793,17.201,18.329,19.546,22.981,nan,nan,nan,0,0.0,0.28267519444444444,2.175,0.975,ok,4,3.662959656084656,-3.0282778795630567,5.932245187448011,0.5376295939185011,-0.003137745995191149,1.0813622736034116,2.175,-7.252969778382268,0.010142793176518478,-4.707840807152858,6.950814768442584,ok,6,5.917898478835978,-2.8727676038336303,5.768320995793772,0.5376295939185011,-0.0009537235252241316,1.0813622736034116,2.175,-7.3196120160978815,0.012293681965392877,-4.666918665245603,6.950814768442584,ok,11,11.510532407407407,-2.408204082259432,4.969813299576001,0.5376295939185011,-0.05882776469339865,1.0813622736034116,2.175,-6.413821065483257,0.02482685016176442,-3.899178723375204,6.950814768442584,ok,16,17.145694444444445,-1.9240746031551184,5.030437921392435,0.5376295939185011,0.003170876721292487,1.0813622736034116,2.175,-5.202558703658106,0.05628602285109502,-3.1617359599084107,6.950814768442584,w5,target
test,Test,56,G56C4,-2.8534294948420813,6.194405391104672,0.532917201,-0.00283124424869155,1.0766127029600756,2.175,-6.159535538409301,0.02439933345209913,-3.775409168073373,7.10085190894405,4,Release 1.0,ok,25.797,11.36,14.424,17.047,19.727,22.025,23.857,27.774,nan,nan,nan,0,0.0,0.28351944444444444,2.175,0.975,ok,4,3.6498296957671954,-2.8534294948420813,6.194405391104672,0.532917201,-0.00283124424869155,1.0766127029600756,2.175,-6.159535538409301,0.02439933345209913,-3.775409168073373,7.10085190894405,ok,6,5.900818452380952,-2.7218838012784117,6.115892125483034,0.532917201,-0.003920184728848836,1.0766127029600756,2.175,-6.342670461350947,0.02409970028057115,-3.8484965854490922,7.10085190894405,ok,11,11.460744047619047,-2.383250508819861,5.75890177387728,0.532917201,-0.005801521413578703,1.0766127029600756,2.175,-5.974736154167385,0.03526047215065167,-3.5125283034519756,7.10085190894405,ok,16,17.084961970899474,-2.0736957419609676,5.241747015059643,0.532917201,0.003012576046928811,1.0766127029600756,2.175,-5.318484615168258,0.05994671629609086,-3.079580134133081,7.10085190894405,w5,target
test,Test,58,G58C4,-2.945348894330817,6.202535517187923,0.42712468541914256,-0.00726933803070226,1.0281700231053121,2.475,-5.593499871533285,0.03219348749811807,-3.462297559116256,7.014814351275545,4,Release 1.0,ok,28.557,13.525,16.457,18.974,21.35,23.618,25.947,31.609,nan,nan,nan,0,0.0,0.28513469444444445,2.475,0.575,ok,4,3.6569973544973546,-2.945348894330817,6.202535517187923,0.42712468541914256,-0.00726933803070226,1.0281700231053121,2.475,-5.593499871533285,0.03219348749811807,-3.462297559116256,7.014814351275545,ok,6,5.914252645502645,-2.8747057555339253,6.139884552226255,0.42712468541914256,-0.007120572365796329,1.0281700231053121,2.475,-5.7304728656260036,0.03022072911933854,-3.53688940590962,7.014814351275545,ok,11,11.485454695767194,-2.607265789804497,5.857933154483459,0.42712468541914256,-0.007817117525430434,1.0281700231053121,2.475,-5.932910216116801,0.03335158166496968,-3.4743562784539326,7.014814351275545,ok,16,17.16197255291005,-2.2866106958646064,5.337538079701318,0.42712468541914256,0.006933767746361952,1.0281700231053121,2.475,-5.3842148819019355,0.057386391298376,-3.0491401575523653,7.014814351275545,w5,target
test,Test,59,G59C3,-3.2522987143500837,5.958424693029782,0.31919668664425277,0.005111584450212897,0.6503349981383708,1.325,-7.028409607327412,0.011661624600786596,-4.476240605327262,6.963189985870238,3,Release 1.0,ok,25.464,19.102,20.859,22.432,23.315,24.012,24.667,26.663,nan,nan,nan,0,0.0,0.2850416666666667,1.325,1.825,ok,4,3.6797619047619046,-3.2522987143500837,5.958424693029782,0.31919668664425277,0.005111584450212897,0.6503349981383708,1.325,-7.028409607327412,0.011661624600786596,-4.476240605327262,6.963189985870238,ok,6,5.957612433862433,-3.0811193368717884,5.958424693029782,0.31919668664425277,-0.019473702448927738,0.6503349981383708,1.325,-6.803651232032191,0.015474370752113914,-4.313999003429361,6.963189985870238,ok,11,11.576261574074072,-2.799666305161028,5.82600010738045,0.31919668664425277,-0.015603551291737155,0.6503349981383708,1.325,-6.618107616138524,0.020271143214474846,-4.224924286662459,6.963189985870238,ok,16,17.312220568783065,-2.4973795538855965,5.356586274672012,0.31919668664425277,-0.01858299086921847,0.6503349981383708,1.325,-6.096995665611102,0.03149088236094333,-3.8196813801818426,6.963189985870238,w5,target
test,Test,59,G59C4,-3.2822525130513154,6.075346031088684,0.30429068264029785,0.0001894991563538284,0.6349686248141672,1.325,-7.386263142341433,0.008239341820938023,-4.623399249100924,7.066466970136958,4,Release 1.0,ok,29.272,20.031,22.103,24.134,25.361,26.684,28.003,31.091,32.17,nan,nan,0,0.0,0.2868152777777778,1.325,1.825,ok,4,3.7062417328042327,-3.2822525130513154,6.075346031088684,0.30429068264029785,0.0001894991563538284,0.6349686248141672,1.325,-7.386263142341433,0.008239341820938023,-4.623399249100924,7.066466970136958,ok,6,5.978454034391535,-3.1430805055095004,6.066108090103747,0.30429068264029785,0.005456154820636494,0.6349686248141672,1.325,-7.129303915141291,0.0130445557945163,-4.526250807414054,7.066466970136958,ok,11,11.627600859788359,-2.7943712662382674,5.983936280687191,0.30429068264029785,-0.01642784700027869,0.6349686248141672,1.325,-6.681098786316025,0.021223833616806326,-4.2239287734040305,7.066466970136958,ok,16,17.382023809523808,-2.492030399986932,5.666426688112432,0.30429068264029785,-0.0191304326880527,0.6349686248141672,1.325,-6.1538360649175825,0.03160806290570886,-3.8354737187744363,7.066466970136958,w5,target
train,Train,5,G5C1,-2.979650649746435,5.796057750765372,0.9774853115513104,-0.004548535518589941,0.9886785683685625,1.0,-8.072898438147634,0.0034263663817987455,-8.925041971852107,6.963189985870238,1,Release 1.0,ok,13.173,11.859,12.264,12.58,12.771,12.914,13.044,13.311,13.481,13.831,14.428,0,0.0,0.2816933888888889,1.0,0.5,ok,3,3.341040013227513,-2.979650649746435,5.796057750765372,0.9774853115513104,-0.004548535518589941,0.9886785683685625,1.0,-8.072898438147634,0.0034263663817987455,-8.925041971852107,6.963189985870238,ok,5,5.621893187830688,-2.6930587241913178,5.262690188904886,0.9774853115513104,-0.002121739594659361,0.9886785683685625,1.0,-7.475528235546675,0.005404403196219487,-5.6226318840283644,6.963189985870238,ok,10,11.453926917989419,-2.1621126589450026,4.90527477843843,0.9774853115513104,-0.023769202747535106,0.9886785683685625,1.0,-5.95359135497815,0.02527132705671467,-6.843582395903986,6.963189985870238,missing_week15,15,nan,nan,nan,0.9774853115513104,nan,0.9886785683685625,1.0,nan,nan,nan,6.963189985870238,w5,source
train,Train,5,G5C2,-2.9838284122555687,5.572154032177765,0.9655387820980716,-0.004615981372022071,0.9826183298199112,1.0,-8.128146286436719,0.002554087047457937,-7.2648939710605855,6.918695219020472,2,Release 1.0,ok,13.166,12.336,12.719,12.834,12.926,13.009,13.088,13.246,13.333,13.434,13.587,0,0.0,0.2842785,1.0,0.5,ok,3,3.336104497354497,-2.9838284122555687,5.572154032177765,0.9655387820980716,-0.004615981372022071,0.9826183298199112,1.0,-8.128146286436719,0.002554087047457937,-7.2648939710605855,6.918695219020472,ok,5,5.623235780423279,-2.7035222639088703,4.882801922586371,0.9655387820980716,-0.0027804431399029994,0.9826183298199112,1.0,-7.520368389141801,0.006847333726898774,-5.6412521922093655,6.918695219020472,ok,10,11.456091269841268,-2.1757478359879787,5.521460917862246,0.9655387820980716,-0.01023963316560142,0.9826183298199112,1.0,-5.907474525216163,0.025668368772070405,-5.5061985138655665,6.918695219020472,ok,15,17.177099867724866,-1.0947015217497267,6.84587987526405,0.9655387820980716,nan,0.9826183298199112,1.0,-3.8881488710073078,nan,-2.1909345449723103,6.918695219020472,w5,source
train,Train,5,G5C3,-2.9396164886062865,5.676753802268282,0.9764392560699543,-0.008403999756615127,0.9881494097908242,1.0,-7.931159898392457,0.004098983113790533,-7.493303321010166,7.088408778675395,3,Release 1.0,ok,17.103,14.541,15.864,16.292,16.543,16.749,16.932,17.266,17.424,17.579,17.735,0,0.0,0.2816125,1.0,0.5,ok,3,3.282020502645503,-2.9396164886062865,5.676753802268282,0.9764392560699543,-0.008403999756615127,0.9881494097908242,1.0,-7.931159898392457,0.004098983113790533,-7.493303321010166,7.088408778675395,ok,5,5.574174933862434,-2.680036662587516,5.318119993844216,0.9764392560699543,-0.006284998039611134,0.9881494097908242,1.0,-7.465864805250561,0.006515054095646428,-6.447481135750077,7.088408778675395,ok,10,11.347022156084655,-2.2437809015616366,4.718498871295094,0.9764392560699543,-0.018184957355720233,0.9881494097908242,1.0,-6.060027788609105,0.01998381038201777,-5.646511529487916,7.088408778675395,ok,15,17.26374173280423,-1.5483215464482327,7.176254532017144,0.9764392560699543,nan,0.9881494097908242,1.0,-4.1334515059117205,nan,-2.7413633690296226,7.088408778675395,w5,source
train,Train,5,G5C4,-2.9663443687804767,5.365976015021851,0.9820374646815779,0.0006218657489279744,0.9909780344092284,1.0,-8.136798102236943,0.0031413255642639692,-5.562392728013862,6.890609120147166,4,Release 1.0,ok,8.61,7.915,8.095,8.218,8.324,8.421,8.516,8.707,8.811,8.931,9.099,0,0.0,0.2861761944444444,1.0,0.5,ok,3,3.313444113756614,-2.9663443687804767,5.365976015021851,0.9820374646815779,0.0006218657489279744,0.9909780344092284,1.0,-8.136798102236943,0.0031413255642639692,-5.562392728013862,6.890609120147166,ok,5,5.582152777777779,-2.621067039799559,3.8918202981106265,0.9820374646815779,-0.041515149007832736,0.9909780344092284,1.0,-7.364431852039239,0.0059216969791081875,-4.876983221949531,6.890609120147166,missing_week10,10,nan,nan,nan,0.9820374646815779,nan,0.9909780344092284,1.0,nan,nan,nan,6.890609120147166,missing_week15,15,nan,nan,nan,0.9820374646815779,nan,0.9909780344092284,1.0,nan,nan,nan,6.890609120147166,w5,source
train,Train,16,G16C1,-3.0304892810993076,5.655991810819852,0.9698223410869544,-0.0046614401161648444,0.6963556351057104,0.5,-8.279173285286479,0.0013286960329472741,-5.885367188243474,6.974478911025045,1,Release 1.0,ok,17.371,13.322,14.528,15.427,16.202,16.676,17.006,17.96,nan,nan,nan,0,0.0,0.28146944444444444,0.5,0.5,ok,3,3.521246693121693,-3.0304892810993076,5.655991810819852,0.9698223410869544,-0.0046614401161648444,0.6963556351057104,0.5,-8.279173285286479,0.0013286960329472741,-5.885367188243474,6.974478911025045,ok,5,5.716696428571428,-2.748888949569372,5.278114659230517,0.9698223410869544,-0.0011032520608610097,0.6963556351057104,0.5,-7.635378019134706,0.005627761650854601,-5.564685600318064,6.974478911025045,ok,10,11.745176917989419,-2.199970413271899,5.187385805840755,0.9698223410869544,-0.017737142066789446,0.6963556351057104,0.5,-6.050696474614068,0.02511868905690809,-5.545184936035175,6.974478911025045,ok,15,17.46467261904762,-1.6192725167798627,7.136483208590247,0.9698223410869544,nan,0.6963556351057104,0.5,-4.118113890552284,nan,-2.668183420730214,6.974478911025045,w5,source
train,Train,16,G16C3,-3.0893498484421587,5.634789603169249,0.9857103553837397,-0.004432831213298821,0.7020364504011668,0.5,-7.9861706727247235,0.002887993420504914,-6.607748418363166,6.930494765951626,3,Release 1.0,ok,17.56,14.331,15.994,16.469,16.753,16.985,17.223,18.059,nan,nan,nan,0,0.0,0.28310555555555555,0.5,0.5,ok,3,3.5714103835978834,-3.0893498484421587,5.634789603169249,0.9857103553837397,-0.004432831213298821,0.7020364504011668,0.5,-7.9861706727247235,0.002887993420504914,-6.607748418363166,6.930494765951626,ok,5,5.753401124338625,-2.8262867065975272,5.278114659230517,0.9857103553837397,-0.0028203280466452263,0.7020364504011668,0.5,-7.691737787323347,0.006661454220104168,-7.3051931268379615,6.930494765951626,ok,10,11.755325727513227,-2.3060193106624682,4.795790545596741,0.9857103553837397,-0.013362517469098611,0.7020364504011668,0.5,-6.2508743317095385,0.02576769213459204,-5.696607564710487,6.930494765951626,ok,15,17.487757936507936,-1.633986355472139,6.782192056006791,0.9857103553837397,nan,0.7020364504011668,0.5,-4.310950982549026,nan,-2.7510538677609797,6.930494765951626,w5,source
train,Train,16,G16C4,-3.062760927888566,5.6240175061873385,0.9725482887780863,-0.005390621002124896,0.6973335961998699,0.5,-8.077654568374205,0.001038209553932412,-6.429985669431623,6.922643891475888,4,Release 1.0,ok,17.63,14.536,15.427,15.966,16.41,16.778,17.111,nan,nan,nan,nan,0,0.0,0.28662916666666666,0.5,0.5,ok,3,3.5590889550264553,-3.062760927888566,5.6240175061873385,0.9725482887780863,-0.005390621002124896,0.6973335961998699,0.5,-8.077654568374205,0.001038209553932412,-6.429985669431623,6.922643891475888,ok,5,5.767996031746032,-2.7804563343490756,5.220355825078324,0.9725482887780863,-0.006066420143618634,0.6973335961998699,0.5,-7.633142240464324,0.004192479447336389,-5.941111606614523,6.922643891475888,ok,10,11.821221891534393,-2.24401663998113,5.017279836814924,0.9725482887780863,-0.01449055904911084,0.6973335961998699,0.5,-6.196569888979795,0.023798091383217007,-5.940573055238395,6.922643891475888,ok,15,17.504743716931216,-1.6246719509962295,6.873163834212518,0.9725482887780863,nan,0.6973335961998699,0.5,-4.174048656298352,nan,-2.7448849859108164,6.922643891475888,w5,source
train,Train,17,G17C1,-3.06536445111853,6.075346031088684,0.6608756641329192,-0.005684379267827944,0.8129425958411327,1.0,-7.902629559694273,0.005370693018574624,-5.310851444150739,7.01301578963963,1,Release 1.0,ok,19.613,15.957,16.879,17.693,18.482,18.967,19.28,20.199,nan,nan,nan,0,0.0,0.28147080555555554,1.0,0.5,ok,3,3.5971428571428574,-3.06536445111853,6.075346031088684,0.6608756641329192,-0.005684379267827944,0.8129425958411327,1.0,-7.902629559694273,0.005370693018574624,-5.310851444150739,7.01301578963963,ok,5,5.798601190476191,-2.91370875934307,6.059123195581797,0.6608756641329192,-0.004296448775533673,0.8129425958411327,1.0,-7.635162829214544,0.006576431620738538,-4.985326413830757,7.01301578963963,ok,10,11.836939484126985,-2.6571835562800996,5.924255797414532,0.6608756641329192,0.00167525112164027,0.8129425958411327,1.0,-7.330911998478833,0.014031954497239069,-4.6920032760391335,7.01301578963963,ok,15,17.63745535714286,-2.0377017739817327,5.5134287461649825,0.6608756641329192,-0.04782544559958518,0.8129425958411327,1.0,-5.729717414398028,0.037718129070532236,-3.52032122263281,7.01301578963963,w5,source
train,Train,17,G17C2,-3.1268529407616077,5.594711379601839,0.6698213665386404,-0.0031103519283044723,0.8184261521595216,1.0,-8.21285402566806,0.004251509171368073,-6.524636354536773,6.854354502255021,2,Release 1.0,ok,18.676,17.112,17.595,17.931,18.159,18.348,18.518,18.826,18.972,nan,nan,0,0.0,0.28386805555555555,1.0,0.5,ok,3,3.585291005291005,-3.1268529407616077,5.594711379601839,0.6698213665386404,-0.0031103519283044723,0.8184261521595216,1.0,-8.21285402566806,0.004251509171368073,-6.524636354536773,6.854354502255021,ok,5,5.805672949735449,-2.9677030913520666,5.517452896464707,0.6698213665386404,-0.002892271937838864,0.8184261521595216,1.0,-7.810138460903224,0.007776534967472076,-6.01133499524465,6.854354502255021,ok,10,11.901861772486773,-2.667283678344281,4.976733742420574,0.6698213665386404,0.0028949690396885275,0.8184261521595216,1.0,-7.359183450481186,0.0139592971644516,-5.786476049578407,6.854354502255021,ok,15,17.706836970899474,-2.1215821194369187,4.59511985013459,0.6698213665386404,-0.0032039596306570883,0.8184261521595216,1.0,-5.739601859497546,0.04409025199392588,-3.583322006029309,6.854354502255021,w5,source
train,Train,17,G17C3,-3.0680889573066428,5.783825182329737,0.682644432,-0.0029688011297736017,0.8262229916917103,1.0,-8.079787310942937,0.005430246304219261,-5.886663132520678,6.943122422819428,3,Release 1.0,ok,20.725,18.947,19.901,20.163,20.332,20.474,20.603,20.844,20.962,nan,nan,0,0.0,0.2861777777777778,1.0,0.5,ok,3,3.5830505952380953,-3.0680889573066428,5.783825182329737,0.682644432,-0.0029688011297736017,0.8262229916917103,1.0,-8.079787310942937,0.005430246304219261,-5.886663132520678,6.943122422819428,ok,5,5.791271494708995,-2.907963942048535,5.75890177387728,0.682644432,-0.00330057734363981,0.8262229916917103,1.0,-7.803142822006647,0.005976409694702228,-5.647310163957924,6.943122422819428,ok,10,11.846997354497354,-2.6520626271266603,5.476463551931511,0.682644432,-0.0700960432198279,0.8262229916917103,1.0,-7.345579294580831,0.014715641090391862,-5.526539330211075,6.943122422819428,ok,15,17.661949404761906,-2.3707591053977946,5.1298987149230735,0.682644432,-0.012959439016322738,0.8262229916917103,1.0,-6.5324879605993695,0.0231323076820254,-4.351384177866842,6.943122422819428,w5,source
train,Train,17,G17C4,-3.0939566206022566,5.641907070938114,0.688005469,-0.0003701120710633554,0.8294609508590504,1.0,-8.34652207450759,0.004452389734531964,-6.663575552841149,6.906754778648554,4,Release 1.0,ok,16.757,14.689,15.283,15.718,16.03,16.293,16.532,16.975,nan,nan,nan,0,0.0,0.28343888888888885,1.0,0.5,ok,3,3.5865046296296295,-3.0939566206022566,5.641907070938114,0.688005469,-0.0003701120710633554,0.8294609508590504,1.0,-8.34652207450759,0.004452389734531964,-6.663575552841149,6.906754778648554,ok,5,5.809042658730158,-2.934810680153057,5.605802066295998,0.688005469,0.0035411385760111547,0.8294609508590504,1.0,-7.824552637490008,0.006989624804022543,-6.110072290633849,6.906754778648554,ok,10,11.862356150793648,-2.5712292552083356,5.117993812416755,0.688005469,-0.0688296051713132,0.8294609508590504,1.0,-6.9557322254562255,0.017284433273578814,-4.964903286868768,6.906754778648554,missing_week15,15,nan,nan,nan,0.688005469,nan,0.8294609508590504,1.0,nan,nan,nan,6.906754778648554,w5,source
train,Train,20,G20C1,-3.0158349180867017,5.111987788356544,0.9802817829477585,-0.0021936935278898395,0.8855650322580532,0.8,-8.205784453963252,0.0059456568797627285,-8.87888504145591,6.827629234502852,1,Release 1.0,ok,8.963,7.775,8.127,8.35,8.528,8.685,8.828,9.092,9.217,9.341,9.463,0,0.0,0.283018151111111,0.8,0.5,ok,4,3.5029530423280426,-3.0158349180867017,5.111987788356544,0.9802817829477585,-0.0021936935278898395,0.8855650322580532,0.8,-8.205784453963252,0.0059456568797627285,-8.87888504145591,6.827629234502852,ok,6,6.893562334656084,-2.5260631161307283,2.3978952727983707,0.9802817829477585,0.00458462006710858,0.8855650322580532,0.8,-6.635240625409924,0.021478273202430925,-5.410675697196331,6.827629234502852,missing_week10,11,nan,nan,nan,0.9802817829477585,nan,0.8855650322580532,0.8,nan,nan,nan,6.827629234502852,missing_week15,16,nan,nan,nan,0.9802817829477585,nan,0.8855650322580532,0.8,nan,nan,nan,6.827629234502852,w5,source
train,Train,20,G20C2,-3.0088295856371565,5.318119993844216,0.980677841,-0.0026462029740429716,0.8857439092649748,0.8,-8.006546297772333,0.00406344886990026,-6.814495853961171,6.856461984594587,2,Release 1.0,ok,10.265,8.99,9.341,9.577,9.773,9.947,10.11,10.416,10.564,10.712,10.862,0,0.0,0.285403573333333,0.8,0.5,ok,4,3.54583167989418,-3.0088295856371565,5.318119993844216,0.980677841,-0.0026462029740429716,0.8857439092649748,0.8,-8.006546297772333,0.00406344886990026,-6.814495853961171,6.856461984594587,ok,6,6.905274470899472,-2.559542999955969,4.04305126783455,0.980677841,-0.02634975403639822,0.8857439092649748,0.8,-6.984678314376987,0.014048475373289404,-6.4043595239059945,6.856461984594587,missing_week10,11,nan,nan,nan,0.980677841,nan,0.8857439092649748,0.8,nan,nan,nan,6.856461984594587,missing_week15,16,nan,nan,nan,0.980677841,nan,0.8857439092649748,0.8,nan,nan,nan,6.856461984594587,w5,source
train,Train,20,G20C3,-2.9271605029109056,5.66988092298052,0.9820725541700274,-0.01255111597118816,0.8863735348802004,0.8,-6.710107733844917,0.01686129833951769,-4.28003607533404,6.897704943128636,3,Release 1.0,ok,16.505,9.614,13.207,14.895,15.516,15.93,16.238,16.752,16.989,nan,nan,0,0.0,0.280671822222222,0.8,0.5,ok,4,3.4842741402116406,-2.9271605029109056,5.66988092298052,0.9820725541700274,-0.01255111597118816,0.8863735348802004,0.8,-6.710107733844917,0.01686129833951769,-4.28003607533404,6.897704943128636,ok,6,6.840390211640211,-2.5885882480159705,5.351858133476067,0.9820725541700274,-0.0133012210079001,0.8863735348802004,0.8,-5.986133266065316,0.03216818834924967,-3.791963953896649,6.897704943128636,ok,11,12.288050595238097,-2.2417363747748635,3.5263605246161616,0.9820725541700274,-0.004258721935956639,0.8863735348802004,0.8,-5.667528898293762,0.042095231166699554,-3.539037714868463,6.897704943128636,missing_week15,16,nan,nan,nan,0.9820725541700274,nan,0.8863735348802004,0.8,nan,nan,nan,6.897704943128636,w5,source
train,Train,20,G20C4,-2.9720176202522888,5.631211781821365,0.9832766052940898,-0.005690183195032145,0.8869167290311261,0.8,-7.73932855763069,0.0029963237020841083,-6.102561069168282,6.9584483932976555,4,Release 1.0,ok,16.364,13.51,15.149,15.71,15.938,16.101,16.239,16.481,16.593,16.701,16.808,0,0.0,0.286220728888889,0.8,0.5,ok,4,3.5278670634920637,-2.9720176202522888,5.631211781821365,0.9832766052940898,-0.005690183195032145,0.8869167290311261,0.8,-7.73932855763069,0.0029963237020841083,-6.102561069168282,6.9584483932976555,ok,6,6.908763227513227,-2.591347254708792,5.209486152841421,0.9832766052940898,-0.0027736760450465525,0.8869167290311261,0.8,-7.093265134013216,0.011080674832313508,-6.143544968553369,6.9584483932976555,ok,11,12.350378637566136,-2.200111067699336,4.430816798843313,0.9832766052940898,-0.011480700915889708,0.8869167290311261,0.8,-5.932429836281693,0.029963894012883185,-5.239696561847838,6.9584483932976555,missing_week15,16,nan,nan,nan,0.9832766052940898,nan,0.8869167290311261,0.8,nan,nan,nan,6.9584483932976555,w5,source
train,Train,21,G21C1,-2.8551337254308082,5.648974238161206,0.9805664634957549,-0.0049366280133649465,1.0847487064730272,1.2,-6.963475338629068,0.012471926663063265,-4.7758530908668595,6.93537044601511,1,Release 1.0,ok,12.02,9.99,10.549,10.91,11.225,11.52,11.782,12.242,12.453,12.656,12.851,0,0.0,0.286229368888889,1.2,0.5,ok,4,3.547891865079365,-2.8551337254308082,5.648974238161206,0.9805664634957549,-0.0049366280133649465,1.0847487064730272,1.2,-6.963475338629068,0.012471926663063265,-4.7758530908668595,6.93537044601511,ok,6,6.938000992063491,-2.4974973202459743,5.236441962829949,0.9805664634957549,0.0017010796105435544,1.0847487064730272,1.2,-6.761767961878968,0.019846845548494807,-4.8406616685033805,6.93537044601511,ok,11,12.397769510582007,-1.4520107065927368,6.259581464064923,0.9805664634957549,nan,1.0847487064730272,1.2,-4.103038785238417,nan,-2.63861570226905,6.93537044601511,missing_week15,16,nan,nan,nan,0.9805664634957549,nan,1.0847487064730272,1.2,nan,nan,nan,6.93537044601511,w5,source
train,Train,21,G21C2,-2.8969424372340216,5.834810737062605,0.9787982782816084,-0.00524506672302999,1.0837702403821254,1.2,-7.607187341077925,0.006224323183548819,-6.19534080634869,6.9865664594064265,2,Release 1.0,ok,17.607,14.533,16.253,16.85,17.09,17.267,17.433,17.828,18.177,18.622,nan,0,0.0,0.286188497777778,1.2,0.5,ok,4,3.5224206349206346,-2.8969424372340216,5.834810737062605,0.9787982782816084,-0.00524506672302999,1.0837702403821254,1.2,-7.607187341077925,0.006224323183548819,-6.19534080634869,6.9865664594064265,ok,6,6.900534060846561,-2.5304777781001535,5.3981627015177525,0.9787982782816084,0.0005844955569721533,1.0837702403821254,1.2,-6.883411909426129,0.012219309632770486,-6.4252342444936845,6.9865664594064265,ok,11,12.462600859788358,-2.0807618909793653,5.111987788356544,0.9787982782816084,-0.018240460992934415,1.0837702403821254,1.2,-5.760810402957939,0.025251869858734288,-4.659852146147225,6.9865664594064265,ok,16,17.87778439153439,-1.5037047722441923,6.366470447731438,0.9787982782816084,nan,1.0837702403821254,1.2,-4.062369410468918,nan,-2.6985350821667944,6.9865664594064265,w5,source
train,Train,21,G21C3,-2.906471715681502,5.814130531825066,0.9797001871120888,-0.005111754391623313,1.0842694427744917,1.2,-7.476810844612986,0.006322488146688288,-5.900987090909655,6.977281341630747,3,Release 1.0,ok,14.059,12.265,13.003,13.414,13.654,13.812,13.943,14.166,14.266,14.362,14.455,0,0.0,0.28703888,1.2,0.5,ok,4,3.49703373015873,-2.906471715681502,5.814130531825066,0.9797001871120888,-0.005111754391623313,1.0842694427744917,1.2,-7.476810844612986,0.006322488146688288,-5.900987090909655,6.977281341630747,ok,6,6.844642030423282,-2.5176043101360897,5.429345628954441,0.9797001871120888,0.0034396127378343855,1.0842694427744917,1.2,-7.020759287129377,0.0124463734102995,-8.107325081743967,6.977281341630747,ok,11,12.330402612433865,-2.0570021898515276,4.110873864173311,0.9797001871120888,-0.021008791250745534,1.0842694427744917,1.2,-5.674475063376881,0.0339131654317498,-5.580097721237858,6.977281341630747,missing_week15,16,nan,nan,nan,0.9797001871120888,nan,1.0842694427744917,1.2,nan,nan,nan,6.977281341630747,w5,source
train,Train,21,G21C4,-2.911954933796397,5.683579767338681,0.9800032730453457,-0.005974301617492822,1.0844371478580097,1.2,-7.715833769712118,0.005057472849638062,-6.486593916607904,6.934397209928558,4,Release 1.0,ok,12.882,11.424,11.814,12.086,12.325,12.543,12.724,13.026,13.16,13.287,13.409,0,0.0,0.285211786666667,1.2,0.5,ok,4,3.5487863756613756,-2.911954933796397,5.683579767338681,0.9800032730453457,-0.005974301617492822,1.0844371478580097,1.2,-7.715833769712118,0.005057472849638062,-6.486593916607904,6.934397209928558,ok,6,6.944275793650794,-2.555465372748988,5.225746673713202,0.9800032730453457,0.00234460514763582,1.0844371478580097,1.2,-6.936040734743055,0.01186392068069142,-6.186792503405985,6.934397209928558,ok,11,12.414179894179895,-1.795290899101669,4.836281906951478,0.9800032730453457,0.0018867175060662544,1.0844371478580097,1.2,-4.796688742490747,0.07013343665481389,-3.3002828792102146,6.934397209928558,missing_week15,16,nan,nan,nan,0.9800032730453457,nan,1.0844371478580097,1.2,nan,nan,nan,6.934397209928558,w5,source
train,Train,22,G22C1,-2.9603074877896924,5.5254529391317835,0.9806307704157315,-0.003974714726960787,1.1717009339340922,1.4,-7.999288146218187,0.005088820150237761,-8.056844702683598,6.860663671448287,1,Release 1.0,ok,12.037,10.508,10.802,11.055,11.311,11.568,11.809,12.255,12.465,12.668,12.865,0,0.0,0.28666912,1.4,0.5,ok,4,3.505952380952381,-2.9603074877896924,5.5254529391317835,0.9806307704157315,-0.003974714726960787,1.1717009339340922,1.4,-7.999288146218187,0.005088820150237761,-8.056844702683598,6.860663671448287,ok,6,6.913492063492063,-2.6039981864278023,4.962844630259907,0.9806307704157315,0.0029814000540839825,1.1717009339340922,1.4,-7.1300168014287655,0.01164628060690992,-5.84261472984902,6.860663671448287,ok,11,12.38194775132275,-1.54278148071916,6.484635235635252,0.9806307704157315,nan,1.1717009339340922,1.4,-4.100553530978737,nan,-2.456357527416009,6.860663671448287,missing_week15,16,nan,nan,nan,0.9806307704157315,nan,1.1717009339340922,1.4,nan,nan,nan,6.860663671448287,w5,source
train,Train,22,G22C2,-2.871956135462861,5.683579767338681,0.9776825744420494,-0.0008692162694465821,1.1699382907738636,1.4,-7.46554729350654,0.011271298424881337,-5.121972368321035,6.954638864880987,2,Release 1.0,ok,8.197,6.332,6.673,7.003,7.282,7.548,7.838,8.607,9.116,nan,nan,0,0.0,0.287045653333333,1.4,0.5,ok,4,3.508260582010582,-2.871956135462861,5.683579767338681,0.9776825744420494,-0.0008692162694465821,1.1699382907738636,1.4,-7.46554729350654,0.011271298424881337,-5.121972368321035,6.954638864880987,ok,6,6.849780092592593,-2.1529134286375813,4.532599493153256,0.9776825744420494,0.0002996233229343448,1.1699382907738636,1.4,-5.275881327829334,0.05876487271977243,-3.2011461461632287,6.954638864880987,missing_week10,11,nan,nan,nan,0.9776825744420494,nan,1.1699382907738636,1.4,nan,nan,nan,6.954638864880987,missing_week15,16,nan,nan,nan,0.9776825744420494,nan,1.1699382907738636,1.4,nan,nan,nan,6.954638864880987,w5,source
train,Train,22,G22C3,-2.92898702420642,5.902633333401366,0.9783486206740046,-0.004852011051625554,1.1703367331429047,1.4,-7.057327367602754,0.010813655492051683,-4.720331286107426,7.001245622069476,3,Release 1.0,ok,13.83,9.722,10.755,11.52,12.258,12.854,13.366,nan,nan,nan,nan,0,0.0,0.283185653333333,1.4,0.5,ok,4,3.4926835317460316,-2.92898702420642,5.902633333401366,0.9783486206740046,-0.004852011051625554,1.1703367331429047,1.4,-7.057327367602754,0.010813655492051683,-4.720331286107426,7.001245622069476,ok,6,6.856600529100529,-2.598094218195056,5.58724865840025,0.9783486206740046,0.0026740790251431334,1.1703367331429047,1.4,-6.801504559112631,0.016266266183895955,-4.753112135796918,7.001245622069476,ok,11,12.352098214285713,-1.9504956839548833,6.46302945692067,0.9783486206740046,0.002839117457161866,1.1703367331429047,1.4,-5.035607686582851,0.05530117624755286,-3.297254187939935,7.001245622069476,missing_week15,16,nan,nan,nan,0.9783486206740046,nan,1.1703367331429047,1.4,nan,nan,nan,7.001245622069476,w5,source
train,Train,22,G22C4,-2.91231533878766,5.407171771460119,0.9784995011826957,-0.00361617588522703,1.17042697408073,1.4,-7.829908899840721,0.004315827091742969,-6.905906983431009,6.873163834212518,4,Release 1.0,ok,11.079,8.965,9.416,9.774,10.108,10.445,10.768,11.38,11.672,11.956,nan,0,0.0,0.292086453333333,1.4,0.5,ok,4,3.522594246031746,-2.91231533878766,5.407171771460119,0.9784995011826957,-0.00361617588522703,1.17042697408073,1.4,-7.829908899840721,0.004315827091742969,-6.905906983431009,6.873163834212518,ok,6,6.906432705026455,-2.477315791639241,4.07753744390572,0.9784995011826957,0.008289738380299422,1.17042697408073,1.4,-6.797940655860167,0.010752985736526166,-5.107324008476928,6.873163834212518,missing_week10,11,nan,nan,nan,0.9784995011826957,nan,1.17042697408073,1.4,nan,nan,nan,6.873163834212518,missing_week15,16,nan,nan,nan,0.9784995011826957,nan,1.17042697408073,1.4,nan,nan,nan,6.873163834212518,w5,source
train,Train,24,G24C3,-2.8008190601812895,6.013715156042802,0.9729682850117591,-0.010669622887773095,1.323383131606704,1.8,-6.644144951117178,0.015797642791617272,-4.473956762602365,7.105786129481271,3,Release 1.0,ok,11.943,8.029,8.679,9.256,9.769,10.348,11.039,nan,nan,nan,nan,0,0.0,0.282545973333333,1.8,0.5,ok,4,3.457546296296296,-2.8008190601812895,6.013715156042802,0.9729682850117591,-0.010669622887773095,1.323383131606704,1.8,-6.644144951117178,0.015797642791617272,-4.473956762602365,7.105786129481271,ok,6,6.848627645502646,-2.4570485415369854,5.697093486505405,0.9729682850117591,-0.021495082563043,1.323383131606704,1.8,-6.404597085461143,0.02283892580178687,-4.514151840498858,7.105786129481271,missing_week10,11,nan,nan,nan,0.9729682850117591,nan,1.323383131606704,1.8,nan,nan,nan,7.105786129481271,missing_week15,16,nan,nan,nan,0.9729682850117591,nan,1.323383131606704,1.8,nan,nan,nan,7.105786129481271,w5,source
train,Train,25,G25C3,-3.087461370677572,5.733341276897746,0.5215268587698124,-0.0030718633006264207,0.9688902650897377,1.8,-6.925050676434895,0.012328621284006552,-4.484228326162232,6.878326468291325,3,Release 1.0,ok,19.983,12.842,14.902,16.659,18.003,18.754,19.388,20.895,22.302,24.401,nan,0,0.0,0.284015324444444,1.8,0.6,ok,4,3.5536061507936507,-3.087461370677572,5.733341276897746,0.5215268587698124,-0.0030718633006264207,0.9688902650897377,1.8,-6.925050676434895,0.012328621284006552,-4.484228326162232,6.878326468291325,ok,6,6.941971726190476,-2.8893271669843896,5.634789603169249,0.5215268587698124,-0.06914793155380877,0.9688902650897377,1.8,-6.825888643857255,0.014172264747119023,-4.432267637639612,6.878326468291325,ok,11,12.487958829365079,-2.4313426388686437,4.406719247264253,0.5215268587698124,-0.014240786128127514,0.9688902650897377,1.8,-6.146929190700099,0.030358125530002555,-3.8771195614857885,6.878326468291325,ok,16,17.9739310515873,-2.0002183140055365,5.1647859739235145,0.5215268587698124,0.005443696585950869,0.9688902650897377,1.8,-5.051844937943669,0.06961628587137624,-3.079212201980555,6.878326468291325,w5,source
train,Train,27,G27C1,-2.9858317487058184,5.6240175061873385,0.5376602833421649,-0.001592737047383802,0.5679755012368922,0.6,-7.38701888637212,0.0068620743447389,-5.117993364551363,6.93537044601511,1,Release 1.0,ok,22.896,13.96,16.522,18.449,19.872,21.131,22.265,23.519,24.354,nan,nan,0,0.0,0.286678435555556,0.6,2.4,ok,4,3.5641881613756614,-2.9858317487058184,5.6240175061873385,0.5376602833421649,-0.001592737047383802,0.5679755012368922,0.6,-7.38701888637212,0.0068620743447389,-5.117993364551363,6.93537044601511,ok,6,6.985253802910052,-2.760232507754384,5.429345628954441,0.5376602833421649,-0.07236649773521,0.5679755012368922,0.6,-6.9636397993322845,0.011999453085541928,-4.820925205544219,6.93537044601511,ok,11,12.542049437830688,-2.46704770635977,5.093750200806762,0.5376602833421649,-0.011499620763218144,0.5679755012368922,0.6,-6.385540024420909,0.024461103819050145,-4.158518668334385,6.93537044601511,ok,16,18.07322337962963,-2.1083162685888883,6.0014148779611505,0.5376602833421649,-0.03621012777497093,0.5679755012368922,0.6,-5.357216811663231,0.04876998090439688,-3.5973911686774085,6.93537044601511,w5,source
train,Train,27,G27C2,-2.948172842818126,5.652489180268651,0.6095884308401032,-0.0021231923609386916,0.6047752132024443,0.6,-7.567901121612241,0.006405530240337853,-5.356286366677138,6.875232087276577,2,Release 1.0,ok,21.214,12.381,14.351,15.953,17.519,19.0,20.117,22.419,23.359,24.556,nan,0,0.0,0.284682382222222,0.6,2.4,ok,4,3.561855158730159,-2.948172842818126,5.652489180268651,0.6095884308401032,-0.0021231923609386916,0.6047752132024443,0.6,-7.567901121612241,0.006405530240337853,-5.356286366677138,6.875232087276577,ok,6,6.981748511904762,-2.677537428695656,5.568344503761097,0.6095884308401032,-0.018238402581785523,0.6047752132024443,0.6,-6.8068165041284185,0.015315937384916628,-4.546065309368985,6.875232087276577,ok,11,12.498347387566136,-2.338540666986299,5.1298987149230735,0.6095884308401032,-0.010071596077677769,0.6047752132024443,0.6,-6.096123919311323,0.030011272817161816,-3.8076793687334227,6.875232087276577,ok,16,17.999137731481476,-1.9163171643193342,5.84354441703136,0.6095884308401032,0.00037945599417921194,0.6047752132024443,0.6,-4.855407249442538,0.07027633870468969,-3.0032911614510507,6.875232087276577,w5,source
train,Train,28,G28C4,-2.5974037709493616,5.472270673671475,0.8160914508846767,-0.0034927327836804523,1.3995068710525234,2.4,-5.941972503201932,0.03337569330111176,-3.528023164120502,6.855408798609928,4,Release 1.0,ok,9.912,4.549,5.822,6.556,7.297,8.107,8.996,10.861,nan,nan,nan,0,0.0,0.282873297777778,2.4,1.6,ok,4,3.4814219576719583,-2.5974037709493616,5.472270673671475,0.8160914508846767,-0.0034927327836804523,1.3995068710525234,2.4,-5.941972503201932,0.03337569330111176,-3.528023164120502,6.855408798609928,ok,6,6.859020337301587,-2.1015127295091114,5.560681631015528,0.8160914508846767,0.004623280337088781,1.3995068710525234,2.4,-5.033222923552774,0.07158656791144152,-3.0085158600141333,6.855408798609928,missing_week10,11,nan,nan,nan,0.8160914508846767,nan,1.3995068710525234,2.4,nan,nan,nan,6.855408798609928,missing_week15,16,nan,nan,nan,0.8160914508846767,nan,1.3995068710525234,2.4,nan,nan,nan,6.855408798609928,w5,source
train,Train,29,G29C2,-2.9940975929711664,5.68697535633982,0.5303206708011512,-0.0015104985332043963,0.921147693522511,1.6,-6.968468894547521,0.011295227672037389,-4.6178347155399475,6.876264611890766,2,Release 1.0,ok,23.616,15.872,18.314,19.339,20.463,21.872,22.707,nan,nan,nan,nan,0,0.0,0.283694471111111,1.6,1.8,ok,4,3.5622453703703707,-2.9940975929711664,5.68697535633982,0.5303206708011512,-0.0015104985332043963,0.921147693522511,1.6,-6.968468894547521,0.011295227672037389,-4.6178347155399475,6.876264611890766,ok,6,6.975287698412699,-2.7560697680226243,5.545177444479562,0.5303206708011512,0.005341433746134133,0.921147693522511,1.6,-7.086164800593117,0.016369594098555623,-4.5777384124503175,6.876264611890766,ok,11,12.502751322751323,-2.525918015121447,5.0689042022202315,0.5303206708011512,-0.012647539763980559,0.921147693522511,1.6,-6.539474849901274,0.024626329653421042,-4.264439384725219,6.876264611890766,ok,16,18.040555555555553,-2.2896105520405063,4.204692619390966,0.5303206708011512,-0.008032493024093978,0.921147693522511,1.6,-5.92483168199165,0.03793500313203989,-3.831989546204878,6.876264611890766,w5,source
train,Train,29,G29C3,-3.0293089991713886,5.720311776607412,0.5266641074890873,-0.0010898278368761394,0.9179665418644296,1.6,-6.904821845328693,0.012594758845853704,-4.465623506520626,6.885509670034818,3,Release 1.0,ok,19.496,13.342,14.814,16.067,17.133,17.883,18.679,nan,nan,nan,nan,0,0.0,0.284038008888889,1.6,1.8,ok,4,3.5651306216931213,-3.0293089991713886,5.720311776607412,0.5266641074890873,-0.0010898278368761394,0.9179665418644296,1.6,-6.904821845328693,0.012594758845853704,-4.465623506520626,6.885509670034818,ok,6,6.975301752645503,-2.787967045392664,5.703782474656201,0.5266641074890873,0.006562592559539365,0.9179665418644296,1.6,-6.4485593430624135,0.018185355028651096,-4.124224673289866,6.885509670034818,ok,11,12.500305059523813,-2.4593744610437844,5.44673737166631,0.5266641074890873,-0.008908182467307818,0.9179665418644296,1.6,-6.197134829768162,0.02904148928236308,-3.829876267786435,6.885509670034818,ok,16,18.000217427248682,-1.8684397355981914,5.43372200355424,0.5266641074890873,nan,0.9179665418644296,1.6,-4.640373742852074,nan,-2.7893535471545094,6.885509670034818,w5,source
train,Train,30,G30C1,-2.9368287736384207,5.6937321388027,0.7980620587345351,0.003422737880608734,0.799030441840377,0.8,-7.693668471549304,0.005953471115565656,-5.362524371219105,6.960347729101308,1,Release 1.0,ok,13.937,9.252,9.826,10.348,10.811,11.296,11.978,nan,nan,nan,nan,0,0.0,0.281485884444444,0.8,0.8,ok,4,3.555973875661376,-2.9368287736384207,5.6937321388027,0.7980620587345351,0.003422737880608734,0.799030441840377,0.8,-7.693668471549304,0.005953471115565656,-5.362524371219105,6.960347729101308,ok,6,5.729358465608466,-2.7144855930520175,5.5093883366279774,0.7980620587345351,-0.07271563111732693,0.799030441840377,0.8,-7.1934813942654365,0.01165691167371602,-4.970286354816403,6.960347729101308,ok,11,11.555886243386244,-1.776335640951507,6.424869023905388,0.7980620587345351,nan,0.799030441840377,0.8,-4.482817143210483,nan,-2.8430383263373455,6.960347729101308,missing_week15,16,nan,nan,nan,0.7980620587345351,nan,0.799030441840377,0.8,nan,nan,nan,6.960347729101308,w5,source
train,Train,30,G30C2,-2.8712082490303086,5.6240175061873385,0.7510626951748108,-0.0026848317316656156,0.7751452484146752,0.8,-7.706409249258635,0.006675822229106482,-5.275432290524722,7.047517221357296,2,Release 1.0,ok,16.652,13.13,13.866,14.36,14.802,15.285,15.807,nan,nan,nan,nan,0,0.0,0.28468496,0.8,0.8,ok,4,3.5626372354497358,-2.8712082490303086,5.6240175061873385,0.7510626951748108,-0.0026848317316656156,0.7751452484146752,0.8,-7.706409249258635,0.006675822229106482,-5.275432290524722,7.047517221357296,ok,6,5.7260830026455025,-2.7313088833746844,5.5134287461649825,0.7510626951748108,-0.0017825660745119098,0.7751452484146752,0.8,-7.1775227440390506,0.009075974504982126,-4.874310263711825,7.047517221357296,ok,11,11.580355489417988,-2.4301453101553325,5.652489180268651,0.7510626951748108,-0.008236734600180873,0.7751452484146752,0.8,-6.188602283999983,0.02409267774612142,-3.723333166184683,7.047517221357296,ok,16,17.072384259259255,-1.6043824043627586,6.467698726104354,0.7510626951748108,nan,0.7751452484146752,0.8,-4.1910987519567815,nan,-2.5239578719772453,7.047517221357296,w5,source
train,Train,30,G30C3,-2.9298780410266305,5.641907070938114,0.7506536495940741,-0.0033595751717445943,0.7749341389274699,0.8,-8.20922318539123,0.002835203969178496,-10.949359666247082,7.088408778675395,3,Release 1.0,ok,23.144,16.45,17.549,18.651,19.464,20.364,21.878,nan,nan,nan,nan,0,0.0,0.283053457777778,0.8,0.8,ok,4,3.559446097883598,-2.9298780410266305,5.641907070938114,0.7506536495940741,-0.0033595751717445943,0.7749341389274699,0.8,-8.20922318539123,0.002835203969178496,-10.949359666247082,7.088408778675395,ok,6,5.7242162698412695,-2.78125847170013,5.5254529391317835,0.7506536495940741,-0.0006937468397362201,0.7749341389274699,0.8,-7.8824324151186955,0.00587281004778023,-7.612940491664225,7.088408778675395,ok,11,11.628139880952382,-2.5007051092381927,4.812184355372417,0.7506536495940741,-0.015569023545251137,0.7749341389274699,0.8,-6.799565104383923,0.01447316761271053,-5.83031901355463,7.088408778675395,ok,16,17.232379298941797,-2.1836473566157486,5.262690188904886,0.7506536495940741,-0.0065604054569573245,0.7749341389274699,0.8,-5.70722917444044,0.03871340201424131,-3.853246059869775,7.088408778675395,w5,source
train,Train,30,G30C4,-2.861294545645223,5.793013608384144,0.8039111291444709,-0.011986814086811959,0.801953180251551,0.8,-7.26164210614589,0.007994579429515342,-4.788369068583206,7.001245622069476,4,Release 1.0,ok,11.714,9.478,9.831,10.181,10.543,10.884,11.248,12.332,nan,nan,nan,0,0.0,0.281902791111111,0.8,0.8,ok,4,3.545654761904762,-2.861294545645223,5.793013608384144,0.8039111291444709,-0.011986814086811959,0.801953180251551,0.8,-7.26164210614589,0.007994579429515342,-4.788369068583206,7.001245622069476,ok,6,5.732964616402116,-2.6923033217108383,5.746203190540153,0.8039111291444709,-0.008984228283605455,0.801953180251551,0.8,-6.820072811881856,0.01566249137359743,-4.359393212924247,7.001245622069476,ok,11,11.566987433862433,-1.6425748092799504,7.034387929915503,0.8039111291444709,0.0027837995585106856,0.801953180251551,0.8,-4.582375040094646,0.09723166281042847,-2.8689899218838066,7.001245622069476,missing_week15,16,nan,nan,nan,0.8039111291444709,nan,0.801953180251551,0.8,nan,nan,nan,7.001245622069476,w5,source
train,Train,31,G31C1,-2.9402885367426257,5.147494476813453,0.6047683962814651,-0.001993159095169783,0.8518932301279064,1.2,-7.8219719316855505,0.008099779263555346,-5.221705141501669,6.902742737158593,1,Release 1.0,ok,18.742,12.613,13.947,14.754,15.545,16.403,17.417,nan,nan,nan,nan,0,0.0,0.283332622222222,1.2,1.0,ok,4,3.5693419312169308,-2.9402885367426257,5.147494476813453,0.6047683962814651,-0.001993159095169783,0.8518932301279064,1.2,-7.8219719316855505,0.008099779263555346,-5.221705141501669,6.902742737158593,ok,6,5.774477513227513,-2.7736409505959854,3.7376696182833684,0.6047683962814651,0.004241493745323649,0.8518932301279064,1.2,-7.503182577204128,0.011741960419462572,-5.420237901694829,6.902742737158593,ok,11,11.664875992063491,-2.4680948295015526,4.709530201312334,0.6047683962814651,-0.012670400644741925,0.8518932301279064,1.2,-6.594510221281297,0.02480057614824685,-4.3332849279270285,6.902742737158593,ok,16,17.221901455026455,-1.8178407132121017,6.478509642208569,0.6047683962814651,nan,0.8518932301279064,1.2,-4.50861319673181,nan,-2.76946729498764,6.902742737158593,w5,source
train,Train,31,G31C2,-3.008737910796813,5.594711379601839,0.6146787584854658,0.0019569711030270054,0.8588448696840185,1.2,-7.861373652709748,0.0036841849057063225,-5.966177023728141,6.8658910748834385,2,Release 1.0,ok,14.865,9.594,10.188,10.743,11.269,11.902,12.757,nan,nan,nan,nan,0,0.0,0.285080906666667,1.2,1.0,ok,4,3.590218253968254,-3.008737910796813,5.594711379601839,0.6146787584854658,0.0019569711030270054,0.8588448696840185,1.2,-7.861373652709748,0.0036841849057063225,-5.966177023728141,6.8658910748834385,ok,6,5.770886243386244,-2.8314816221343766,5.476463551931511,0.6146787584854658,-0.038160101396549545,0.8588448696840185,1.2,-7.311788455755991,0.0069134541318564,-5.627586143556358,6.8658910748834385,ok,11,11.655978835978834,-1.8672308988937212,6.249975242259483,0.6146787584854658,0.0027142933364713295,0.8588448696840185,1.2,-4.861878775093071,0.0723747804026309,-3.0484094562940225,6.8658910748834385,missing_week15,16,nan,nan,nan,0.6146787584854658,nan,0.8588448696840185,1.2,nan,nan,nan,6.8658910748834385,w5,source
train,Train,31,G31C3,-2.987007632577707,5.602118820879701,0.6154723924474819,-0.00019681517251926572,0.859399133660826,1.2,-7.413305924069401,0.005656047454043245,-5.200983747223625,6.873163834212518,3,Release 1.0,ok,15.23,10.697,11.403,11.97,12.431,13.083,14.089,15.914,nan,nan,nan,0,0.0,0.282173671111111,1.2,1.0,ok,4,3.5699867724867724,-2.987007632577707,5.602118820879701,0.6154723924474819,-0.00019681517251926572,0.859399133660826,1.2,-7.413305924069401,0.005656047454043245,-5.200983747223625,6.873163834212518,ok,6,5.73968253968254,-2.806225599355083,5.529429087511423,0.6154723924474819,-0.07053732995425185,0.859399133660826,1.2,-6.933076321478318,0.010595536732875055,-4.899763996950834,6.873163834212518,ok,11,11.628290343915344,-2.1406666776468146,4.990432586778736,0.6154723924474819,-0.035897113088011634,0.859399133660826,1.2,-5.585426621632378,0.044806206801098855,-3.5114271268430537,6.873163834212518,missing_week15,16,nan,nan,nan,0.6154723924474819,nan,0.859399133660826,1.2,nan,nan,nan,6.873163834212518,w5,source
train,Train,31,G31C4,-3.0083793504234575,5.575949103146316,0.6222480006908864,-9.508284503895181e-05,0.8641166592706471,1.2,-8.273912177255559,0.003109993697910346,-6.412428959338634,6.86484777797086,4,Release 1.0,ok,14.168,9.003,9.569,10.083,10.615,11.154,12.205,nan,nan,nan,nan,0,0.0,0.283873617777778,1.2,1.0,ok,4,3.583870701058201,-3.0083793504234575,5.575949103146316,0.6222480006908864,-9.508284503895181e-05,0.8641166592706471,1.2,-8.273912177255559,0.003109993697910346,-6.412428959338634,6.86484777797086,ok,6,5.765957341269841,-2.8234331096616563,5.4680601411351315,0.6222480006908864,-0.023943833010665577,0.8641166592706471,1.2,-7.467687505327635,0.005182428995219951,-5.569168028103778,6.86484777797086,ok,11,11.610958994708994,-1.7930589874207128,6.6039438246004725,0.6222480006908864,nan,0.8641166592706471,1.2,-4.590175520052427,nan,-2.877230871070759,6.86484777797086,missing_week15,16,nan,nan,nan,0.6222480006908864,nan,0.8641166592706471,1.2,nan,nan,nan,6.86484777797086,w5,source
train,Train,32,G32C1,-3.3048328682485493,5.568344503761097,0.38527458768963013,0.003817287953228249,0.6207049119264565,1.0,-7.860831377149039,0.004179567255291616,-5.134433913648216,6.858565034791365,1,Release 1.0,ok,25.004,17.317,18.742,20.544,21.748,22.787,24.106,25.827,26.587,nan,nan,0,0.0,0.283040284444444,1.0,1.4,ok,4,3.586645171957672,-3.3048328682485493,5.568344503761097,0.38527458768963013,0.003817287953228249,0.6207049119264565,1.0,-7.860831377149039,0.004179567255291616,-5.134433913648216,6.858565034791365,ok,6,5.799755291005291,-3.154178393220929,5.545177444479562,0.38527458768963013,0.003818551849314622,0.6207049119264565,1.0,-7.498111871973789,0.007675973509909728,-4.919487619033927,6.858565034791365,ok,11,11.721661706349206,-2.8534722263499965,5.267858159063328,0.38527458768963013,-0.013336946941674893,0.6207049119264565,1.0,-6.775127797788546,0.016608174730756792,-4.512006089258611,6.858565034791365,ok,16,17.364884259259263,-2.483804661427838,4.983606621708336,0.38527458768963013,-0.05002305848677385,0.6207049119264565,1.0,-5.975785602662848,0.03374701019806811,-3.7236464866804395,6.858565034791365,w5,source
train,Train,32,G32C2,-3.1582523773649127,5.739792912179234,0.39356010606892655,-0.02675532708064976,0.6273436905468378,1.0,-7.313032532836035,0.008455805309059178,-4.785509801970935,6.876264611890766,2,Release 1.0,ok,19.994,14.15,15.853,16.929,17.963,18.785,19.406,20.538,nan,nan,nan,0,0.0,0.284031662222222,1.0,1.4,ok,4,3.576479828042328,-3.1582523773649127,5.739792912179234,0.39356010606892655,-0.02675532708064976,0.6273436905468378,1.0,-7.313032532836035,0.008455805309059178,-4.785509801970935,6.876264611890766,ok,6,5.771125992063492,-2.979049116584508,5.736572297479192,0.39356010606892655,-0.021887028244936713,0.6273436905468378,1.0,-7.033286825068639,0.015749335171976353,-4.534495090631363,6.876264611890766,ok,11,11.698756613756613,-2.6018805796358797,5.342334251964811,0.39356010606892655,-0.012376029215255435,0.6273436905468378,1.0,-6.414284470192219,0.027358963557973154,-4.021299526113539,6.876264611890766,ok,16,17.29378802910053,-2.017797170561753,3.970291913552122,0.39356010606892655,0.004457374364818051,0.6273436905468378,1.0,-4.907008349619537,0.07523911928706134,-3.036476101577279,6.876264611890766,w5,source
train,Train,32,G32C3,-3.2765228668010287,5.802118375377063,0.39723146226025424,-0.00018125920691566821,0.6302630103855487,1.0,-7.299818627868366,0.006903785060010076,-4.79970431411084,6.891625897052253,3,Release 1.0,ok,22.628,15.137,17.094,18.384,20.5,21.38,22.061,23.181,23.717,nan,nan,0,0.0,0.286685795555556,1.0,1.4,ok,4,3.5813128306878306,-3.2765228668010287,5.802118375377063,0.39723146226025424,-0.00018125920691566821,0.6302630103855487,1.0,-7.299818627868366,0.006903785060010076,-4.79970431411084,6.891625897052253,ok,6,5.7863921957671955,-3.117954133147218,5.811140992976701,0.39723146226025424,0.005674900427469293,0.6302630103855487,1.0,-6.932188360040925,0.012384633822625196,-4.615355657676085,6.891625897052253,ok,11,11.724806547619044,-2.720320697463521,5.560681631015528,0.39723146226025424,-0.013180033134762265,0.6302630103855487,1.0,-6.479446017636677,0.021898185107111362,-4.147480126167689,6.891625897052253,ok,16,17.355322420634916,-2.180705618947259,2.995732273553991,0.39723146226025424,-0.031541242111004036,0.6302630103855487,1.0,-5.343131747543495,0.051869833657629955,-3.3953655172168773,6.891625897052253,w5,source
train,Train,32,G32C4,-3.208985146077595,5.780743515792329,0.37826812962890505,-0.024087952180807004,0.6150350637393814,1.0,-7.2078945439563675,0.009141525650290916,-4.760661361836905,6.930494765951626,4,Release 1.0,ok,21.331,16.73,18.076,19.252,20.061,20.626,21.024,21.601,21.849,nan,nan,0,0.0,0.283544444444444,1.0,1.4,ok,4,3.569710648148148,-3.208985146077595,5.780743515792329,0.37826812962890505,-0.024087952180807004,0.6150350637393814,1.0,-7.2078945439563675,0.009141525650290916,-4.760661361836905,6.930494765951626,ok,6,5.7657969576719585,-2.9994253124351773,5.783825182329737,0.37826812962890505,-0.01569943689355352,0.6150350637393814,1.0,-6.779857254704699,0.015997269745209347,-4.352273192005827,6.930494765951626,ok,11,11.700386904761906,-2.6528657587609112,5.6240175061873385,0.37826812962890505,-0.01257687346046446,0.6150350637393814,1.0,-6.362680043511837,0.025256014079433564,-4.0060157492216915,6.930494765951626,ok,16,17.320843253968256,-2.3183332766060887,4.812184355372417,0.37826812962890505,-0.03521885566011501,0.6150350637393814,1.0,-5.53084946081467,0.04509957987012658,-3.37718938049504,6.930494765951626,w5,source
train,Train,33,G33C1,-3.09973989458687,5.940171252720432,0.42322554530981454,0.0011289828480772757,0.9200277662221011,2.0,-6.916258439728266,0.013054717939039506,-4.4287532812460135,6.9650803456014065,1,Release 1.0,ok,23.448,15.717,18.009,19.618,20.758,21.691,22.543,24.223,24.8,25.301,25.765,0,0.0,0.284123093333333,2.0,1.2,ok,4,3.577435515873016,-3.09973989458687,5.940171252720432,0.42322554530981454,0.0011289828480772757,0.9200277662221011,2.0,-6.916258439728266,0.013054717939039506,-4.4287532812460135,6.9650803456014065,ok,6,5.779160052910053,-2.9421182328261097,5.926926025970411,0.42322554530981454,0.006351109431406654,0.9200277662221011,2.0,-6.803176489985198,0.016288687769942717,-4.30104104687677,6.9650803456014065,ok,11,11.69437003968254,-2.623027917340999,5.58724865840025,0.42322554530981454,-0.013865874966096647,0.9200277662221011,2.0,-6.478236378190249,0.02372118349415267,-4.1111568765010365,6.9650803456014065,ok,16,17.302602513227516,-2.2890570718915773,4.343805421853684,0.42322554530981454,-0.0031503326197682147,0.9200277662221011,2.0,-5.655211036933788,0.04436889965523852,-3.4286261287819224,6.9650803456014065,w5,source
train,Train,33,G33C2,-3.0859551186207774,5.802118375377063,0.41512095741288774,0.005914302383377201,0.9111761162507364,2.0,-6.950140040738044,0.014851637660944467,-4.268792912306507,6.931471805599453,2,Release 1.0,ok,20.327,13.816,15.319,16.815,18.439,19.354,19.894,20.898,21.654,nan,nan,0,0.0,0.284196995555556,2.0,1.2,ok,4,3.5716319444444444,-3.0859551186207774,5.802118375377063,0.41512095741288774,0.005914302383377201,0.9111761162507364,2.0,-6.950140040738044,0.014851637660944467,-4.268792912306507,6.931471805599453,ok,6,5.757349537037037,-2.9197764714783014,5.7899601708972535,0.41512095741288774,-0.016493114020269012,0.9111761162507364,2.0,-6.677596654590489,0.0202134155704021,-4.0533998835726734,6.931471805599453,ok,11,11.666241732804233,-2.580245467307896,5.247024072160486,0.41512095741288774,-0.05457309060110149,0.9111761162507364,2.0,-6.237549334508824,0.02954657351331877,-3.835479588814484,6.931471805599453,ok,16,17.24906911375662,-2.062717768788053,5.075173815233827,0.41512095741288774,0.004319944942448778,0.9111761162507364,2.0,-5.128389109453278,0.06546977277193528,-3.092101771349711,6.931471805599453,w5,source
train,Train,33,G33C3,-3.2651319671375947,5.765191102784844,0.3518382027256339,0.00030109885278897797,0.8388542218116731,2.0,-7.297542412411472,0.006473201410038987,-4.641876917133876,7.049254841255837,3,Release 1.0,ok,27.25,21.226,23.695,24.898,25.714,26.381,26.862,27.597,27.921,nan,nan,0,0.0,0.284568782222222,2.0,1.2,ok,4,3.575896164021164,-3.2651319671375947,5.765191102784844,0.3518382027256339,0.00030109885278897797,0.8388542218116731,2.0,-7.297542412411472,0.006473201410038987,-4.641876917133876,7.049254841255837,ok,6,5.791587301587302,-3.117518895224545,5.834810737062605,0.3518382027256339,-5.723161577664282e-05,0.8388542218116731,2.0,-6.89196121327825,0.012253386000047994,-4.355455218199434,7.049254841255837,ok,11,11.730261243386241,-2.862180279259635,5.697093486505405,0.3518382027256339,-0.016420618828525024,0.8388542218116731,2.0,-6.631638195427258,0.01841379749324057,-4.258133007342396,7.049254841255837,ok,16,17.396317791005288,-2.614338611260669,5.3706380281276624,0.3518382027256339,-0.016311303882106387,0.8388542218116731,2.0,-6.286506297247418,0.026688487335798317,-3.993506063527287,7.049254841255837,w5,source
train,Train,33,G33C4,-3.1539519103852,5.768320995793772,0.4356306949096094,0.004678098117187057,0.9334138363122859,2.0,-7.674929036432568,0.005615951145828746,-5.0002613520063415,6.90975328164481,4,Release 1.0,ok,19.627,14.7,15.976,17.005,17.781,18.412,18.981,20.629,nan,nan,nan,0,0.0,0.287311164444444,2.0,1.2,ok,4,3.585459656084656,-3.1539519103852,5.768320995793772,0.4356306949096094,0.004678098117187057,0.9334138363122859,2.0,-7.674929036432568,0.005615951145828746,-5.0002613520063415,6.90975328164481,ok,6,5.78885085978836,-3.0123288375676083,5.752572638825633,0.4356306949096094,0.0016374634995412751,0.9334138363122859,2.0,-7.231840418293589,0.009326508788782023,-4.860929419076538,6.90975328164481,ok,11,11.712490079365077,-2.6187925937050966,5.3230099791384085,0.4356306949096094,-0.015315696481666946,0.9334138363122859,2.0,-6.4851932846179166,0.02315169022359384,-4.240827632008583,6.90975328164481,ok,16,17.324009589947085,-2.0315636076347627,5.641907070938114,0.4356306949096094,0.0030567465111945025,0.9334138363122859,2.0,-5.0683908976453775,0.06907853132358166,-3.1022581283668944,6.90975328164481,w5,source
train,Train,35,G35C1,-2.9121758602540493,5.659482215759621,0.9539732537282116,-0.006857265717492678,1.319470040604934,1.825,-6.38090090402184,0.018326354925870897,-4.499655071924815,6.92951677076365,1,Release 1.0,ok,21.504,10.601,13.068,14.67,16.78,18.593,20.088,nan,nan,nan,nan,0,0.0,0.2859484722222222,1.825,0.5,ok,4,3.3816484788359786,-2.9121758602540493,5.659482215759621,0.9539732537282116,-0.006857265717492678,1.319470040604934,1.825,-6.38090090402184,0.018326354925870897,-4.499655071924815,6.92951677076365,ok,6,5.604480820105819,-2.699770464341354,5.075173815233827,0.9539732537282116,-0.004853270566548357,1.319470040604934,1.825,-6.856338939341268,0.013951132352648221,-5.263210921185268,6.92951677076365,ok,11,11.09698578042328,-2.1705054872239486,6.359573868672378,0.9539732537282116,-0.01200226628137252,1.319470040604934,1.825,-5.555060246671455,0.03308751214448544,-4.976023368453916,6.92951677076365,ok,16,16.504507275132273,-1.8847928078741147,7.129297548929373,0.9539732537282116,-0.0015649290430620189,1.319470040604934,1.825,-4.811701440473359,0.05700876995882527,-3.752881195491592,6.92951677076365,w5,source
train,Train,35,G35C3,-2.8844934280880694,5.91350300563827,0.9887134231578535,-0.00819914491373036,1.3432803122442771,1.825,-5.983492879836313,0.023778656158447625,-3.936225043985426,6.947937068614969,3,Release 1.0,ok,12.843,9.24,10.127,10.942,11.526,11.989,12.429,13.185,13.457,13.68,13.876,0,0.0,0.2831652777777778,1.825,0.5,ok,4,3.4398313492063495,-2.8844934280880694,5.91350300563827,0.9887134231578535,-0.00819914491373036,1.3432803122442771,1.825,-5.983492879836313,0.023778656158447625,-3.936225043985426,6.947937068614969,ok,6,5.635395171957673,-2.740913150706974,5.58724865840025,0.9887134231578535,-0.0039035070707801045,1.3432803122442771,1.825,-6.390221160141026,0.023086066805370536,-4.2189281796615585,6.947937068614969,ok,11,11.109345238095237,-2.0622303338670167,6.210600077024653,0.9887134231578535,0.003518890108989564,1.3432803122442771,1.825,-5.173040419024454,0.05398541438984454,-3.2826924152190164,6.947937068614969,missing_week15,16,nan,nan,nan,0.9887134231578535,nan,1.3432803122442771,1.825,nan,nan,nan,6.947937068614969,w5,source
train,Train,35,G35C4,-2.840338531514151,5.966146739123692,0.9625072902615321,-0.008432366010752035,1.32535874567126,1.825,-5.847322677548571,0.02602702080366401,-3.9096382133842495,6.961296045910167,4,Release 1.0,ok,11.265,7.861,8.827,9.499,10.051,10.593,10.997,11.452,11.61,11.75,11.88,0,0.0,0.2858646111111111,1.825,0.5,ok,4,3.399885912698413,-2.840338531514151,5.966146739123692,0.9625072902615321,-0.008432366010752035,1.32535874567126,1.825,-5.847322677548571,0.02602702080366401,-3.9096382133842495,6.961296045910167,ok,6,5.582628968253968,-2.640507285794976,5.58724865840025,0.9625072902615321,-0.00582289121373239,1.32535874567126,1.825,-6.374020855844226,0.02246374820359265,-4.20929276248936,6.961296045910167,ok,11,11.077364417989418,-1.8617557909532616,6.584791392385716,0.9625072902615321,nan,1.32535874567126,1.825,-4.314575976123879,nan,-2.4887955862808324,6.961296045910167,missing_week15,16,nan,nan,nan,0.9625072902615321,nan,1.32535874567126,1.825,nan,nan,nan,6.961296045910167,w5,source
train,Train,36,G36C1,-3.282437605711624,6.723832440821209,0.9767364975130213,-0.00368815289820823,1.4236320565158396,2.075,-5.289380348806371,0.01950757438115111,-3.1674692345467483,7.3783837129967145,1,Release 1.0,ok,13.134,10.456,11.16,11.512,11.79,12.095,12.542,14.451,15.837,nan,nan,0,0.0,0.28425833333333334,2.075,0.5,ok,4,3.392997685185185,-3.282437605711624,6.723832440821209,0.9767364975130213,-0.00368815289820823,1.4236320565158396,2.075,-5.289380348806371,0.01950757438115111,-3.1674692345467483,7.3783837129967145,ok,6,5.606860119047619,-2.9766091802299917,6.595780513961311,0.9767364975130213,-0.002985213565635303,1.4236320565158396,2.075,-5.357421532429189,0.023742432155392346,-3.142328175241494,7.3783837129967145,ok,11,11.108280423280421,-2.372022379300758,5.572154032177765,0.9767364975130213,0.003280355908380078,1.4236320565158396,2.075,-5.172419864471548,0.045034428161948054,-2.845367666456718,7.3783837129967145,missing_week15,16,nan,nan,nan,0.9767364975130213,nan,1.4236320565158396,2.075,nan,nan,nan,7.3783837129967145,w5,source
train,Train,36,G36C2,-2.8657860652016374,5.6240175061873385,0.9750892851210043,-0.007320788147969798,1.4224311113815262,2.075,-6.112730838818216,0.023022594308116817,-4.055761151823906,6.86484777797086,2,Release 1.0,ok,15.63,11.134,11.92,12.623,13.312,13.944,14.676,16.75,17.759,nan,nan,0,0.0,0.2800874166666667,2.075,0.5,ok,4,3.454624669312169,-2.8657860652016374,5.6240175061873385,0.9750892851210043,-0.007320788147969798,1.4224311113815262,2.075,-6.112730838818216,0.023022594308116817,-4.055761151823906,6.86484777797086,ok,6,5.662445436507936,-2.72543310454296,5.087596335232384,0.9750892851210043,-0.005148334642279706,1.4224311113815262,2.075,-6.410206995846507,0.022584247522395323,-4.406085028327005,6.86484777797086,ok,11,11.152002314814816,-2.2199598148553723,5.455321115357702,0.9750892851210043,-0.010855553977908772,1.4224311113815262,2.075,-5.878935143807551,0.03128867782053668,-4.3651946974070786,6.86484777797086,ok,16,16.4722337962963,-1.655782889186208,7.01571242048723,0.9750892851210043,nan,1.4224311113815262,2.075,-4.260263375553319,nan,-2.5803347533561203,6.86484777797086,w5,source
train,Train,36,G36C3,-2.878966139821677,5.958424693029782,0.9734954096113015,-0.007080970033404549,1.421268086936258,2.075,-5.667188506971284,0.029067652590796383,-3.7491595397826054,6.953684210870537,3,Release 1.0,ok,16.326,9.182,10.423,12.576,13.884,15.402,15.893,18.219,nan,nan,nan,0,0.0,0.2834787777777778,2.075,0.5,ok,4,3.431190476190476,-2.878966139821677,5.958424693029782,0.9734954096113015,-0.007080970033404549,1.421268086936258,2.075,-5.667188506971284,0.029067652590796383,-3.7491595397826054,6.953684210870537,ok,6,5.622065145502646,-2.7463587322415304,5.68697535633982,0.9734954096113015,-0.005354332391676042,1.421268086936258,2.075,-6.006264060957575,0.026409542088644655,-4.057561710459767,6.953684210870537,ok,11,11.128113425925925,-2.252204196325035,6.238324625039508,0.9734954096113015,-0.03502684752510568,1.421268086936258,2.075,-5.399588917378799,0.04663575269714171,-3.492450798025639,6.953684210870537,ok,16,16.495507605820105,-1.7425844619919648,7.180069874302796,0.9734954096113015,nan,1.421268086936258,2.075,-4.29222123739061,nan,-2.5898811503630816,6.953684210870537,w5,source
train,Train,37,G37C1,-2.90566456897551,2.772588722239781,0.9656489149276508,-0.005142421084691207,0.8367170748362595,0.725,-7.250420028708661,0.0009232508710874943,-4.394018749607736,7.1929342212158,1,Release 1.0,ok,21.038,15.752,18.064,18.872,19.724,20.168,20.545,21.655,nan,nan,nan,0,0.0,0.2818258055555556,0.725,0.5,ok,4,3.379335317460318,-2.90566456897551,2.772588722239781,0.9656489149276508,-0.005142421084691207,0.8367170748362595,0.725,-7.250420028708661,0.0009232508710874943,-4.394018749607736,7.1929342212158,ok,6,5.566851851851852,-2.6677465540636405,4.574710978503383,0.9656489149276508,-0.004188666459416429,0.8367170748362595,0.725,-6.827487550968416,0.004114266088329599,-4.3915775689987955,7.1929342212158,ok,11,11.062433862433862,-2.295577598031233,3.258096538021482,0.9656489149276508,0.009328428917842135,0.8367170748362595,0.725,-6.131653216551167,0.014294921330008148,-4.932831317263294,7.1929342212158,ok,16,16.457422288359787,-2.051884865110099,6.206575926724928,0.9656489149276508,-0.012675535836112639,0.8367170748362595,0.725,-5.280526796500315,0.030512607760032562,-5.407815493290279,7.1929342212158,w5,source
train,Train,37,G37C2,-2.9911527666807314,6.0473721790462776,0.9813660268446872,-0.004155329487581627,0.8434988852763221,0.725,-8.10984099797163,0.00035705555057150007,-6.625743322749513,7.066466970136958,2,Release 1.0,ok,18.213,15.983,16.987,17.315,17.586,17.835,18.038,18.372,18.52,18.66,18.794,0,0.0,0.28440347222222223,0.725,0.5,ok,4,3.4526769179894177,-2.9911527666807314,6.0473721790462776,0.9813660268446872,-0.004155329487581627,0.8434988852763221,0.725,-8.10984099797163,0.00035705555057150007,-6.625743322749513,7.066466970136958,ok,6,5.6803075396825395,-2.7301008830037863,5.793013608384144,0.9813660268446872,-0.002284689995571132,0.8434988852763221,0.725,-7.526145199334752,0.003962830177985099,-5.834315468725311,7.066466970136958,ok,11,11.14198578042328,-2.2770567153491093,3.6635616461296463,0.9813660268446872,-0.024506877163059576,0.8434988852763221,0.725,-6.1649650651252985,0.014131739145162137,-4.647300320599602,7.066466970136958,ok,16,16.618444113756613,-1.9526394971483876,5.863631175598097,0.9813660268446872,-0.012967319447286685,0.8434988852763221,0.725,-5.306724227605215,0.033799705374775266,-6.074636230340166,7.066466970136958,w5,source
train,Train,37,G37C3,-3.051523374768419,5.575949103146316,0.9965385537364541,-0.0038257705484899263,0.8499943831925768,0.725,-8.365157152077312,0.00011898703406901245,-6.480389727210962,6.893656354602635,3,Release 1.0,ok,16.584,14.753,15.216,15.588,15.873,16.109,16.337,16.868,17.166,17.484,17.826,0,0.0,0.28436572222222223,0.725,0.5,ok,4,3.4153554894179896,-3.051523374768419,5.575949103146316,0.9965385537364541,-0.0038257705484899263,0.8499943831925768,0.725,-8.365157152077312,0.00011898703406901245,-6.480389727210962,6.893656354602635,ok,6,5.632789351851852,-2.7687042146205543,4.912654885736052,0.9965385537364541,-0.002145942193035544,0.8499943831925768,0.725,-7.689899639986405,0.003858420151673675,-5.400473418594698,6.893656354602635,ok,11,11.18139880952381,-2.273242716108998,5.393627546352362,0.9965385537364541,0.005004220140134685,0.8499943831925768,0.725,-6.288163861812152,0.015417291898318836,-4.362661898587489,6.893656354602635,ok,16,16.62295138888889,-1.6049298538173467,7.00397413672268,0.9965385537364541,nan,0.8499943831925768,0.725,-4.151724748829927,nan,-2.7258659471885722,6.893656354602635,w5,source
train,Train,37,G37C4,-3.0412579698898736,6.030685260261263,0.9795035332664509,-0.0040532275048799915,0.8426980844989366,0.725,-8.142060397967537,2.9158697001485656e-05,-6.103678307808841,7.059617628291383,4,Release 1.0,ok,13.901,12.12,12.703,13.103,13.397,13.598,13.759,14.031,14.152,14.268,14.379,0,0.0,0.2847734722222222,0.725,0.5,ok,4,3.461317791005291,-3.0412579698898736,6.030685260261263,0.9795035332664509,-0.0040532275048799915,0.8426980844989366,0.725,-8.142060397967537,2.9158697001485656e-05,-6.103678307808841,7.059617628291383,ok,6,5.680904431216931,-2.755871099805499,5.783825182329737,0.9795035332664509,-0.0012913296539512065,0.8426980844989366,0.725,-7.424371905674021,0.0029246203859980835,-5.337933490118802,7.059617628291383,ok,11,11.148531746031747,-2.2280448398103383,4.394449154672439,0.9795035332664509,-0.01918565157844293,0.8426980844989366,0.725,-6.10129637266635,0.023473755700903376,-5.522744368484185,7.059617628291383,missing_week15,16,nan,nan,nan,0.9795035332664509,nan,0.8426980844989366,0.725,nan,nan,nan,7.059617628291383,w5,source
train,Train,38,G38C1,-2.7066760096974485,6.025865973825314,0.9606590336454282,-0.008202248242728694,1.3421012212516528,1.875,-5.736024098805329,0.03594905967275719,-3.5174515629455394,6.9865664594064265,1,Release 1.0,ok,11.684,6.851,8.013,8.817,9.495,10.211,10.98,12.121,12.357,12.536,12.69,0,0.0,0.28008180555555556,1.875,0.5,ok,4,3.3486292989417987,-2.7066760096974485,6.025865973825314,0.9606590336454282,-0.008202248242728694,1.3421012212516528,1.875,-5.736024098805329,0.03594905967275719,-3.5174515629455394,6.9865664594064265,ok,6,5.525150462962962,-2.5612735316998063,5.69035945432406,0.9606590336454282,-0.0058398484319706345,1.3421012212516528,1.875,-5.898553544826661,0.034835704543458634,-3.6113491146946703,6.9865664594064265,ok,11,10.965944113756613,-1.910364084251837,6.428105272684596,0.9606590336454282,nan,1.3421012212516528,1.875,-4.460703235417664,nan,-2.5657429955059095,6.9865664594064265,missing_week15,16,nan,nan,nan,0.9606590336454282,nan,1.3421012212516528,1.875,nan,nan,nan,6.9865664594064265,w5,source
train,Train,38,G38C2,-2.8525634020050803,5.846438775057725,0.9696601767745207,-0.007352742644795046,1.3483741437198455,1.875,-6.290969238359321,0.017984661906252086,-4.767850764875126,6.99117688712121,2,Release 1.0,ok,10.296,7.074,7.909,8.626,9.191,9.643,10.007,10.535,10.746,10.94,11.124,0,0.0,0.2859575,1.875,0.5,ok,4,3.465886243386244,-2.8525634020050803,5.846438775057725,0.9696601767745207,-0.007352742644795046,1.3483741437198455,1.875,-6.290969238359321,0.017984661906252086,-4.767850764875126,6.99117688712121,ok,6,5.680122354497355,-2.5400884973885605,5.236441962829949,0.9696601767745207,-0.0030047552619196782,1.3483741437198455,1.875,-6.234200228316637,0.027875225005376647,-4.214197502290881,6.99117688712121,ok,11,11.10929232804233,-1.3517963835879834,7.704361167910313,0.9696601767745207,nan,1.3483741437198455,1.875,-3.9513220121471386,nan,-2.30243019848688,6.99117688712121,missing_week15,16,nan,nan,nan,0.9696601767745207,nan,1.3483741437198455,1.875,nan,nan,nan,6.99117688712121,w5,source
train,Train,38,G38C3,-2.905673774248094,6.100318952020064,0.9666768730564004,-0.004158801169876075,1.3462983090610903,1.875,-7.414774837470254,0.005154619417254563,-5.250900237871451,7.2196420401307355,3,Release 1.0,ok,14.421,12.285,12.786,13.15,13.499,13.789,14.071,14.987,15.913,nan,nan,0,0.0,0.28449861111111113,1.875,0.5,ok,4,3.431344246031746,-2.905673774248094,6.100318952020064,0.9666768730564004,-0.004158801169876075,1.3462983090610903,1.875,-7.414774837470254,0.005154619417254563,-5.250900237871451,7.2196420401307355,ok,6,5.634938822751321,-2.6610318724540054,5.860786223465865,0.9666768730564004,-0.0024959057074477875,1.3462983090610903,1.875,-7.3374011157296035,0.005695782420080536,-6.18079045319803,7.2196420401307355,ok,11,11.181694775132277,-2.168631757193774,0.6931471805599453,0.9666768730564004,-0.015849950854436773,1.3462983090610903,1.875,-5.829685977107104,0.0248807490026213,-6.908041261469974,7.2196420401307355,ok,16,16.551122685185188,-1.4934141057822203,7.143617602704121,0.9666768730564004,nan,1.3462983090610903,1.875,-3.934934400457391,nan,-2.3523657431261924,7.2196420401307355,w5,source
train,Train,38,G38C4,-2.9083333034727064,5.993961427306569,0.9361115733625694,-0.008716494148209825,1.3248430850688762,1.875,-5.963521806389511,0.022607935458900802,-4.032037475612552,6.9782137426306985,4,Release 1.0,ok,18.479,9.494,10.91,12.263,13.613,15.425,17.247,19.372,nan,nan,nan,0,0.0,0.28376944444444446,1.875,0.5,ok,4,3.377809193121693,-2.9083333034727064,5.993961427306569,0.9361115733625694,-0.008716494148209825,1.3248430850688762,1.875,-5.963521806389511,0.022607935458900802,-4.032037475612552,6.9782137426306985,ok,6,5.589968584656085,-2.7392647298446846,5.752572638825633,0.9361115733625694,-0.005056847297697953,1.3248430850688762,1.875,-6.299433652753626,0.021451666832612015,-4.269945542054602,6.9782137426306985,ok,11,11.0714666005291,-2.1966186182926037,5.220355825078324,0.9361115733625694,0.0046601301750557045,1.3248430850688762,1.875,-5.53222707764937,0.04358983445903197,-3.4737245357021473,6.9782137426306985,ok,16,16.430406746031746,-1.858176973043246,6.608000625296087,0.9361115733625694,nan,1.3248430850688762,1.875,-4.597088088665323,nan,-2.8004370224865855,6.9782137426306985,w5,source
train,Train,39,G39C1,-2.951898759891116,5.713732805509369,0.947960125,-0.0059614073006376556,1.182472487787771,1.475,-7.229898975092138,0.009571820185473562,-5.455130505849116,6.904750769961838,1,Release 1.0,ok,13.662,9.649,10.634,11.547,12.335,13.001,13.413,13.861,14.036,14.197,14.35,0,0.0,0.28454494444444445,1.475,0.5,ok,4,3.4102959656084657,-2.951898759891116,5.713732805509369,0.947960125,-0.0059614073006376556,1.182472487787771,1.475,-7.229898975092138,0.009571820185473562,-5.455130505849116,6.904750769961838,ok,6,5.641084656084657,-2.7032122546731947,5.153291594497779,0.947960125,-0.003493567677660875,1.182472487787771,1.475,-7.385197558760121,0.009417998574219849,-11.385642827760636,6.904750769961838,ok,11,11.111815476190475,-2.0379916563594738,6.476972362889683,0.947960125,-0.004656609935611761,1.182472487787771,1.475,-5.337887090983063,0.047785896638328204,-3.8272184378717853,6.904750769961838,missing_week15,16,nan,nan,nan,0.947960125,nan,1.182472487787771,1.475,nan,nan,nan,6.904750769961838,w5,source
train,Train,39,G39C2,-2.976126333308496,5.5134287461649825,0.9774503804847511,-0.005839820353187669,1.2007244943012563,1.475,-7.634438446371354,0.0062181193102323895,-6.743039628403024,6.8501261661455,2,Release 1.0,ok,13.506,10.227,11.052,11.797,12.383,12.819,13.185,13.782,14.03,14.259,14.476,0,0.0,0.2839944444444445,1.475,0.5,ok,4,3.4331200396825396,-2.976126333308496,5.5134287461649825,0.9774503804847511,-0.005839820353187669,1.2007244943012563,1.475,-7.634438446371354,0.0062181193102323895,-6.743039628403024,6.8501261661455,ok,6,5.632048611111111,-2.710752334828204,4.852030263919617,0.9774503804847511,-0.002626182601263516,1.2007244943012563,1.475,-7.395655975578238,0.008435116642598967,-6.000009880701954,6.8501261661455,ok,11,11.154618055555554,-2.000387930609332,6.470799503782602,0.9774503804847511,-0.04292994029165874,1.2007244943012563,1.475,-5.45024642912104,0.04151769119132523,-4.396448829668995,6.8501261661455,missing_week15,16,nan,nan,nan,0.9774503804847511,nan,1.2007244943012563,1.475,nan,nan,nan,6.8501261661455,w5,source
train,Train,39,G39C3,-2.933218616740836,5.54907608489522,0.9839395242496471,-0.00344530341844404,1.2047036142837082,1.475,-7.377148538854036,0.01066735020807763,-5.5082008462295775,6.838405200847344,3,Release 1.0,ok,12.449,9.846,10.401,10.832,11.248,11.633,12.02,12.908,13.436,14.053,14.862,0,0.0,0.2855138888888889,1.475,0.5,ok,4,3.3996494708994707,-2.933218616740836,5.54907608489522,0.9839395242496471,-0.00344530341844404,1.2047036142837082,1.475,-7.377148538854036,0.01066735020807763,-5.5082008462295775,6.838405200847344,ok,6,5.623500330687831,-2.668748508364776,4.836281906951478,0.9839395242496471,0.007318040262832143,1.2047036142837082,1.475,-7.214625891619272,0.011381520062905742,-8.17546839641838,6.838405200847344,ok,11,11.087357804232806,-1.8677564642388538,6.543911845564792,0.9839395242496471,-0.0266850789582279,1.2047036142837082,1.475,-5.104861305909991,0.05478141609893995,-3.6061037989993663,6.838405200847344,missing_week15,16,nan,nan,nan,0.9839395242496471,nan,1.2047036142837082,1.475,nan,nan,nan,6.838405200847344,w5,source
train,Train,39,G39C4,-2.9503095804225246,5.877735781779639,0.9760573878498238,-0.005969071867628684,1.199868595754756,1.475,-6.404706399553603,0.0188961811646976,-4.313309997674644,6.930494765951626,4,Release 1.0,ok,15.896,9.896,11.222,12.241,13.315,14.183,15.106,16.463,16.831,17.127,17.39,0,0.0,0.28248333333333336,1.475,0.5,ok,4,3.3715889550264553,-2.9503095804225246,5.877735781779639,0.9760573878498238,-0.005969071867628684,1.199868595754756,1.475,-6.404706399553603,0.0188961811646976,-4.313309997674644,6.930494765951626,ok,6,5.5591732804232805,-2.72728161680496,5.62040086571715,0.9760573878498238,-0.00330916798695044,1.199868595754756,1.475,-6.538676730018902,0.021692452013387764,-4.355879764599038,6.930494765951626,ok,11,11.031486441798942,-2.171669070030327,5.402677381872279,0.9760573878498238,-0.004008594153260048,1.199868595754756,1.475,-5.661171637341073,0.04011510507713459,-3.8100335406021357,6.930494765951626,ok,16,16.35607804232804,-1.6369470021265116,7.029972911706386,0.9760573878498238,nan,1.199868595754756,1.475,-4.250205712023238,nan,-2.582592126899526,6.930494765951626,w5,source
train,Train,45,G45C1,-2.761229872348621,5.683579767338681,0.8001040463260922,-0.00048744416702620197,0.9487449879271319,1.125,-7.1083791309827635,0.007359706316417913,-4.880758755388446,6.93537044601511,1,Release 1.0,ok,13.248,7.726,8.296,8.662,9.131,10.184,12.057,14.255,nan,nan,nan,0,0.0,0.281208071111111,1.125,1.725,ok,4,3.552619047619048,-2.761229872348621,5.683579767338681,0.8001040463260922,-0.00048744416702620197,0.9487449879271319,1.125,-7.1083791309827635,0.007359706316417913,-4.880758755388446,6.93537044601511,ok,6,5.74238425925926,-2.5182262643808433,5.493061443340548,0.8001040463260922,-0.014615623138008654,0.9487449879271319,1.125,-6.670100872471181,0.01885019071453778,-4.419098521334469,6.93537044601511,ok,11,11.55826554232804,-1.8200659968529753,6.093569770045136,0.8001040463260922,nan,0.9487449879271319,1.125,-4.507476197645951,nan,-2.7356679148821343,6.93537044601511,missing_week15,16,nan,nan,nan,0.8001040463260922,nan,0.9487449879271319,1.125,nan,nan,nan,6.93537044601511,w5,source
train,Train,45,G45C2,-2.7637985378971117,5.680172609017068,0.8110318718271279,0.006398765485489483,0.9552019973835475,1.125,-7.139811909819623,0.01119621920999117,-4.696771378178659,6.912742820493176,2,Release 1.0,ok,13.947,6.731,7.112,7.356,7.595,7.925,8.978,nan,nan,nan,nan,0,0.0,0.284418097777778,1.125,1.725,ok,4,3.5428472222222225,-2.7637985378971117,5.680172609017068,0.8110318718271279,0.006398765485489483,0.9552019973835475,1.125,-7.139811909819623,0.01119621920999117,-4.696771378178659,6.912742820493176,ok,6,5.722301587301588,-2.5429501048092296,5.298317366548036,0.8110318718271279,-0.013346403567954274,0.9552019973835475,1.125,-6.793091745592584,0.018226021028301065,-4.459621814644048,6.912742820493176,ok,11,11.49187830687831,-1.731687421249812,6.763884908562435,0.8110318718271279,nan,0.9552019973835475,1.125,-4.481909538520043,nan,-2.7653762350132984,6.912742820493176,missing_week15,16,nan,nan,nan,0.8110318718271279,nan,0.9552019973835475,1.125,nan,nan,nan,6.912742820493176,w5,source
train,Train,45,G45C3,-2.8269977022217367,5.537334267018537,0.8004840473261173,-0.0007192975550114611,0.9489702594085243,1.125,-8.117157340079887,0.0031881849006504537,-7.761268966252685,6.950814768442584,3,Release 1.0,ok,13.896,7.209,7.668,8.251,9.084,11.278,12.688,15.084,15.841,nan,nan,0,0.0,0.283375413333333,1.125,1.725,ok,4,3.5501554232804233,-2.8269977022217367,5.537334267018537,0.8004840473261173,-0.0007192975550114611,0.9489702594085243,1.125,-8.117157340079887,0.0031881849006504537,-7.761268966252685,6.950814768442584,ok,6,5.745861441798943,-2.645343673444491,5.135798437050262,0.8004840473261173,-0.019089173212655908,0.9489702594085243,1.125,-7.351425221350297,0.011560342310042881,-6.711371648659661,6.950814768442584,ok,11,11.560625,-1.8886010955716217,6.692083742506628,0.8004840473261173,nan,0.9489702594085243,1.125,-4.552397241432158,nan,-2.802056030005691,6.950814768442584,missing_week15,16,nan,nan,nan,0.8004840473261173,nan,0.9489702594085243,1.125,nan,nan,nan,6.950814768442584,w5,source
train,Train,45,G45C4,-2.770232703679523,5.583496308781699,0.7986930746227221,-0.00010796678415672667,0.9479080698836582,1.125,-7.161405075500806,0.009011992590840512,-4.790753791840439,6.937314081223682,4,Release 1.0,ok,13.154,8.58,9.205,9.686,10.332,11.741,12.445,13.868,14.579,nan,nan,0,0.0,0.284168906666667,1.125,1.725,ok,4,3.5500396825396825,-2.770232703679523,5.583496308781699,0.7986930746227221,-0.00010796678415672667,0.9479080698836582,1.125,-7.161405075500806,0.009011992590840512,-4.790753791840439,6.937314081223682,ok,6,5.74092261904762,-2.562097054265644,5.3612921657094255,0.7986930746227221,-0.014057486543377129,0.9479080698836582,1.125,-6.794256710818907,0.017933227580033156,-4.49382459836452,6.937314081223682,ok,11,11.584794973544975,-1.8867883148342193,6.234410725718371,0.7986930746227221,0.009734625372214228,0.9479080698836582,1.125,-4.69973510108728,0.0971592286518281,-2.873442304060828,6.937314081223682,missing_week15,16,nan,nan,nan,0.7986930746227221,nan,0.9479080698836582,1.125,nan,nan,nan,6.937314081223682,w5,source
train,Train,46,G46C1,-2.781400369119191,5.953243334287785,0.7343209919473666,0.005766381891370881,0.9484425207336099,1.225,-7.363797352066229,0.008750739397969054,-5.070770450108961,7.0431599159883405,1,Release 1.0,ok,13.312,8.208,9.177,9.894,10.73,11.647,12.411,14.497,nan,nan,nan,0,0.0,0.284762062222222,1.225,2.025,ok,4,3.549472552910053,-2.781400369119191,5.953243334287785,0.7343209919473666,0.005766381891370881,0.9484425207336099,1.225,-7.363797352066229,0.008750739397969054,-5.070770450108961,7.0431599159883405,ok,6,5.7338442460317465,-2.576486298332105,5.886104031450156,0.7343209919473666,-0.020363086615620946,0.9484425207336099,1.225,-7.001485917660486,0.01360752542396329,-4.909001314155906,7.0431599159883405,ok,11,11.579833002645502,-1.861216758993782,5.605802066295998,0.7343209919473666,0.011868313095563993,0.9484425207336099,1.225,-4.583589909080344,0.10050139925879376,-2.7993277421334075,7.0431599159883405,missing_week15,16,nan,nan,nan,0.7343209919473666,nan,0.9484425207336099,1.225,nan,nan,nan,7.0431599159883405,w5,source
train,Train,46,G46C2,-2.8147355159683953,5.62040086571715,0.7644929003670439,0.002616671069312043,0.9677312658737593,1.225,-7.341017991727986,0.010272455619792453,-5.1887626675615826,6.897704943128636,2,Release 1.0,ok,15.11,8.849,9.501,10.042,10.999,12.525,13.796,nan,nan,nan,nan,0,0.0,0.282240568888889,1.225,2.025,ok,4,3.566792328042328,-2.8147355159683953,5.62040086571715,0.7644929003670439,0.002616671069312043,0.9677312658737593,1.225,-7.341017991727986,0.010272455619792453,-5.1887626675615826,6.897704943128636,ok,6,5.759403108465608,-2.614906356171026,5.407171771460119,0.7644929003670439,0.001323805794872318,0.9677312658737593,1.225,-6.916710151799652,0.012809041837481966,-4.978091522370809,6.897704943128636,ok,11,11.623381283068781,-1.9013105381480289,6.030685260261263,0.7644929003670439,-0.0009085500920632539,0.9677312658737593,1.225,-4.838887432290151,0.07600160649438756,-3.079532272266447,6.897704943128636,missing_week15,16,nan,nan,nan,0.7644929003670439,nan,0.9677312658737593,1.225,nan,nan,nan,6.897704943128636,w5,source
train,Train,46,G46C3,-2.7081715824242574,5.3981627015177525,0.752887849,-0.0036234052839856368,0.9603580660488045,1.225,-7.361837887634027,0.013186391579314866,-4.788466830323814,6.885509670034818,3,Release 1.0,ok,11.039,6.066,6.287,6.516,7.021,9.119,10.083,11.975,12.895,nan,nan,0,0.0,0.281786026666667,1.225,2.025,ok,4,3.5268369708994705,-2.7081715824242574,5.3981627015177525,0.752887849,-0.0036234052839856368,0.9603580660488045,1.225,-7.361837887634027,0.013186391579314866,-4.788466830323814,6.885509670034818,ok,6,5.702180886243386,-2.462896797866548,3.1780538303479458,0.752887849,-0.02531545865252735,0.9603580660488045,1.225,-6.893498791620408,0.018864157693633726,-4.437021004628722,6.885509670034818,ok,11,11.467724867724867,-1.5939309704454174,6.8885724595653635,0.752887849,nan,0.9603580660488045,1.225,-4.199590172961035,nan,-2.533537912904639,6.885509670034818,missing_week15,16,nan,nan,nan,0.752887849,nan,0.9603580660488045,1.225,nan,nan,nan,6.885509670034818,w5,source
train,Train,46,G46C4,-2.7974538293317393,5.583496308781699,0.7628524140227371,0.0032220042316145336,0.9666924056688626,1.225,-7.130476777792095,0.011452460669479192,-5.066248728207127,6.895682697747868,4,Release 1.0,ok,13.995,7.628,8.342,9.132,10.008,11.268,12.393,15.73,nan,nan,nan,0,0.0,0.284471591111111,1.225,2.025,ok,4,3.5522767857142856,-2.7974538293317393,5.583496308781699,0.7628524140227371,0.0032220042316145336,0.9666924056688626,1.225,-7.130476777792095,0.011452460669479192,-5.066248728207127,6.895682697747868,ok,6,5.736979166666666,-2.590183077326303,5.3706380281276624,0.7628524140227371,-0.01653520075745704,0.9666924056688626,1.225,-6.848246617674339,0.0144748891469689,-4.858503107390216,6.895682697747868,ok,11,11.562066798941798,-1.8548515480498773,5.883322388488279,0.7628524140227371,nan,0.9666924056688626,1.225,-4.532584036797231,nan,-2.7513354579805815,6.895682697747868,missing_week15,16,nan,nan,nan,0.7628524140227371,nan,0.9666924056688626,1.225,nan,nan,nan,6.895682697747868,w5,source
train,Train,47,G47C1,-2.8483840907334534,5.641907070938114,0.47708391230527514,-0.0018249870175243987,1.0531951842416318,2.325,-6.631667391171354,0.023832082355819073,-3.854963960881092,6.859614903654202,1,Release 1.0,ok,13.687,7.588,8.732,9.823,11.06,12.096,12.922,14.577,nan,nan,nan,0,0.0,0.278143075555556,2.325,1.925,ok,4,3.529118716931217,-2.8483840907334534,5.641907070938114,0.47708391230527514,-0.0018249870175243987,1.0531951842416318,2.325,-6.631667391171354,0.023832082355819073,-3.854963960881092,6.859614903654202,ok,6,5.710844907407408,-2.6406030496365065,5.351858133476067,0.47708391230527514,-0.06263159758067649,1.0531951842416318,2.325,-6.556389605792375,0.02668172728631582,-3.7656907136960167,6.859614903654202,ok,11,11.543773148148148,-1.9675570004038427,5.69035945432406,0.47708391230527514,0.00022418711614613507,1.0531951842416318,2.325,-4.947213892611722,0.07859537937475669,-2.885386868538062,6.859614903654202,missing_week15,16,nan,nan,nan,0.47708391230527514,nan,1.0531951842416318,2.325,nan,nan,nan,6.859614903654202,w5,source
train,Train,47,G47C2,-2.943850383158059,5.820082930352362,0.47832607568432073,0.001997279260278484,1.054565373016792,2.325,-7.039660391838403,0.014456135561334654,-4.4292553395719345,6.904750769961838,2,Release 1.0,ok,20.676,12.248,14.06,15.604,17.111,18.528,19.694,nan,nan,nan,nan,0,0.0,0.283952782222222,2.325,1.925,ok,4,3.5658416005291005,-2.943850383158059,5.820082930352362,0.47832607568432073,0.001997279260278484,1.054565373016792,2.325,-7.039660391838403,0.014456135561334654,-4.4292553395719345,6.904750769961838,ok,6,5.757670304232804,-2.7984472291960416,5.752572638825633,0.47832607568432073,-0.019240103331245872,1.054565373016792,2.325,-6.8405621149904885,0.017338635353494752,-4.293775816611682,6.904750769961838,ok,11,11.651020171957674,-2.4380575554793245,4.983606621708336,0.47832607568432073,-0.010461702661684558,1.054565373016792,2.325,-6.175826437751104,0.02888668911284012,-3.781847812236325,6.904750769961838,ok,16,17.21950892857143,-1.9878079930715846,5.393627546352362,0.47832607568432073,0.005529631306741556,1.054565373016792,2.325,-4.935314668713024,0.07379238648091957,-2.963366623563044,6.904750769961838,w5,source
train,Train,47,G47C3,-3.018945484302156,5.648974238161206,0.48495088536078157,0.005232881673343098,1.0618431185744046,2.325,-7.378882518287767,0.00872791131686726,-5.061012847488684,6.8966943316227125,3,Release 1.0,ok,14.962,9.879,11.089,12.228,13.123,13.753,14.336,16.882,nan,nan,nan,0,0.0,0.286001173333333,2.325,1.925,ok,4,3.587910052910053,-3.018945484302156,5.648974238161206,0.48495088536078157,0.005232881673343098,1.0618431185744046,2.325,-7.378882518287767,0.00872791131686726,-5.061012847488684,6.8966943316227125,ok,6,5.77408564814815,-2.824767128217049,5.5254529391317835,0.48495088536078157,-0.06870884845201594,1.0618431185744046,2.325,-6.818235196910747,0.014114048538063556,-4.681500553409958,6.8966943316227125,ok,11,11.680069444444447,-2.2094297621400445,4.859812404361672,0.48495088536078157,0.0012894169778713827,1.0618431185744046,2.325,-5.319041067881896,0.056039252816929314,-3.2284741225369338,6.8966943316227125,missing_week15,16,nan,nan,nan,0.48495088536078157,nan,1.0618431185744046,2.325,nan,nan,nan,6.8966943316227125,w5,source
train,Train,47,G47C4,-2.9409391343775644,5.726847747587197,0.4906390547251361,0.004697134237841627,1.0680523405882043,2.325,-7.078879567818725,0.012660134840474124,-4.530386178488288,6.878326468291325,4,Release 1.0,ok,13.103,8.337,9.334,10.211,11.029,11.763,12.356,14.229,nan,nan,nan,0,0.0,0.283388284444444,2.325,1.925,ok,4,3.5820386904761907,-2.9409391343775644,5.726847747587197,0.4906390547251361,0.004697134237841627,1.0680523405882043,2.325,-7.078879567818725,0.012660134840474124,-4.530386178488288,6.878326468291325,ok,6,5.782141203703704,-2.725235150963259,5.594711379601839,0.4906390547251361,-0.018492546759953793,1.0680523405882043,2.325,-6.721818149508105,0.019541743926707933,-4.232665034692678,6.878326468291325,ok,11,11.65360945767196,-1.8825803165907422,5.733341276897746,0.4906390547251361,0.016959081698409373,1.0680523405882043,2.325,-4.610262460914899,0.10447765483704702,-2.747689153990366,6.878326468291325,missing_week15,16,nan,nan,nan,0.4906390547251361,nan,1.0680523405882043,2.325,nan,nan,nan,6.878326468291325,w5,source
train,Train,48,G48C1,-2.7584199184948206,5.676753802268282,0.5845145070928216,-0.018241075179716126,1.1782283116380505,2.375,-6.698505206321325,0.01713864119630984,-4.207821984475456,6.942156705699469,1,Release 1.0,ok,12.532,7.388,8.571,9.952,10.958,11.643,12.132,12.898,nan,nan,nan,0,0.0,0.283717155555556,2.375,2.225,ok,4,3.5396097883597886,-2.7584199184948206,5.676753802268282,0.5845145070928216,-0.018241075179716126,1.1782283116380505,2.375,-6.698505206321325,0.01713864119630984,-4.207821984475456,6.942156705699469,ok,6,5.723492063492063,-2.5545964630056543,5.293304824724492,0.5845145070928216,-0.014967877387077083,1.1782283116380505,2.375,-6.518715272451857,0.022688926367459644,-4.062163004962149,6.942156705699469,ok,11,11.561947751322752,-1.9491143496390226,5.3471075307174685,0.5845145070928216,nan,1.1782283116380505,2.375,-4.52779762346194,nan,-2.62653970337175,6.942156705699469,missing_week15,16,nan,nan,nan,0.5845145070928216,nan,1.1782283116380505,2.375,nan,nan,nan,6.942156705699469,w5,source
train,Train,48,G48C2,-2.8911824715820056,5.327876168789581,0.5715851675310871,0.006807866543138336,1.1651243594081842,2.375,-7.135259640437495,0.011364720997690203,-4.985825882197778,6.895682697747868,2,Release 1.0,ok,12.976,6.858,7.875,8.749,9.943,11.041,12.054,13.707,nan,nan,nan,0,0.0,0.283483306666667,2.375,2.225,ok,4,3.568143187830688,-2.8911824715820056,5.327876168789581,0.5715851675310871,0.006807866543138336,1.1651243594081842,2.375,-7.135259640437495,0.011364720997690203,-4.985825882197778,6.895682697747868,ok,6,5.75567294973545,-2.642669301911885,4.634728988229636,0.5715851675310871,-0.01368563785753163,1.1651243594081842,2.375,-6.623928231719311,0.020465322283989368,-4.409430366080781,6.895682697747868,ok,11,11.588766534391533,-1.8874481635414564,6.324358962381311,0.5715851675310871,nan,1.1651243594081842,2.375,-4.374089643719065,nan,-2.589972789562492,6.895682697747868,missing_week15,16,nan,nan,nan,0.5715851675310871,nan,1.1651243594081842,2.375,nan,nan,nan,6.895682697747868,w5,source
train,Train,48,G48C3,-2.837182594459336,5.69035945432406,0.6107923012849098,0.005403458957145585,1.204421734921643,2.375,-7.256856482177468,0.009486940239905789,-4.931242876836477,6.892641641172089,3,Release 1.0,ok,15.341,9.167,10.674,12.141,13.363,14.14,14.672,16.205,nan,nan,nan,0,0.0,0.283817173333333,2.375,2.225,ok,4,3.576347552910053,-2.837182594459336,5.69035945432406,0.6107923012849098,0.005403458957145585,1.204421734921643,2.375,-7.256856482177468,0.009486940239905789,-4.931242876836477,6.892641641172089,ok,6,5.752657076719577,-2.622875883555452,5.564520407322694,0.6107923012849098,-0.015115385882763233,1.204421734921643,2.375,-6.648700873395429,0.01578978604566189,-4.428546384125464,6.892641641172089,ok,11,11.607752976190474,-2.1235723673592104,4.770684624465665,0.6107923012849098,-0.0012997984973736332,1.204421734921643,2.375,-5.470042952961707,0.04721055694819952,-3.398466222288079,6.892641641172089,missing_week15,16,nan,nan,nan,0.6107923012849098,nan,1.204421734921643,2.375,nan,nan,nan,6.892641641172089,w5,source
train,Train,48,G48C4,-2.74617653740601,5.560681631015528,0.5760927382267221,-0.0064710695348468295,1.169709473881641,2.375,-6.4978940974514385,0.024537520632059218,-3.9140601448340027,6.887552571664617,4,Release 1.0,ok,10.952,6.391,7.455,8.576,9.356,9.849,10.385,11.642,12.637,nan,nan,0,0.0,0.279141368888889,2.375,2.225,ok,4,3.5440046296296295,-2.74617653740601,5.560681631015528,0.5760927382267221,-0.0064710695348468295,1.169709473881641,2.375,-6.4978940974514385,0.024537520632059218,-3.9140601448340027,6.887552571664617,ok,6,5.716608796296296,-2.531352891011712,4.90527477843843,0.5760927382267221,-0.011611458985145207,1.169709473881641,2.375,-6.363544255529021,0.029650074779040247,-3.774415967943282,6.887552571664617,ok,11,11.501787367724868,-1.615776649193023,6.47543271670409,0.5760927382267221,nan,1.169709473881641,2.375,-4.287425410814675,nan,-2.525320805638775,6.887552571664617,missing_week15,16,nan,nan,nan,0.5760927382267221,nan,1.169709473881641,2.375,nan,nan,nan,6.887552571664617,w5,source
train,Train,51,G51C1,-2.8178100478377357,5.2832037287379885,0.5583377847510036,-0.016410255539584306,1.1270396888790266,2.275,-7.039250688985773,0.016764147371216037,-4.622107915850846,6.92951677076365,1,Release 1.0,ok,15.508,8.195,9.975,11.444,12.928,14.048,14.754,nan,nan,nan,nan,0,0.0,0.283621671111111,2.275,1.875,ok,4,3.5466732804232803,-2.8178100478377357,5.2832037287379885,0.5583377847510036,-0.016410255539584306,1.1270396888790266,2.275,-7.039250688985773,0.016764147371216037,-4.622107915850846,6.92951677076365,ok,6,5.735849867724868,-2.636064013871315,4.859812404361672,0.5583377847510036,-0.011739789662764372,1.1270396888790266,2.275,-6.7336393634002,0.021803813018058366,-4.3640404777374515,6.92951677076365,ok,11,11.588123346560847,-2.101139275328466,5.6240175061873385,0.5583377847510036,-0.02250538738982233,1.1270396888790266,2.275,-5.369354326435012,0.052412205405989745,-3.2708387618633084,6.92951677076365,missing_week15,16,nan,nan,nan,0.5583377847510036,nan,1.1270396888790266,2.275,nan,nan,nan,6.92951677076365,w5,source
train,Train,51,G51C2,-2.9968167454889647,5.583496308781699,0.4929418854996856,-0.02284168586548385,1.0589819590114766,2.275,-7.008568963862115,0.009663199952383655,-4.728052978197477,6.988413181999592,2,Release 1.0,ok,16.751,10.926,12.175,13.426,14.406,15.153,16.063,17.335,17.866,nan,nan,0,0.0,0.28295344,2.275,1.875,ok,4,3.557051917989418,-2.9968167454889647,5.583496308781699,0.4929418854996856,-0.02284168586548385,1.0589819590114766,2.275,-7.008568963862115,0.009663199952383655,-4.728052978197477,6.988413181999592,ok,6,5.74844742063492,-2.8413916913226345,5.501258210544727,0.4929418854996856,-0.0019705300129786163,1.0589819590114766,2.275,-6.610442781488118,0.014901222185942059,-4.492951531952783,6.988413181999592,ok,11,11.651178902116403,-2.317673526731458,5.43372200355424,0.4929418854996856,-0.008013049123893334,1.0589819590114766,2.275,-5.904185476064188,0.03496024931425709,-3.7758333563249837,6.988413181999592,ok,16,17.168002645502646,-1.620150752818364,6.992096427415888,0.4929418854996856,nan,1.0589819590114766,2.275,-4.2100944119578285,nan,-2.538516788813844,6.988413181999592,w5,source
train,Train,51,G51C3,-2.8946335842411184,5.58724865840025,0.560898426,0.006005271765586628,1.1296211396525828,2.275,-7.4347811095008325,0.009082069528286107,-5.015817317141498,6.903747257584598,3,Release 1.0,ok,13.251,8.748,9.753,10.77,11.67,12.16,12.607,14.151,nan,nan,nan,0,0.0,0.284716462222222,2.275,1.875,ok,4,3.566536044973545,-2.8946335842411184,5.58724865840025,0.560898426,0.006005271765586628,1.1296211396525828,2.275,-7.4347811095008325,0.009082069528286107,-5.015817317141498,6.903747257584598,ok,6,5.763253968253968,-2.6924444767670157,5.365976015021851,0.560898426,-0.01830091533603609,1.1296211396525828,2.275,-6.777719073902015,0.015170395344874965,-4.567409653319757,6.903747257584598,ok,11,11.63808697089947,-2.031869103358948,5.537334267018537,0.560898426,0.00703548646023619,1.1296211396525828,2.275,-4.764466241291522,0.08349287618215295,-2.856973478503316,6.903747257584598,missing_week15,16,nan,nan,nan,0.560898426,nan,1.1296211396525828,2.275,nan,nan,nan,6.903747257584598,w5,source
train,Train,51,G51C4,-2.9738691929174967,5.616771097666572,0.5335143042470579,-0.00023718992465776578,1.101700976745531,2.275,-7.541274637772707,0.007731226641762873,-5.221132051742994,6.942156705699469,4,Release 1.0,ok,16.687,10.105,11.157,12.155,13.146,14.205,15.464,17.729,nan,nan,nan,0,0.0,0.282242204444444,2.275,1.875,ok,4,3.577152777777778,-2.9738691929174967,5.616771097666572,0.5335143042470579,-0.00023718992465776578,1.101700976745531,2.275,-7.541274637772707,0.007731226641762873,-5.221132051742994,6.942156705699469,ok,6,5.761274801587302,-2.819002016881571,5.4638318050256105,0.5335143042470579,0.0068363718141007945,1.101700976745531,2.275,-7.126557683682924,0.011521133549674129,-4.877778769037034,6.942156705699469,ok,11,11.651729497354497,-2.2075152442475074,5.966146739123692,0.5335143042470579,-0.002463707207502386,1.101700976745531,2.275,-5.518763274876447,0.04550223215411997,-3.453894547180929,6.942156705699469,ok,16,17.130889550264545,-1.653816263656721,6.943122422819428,0.5335143042470579,nan,1.101700976745531,2.275,-4.21772773662105,nan,-2.5287723581898365,6.942156705699469,w5,source
train,Train,52,G52C1,-2.869542819076875,6.152732694704104,0.830424891,-0.006365480585913685,1.0878214328073337,1.425,-7.220435286600469,0.005838333559068737,-5.359904752089164,7.085901464365611,1,Release 1.0,ok,25.849,12.684,15.074,17.272,20.357,22.675,24.303,nan,nan,nan,nan,0,0.0,0.2835958333333334,1.425,0.875,ok,4,3.6358184523809527,-2.869542819076875,6.152732694704104,0.830424891,-0.006365480585913685,1.0878214328073337,1.425,-7.220435286600469,0.005838333559068737,-5.359904752089164,7.085901464365611,ok,6,5.87218253968254,-2.68755637766441,6.023447592961033,0.830424891,-0.0016858924303407297,1.0878214328073337,1.425,-7.325036016898123,0.01008746898395127,-5.31868177801832,7.085901464365611,ok,11,11.440003306878305,-2.2429734834401795,5.0106352940962555,0.830424891,-0.013915276049044606,1.0878214328073337,1.425,-6.249492008024092,0.02409677633697868,-4.405114103749805,7.085901464365611,ok,16,17.071646825396826,-1.9227376878908398,5.2574953720277815,0.830424891,-0.007419754252221966,1.0878214328073337,1.425,-5.357509967216086,0.045562767402745286,-3.6572509914409306,7.085901464365611,w5,source
train,Train,52,G52C2,-2.8709781270312904,6.023447592961033,0.8506413410499365,-0.004230003684647876,1.1009831565451669,1.425,-7.317907488141391,0.006936683387962689,-5.423852801360416,7.04141166379481,2,Release 1.0,ok,18.13,10.873,12.529,14.085,15.357,16.487,17.421,19.728,nan,nan,nan,0,0.0,0.2832324722222222,1.425,0.875,ok,4,3.6919460978835987,-2.8709781270312904,6.023447592961033,0.8506413410499365,-0.004230003684647876,1.1009831565451669,1.425,-7.317907488141391,0.006936683387962689,-5.423852801360416,7.04141166379481,ok,6,5.968293650793651,-2.6567051869577325,5.796057750765372,0.8506413410499365,0.006667880429868739,1.1009831565451669,1.425,-7.21960722092262,0.010391341432276824,-4.974211564171708,7.04141166379481,ok,11,11.547996031746035,-2.1539103831673603,4.330733340286331,0.8506413410499365,-0.05619450686408549,1.1009831565451669,1.425,-5.985613585198201,0.029201052098795144,-3.98330916596511,7.04141166379481,ok,16,17.155380291005294,-1.714699538415481,6.659293919683638,0.8506413410499365,0.008507171271237166,1.1009831565451669,1.425,-4.618937944315107,0.0851202017219378,-3.013681341317222,7.04141166379481,w5,source
train,Train,52,G52C3,-2.8432824784634674,5.84354441703136,0.8404307405217342,-0.004672257764610999,1.0943554291195667,1.425,-6.981755976143603,0.011126279575270348,-4.74675558863998,6.922643891475888,3,Release 1.0,ok,18.96,12.052,13.31,14.658,15.861,16.915,17.818,20.414,nan,nan,nan,0,0.0,0.2849098611111111,1.425,0.875,ok,4,3.6608134920634923,-2.8432824784634674,5.84354441703136,0.8404307405217342,-0.004672257764610999,1.0943554291195667,1.425,-6.981755976143603,0.011126279575270348,-4.74675558863998,6.922643891475888,ok,6,5.8804365079365075,-2.6716335478697184,5.655991810819852,0.8404307405217342,0.00045611314007212855,1.0943554291195667,1.425,-7.079091288612547,0.01266080825498539,-4.952333336361273,6.922643891475888,ok,11,11.461977513227511,-2.278377019471527,3.9512437185814275,0.8404307405217342,-0.011493491060362016,1.0943554291195667,1.425,-6.280164582083501,0.024488425722346663,-4.3271973829232016,6.922643891475888,ok,16,17.0588707010582,-1.7305165318326057,6.723832440821209,0.8404307405217342,0.0017652485685503289,1.0943554291195667,1.425,-4.896700923914317,0.06274692700955288,-3.292132750133995,6.922643891475888,w5,source
train,Train,52,G52C4,-2.8719723144037617,6.16541785423142,0.8203944352640159,-0.002315853988054506,1.0812317375341989,1.425,-6.813519402753859,0.0132354266933076,-4.543196279917735,7.048386408721883,4,Release 1.0,ok,22.442,13.479,15.524,17.299,18.995,20.362,21.588,23.556,nan,nan,nan,0,0.0,0.28250516666666664,1.425,0.875,ok,4,3.6584507275132276,-2.8719723144037617,6.16541785423142,0.8203944352640159,-0.002315853988054506,1.0812317375341989,1.425,-6.813519402753859,0.0132354266933076,-4.543196279917735,7.048386408721883,ok,6,5.922366071428572,-2.7079983270173935,6.089044875446846,0.8203944352640159,0.0033894593102887782,1.0812317375341989,1.425,-7.010067625342363,0.01331602450027014,-4.773361931253698,7.048386408721883,ok,11,11.485208333333333,-2.36605798800069,5.648974238161206,0.8203944352640159,-0.014297737277977451,1.0812317375341989,1.425,-6.57474365855769,0.02044799213294629,-4.505920180663838,7.048386408721883,ok,16,17.11700562169312,-1.9367936597152566,5.420534999272286,0.8203944352640159,-0.045045315210202136,1.0812317375341989,1.425,-5.571745989309088,0.039474657336438165,-3.723398566950016,7.048386408721883,w5,source
train,Train,53,G53C4,-2.768407802292557,6.056784013228625,0.939955923,-0.006706376416372534,1.3796415273812976,2.025,-6.0735013951050245,0.02435419719060339,-3.93701590422351,7.078341579557671,4,Release 1.0,ok,16.115,8.691,9.846,10.766,11.719,13.02,14.379,17.896,nan,nan,nan,0,0.0,0.2835958333333334,2.025,0.825,ok,4,3.6270899470899467,-2.768407802292557,6.056784013228625,0.939955923,-0.006706376416372534,1.3796415273812976,2.025,-6.0735013951050245,0.02435419719060339,-3.93701590422351,7.078341579557671,ok,6,5.84974537037037,-2.587078662682707,5.802118375377063,0.939955923,0.0010954131228919362,1.3796415273812976,2.025,-6.424648968673782,0.022665356858340285,-4.195357843936627,7.078341579557671,ok,11,11.354047619047618,-1.949545942863261,6.331501849893691,0.939955923,0.0003256562833929555,1.3796415273812976,2.025,-4.98103951254293,0.05977472875648279,-3.2475164995022467,7.078341579557671,ok,16,16.862718253968254,-1.6252210801013078,7.130098510125578,0.939955923,nan,1.3796415273812976,2.025,-4.155398639519791,nan,-2.6454730457757405,7.078341579557671,w5,source
train,Train,55,G55C1,-2.8684439037436418,6.054439346269371,0.6159597388083361,0.0007761768974915428,0.7945808532040929,1.025,-7.4710196108906,0.006253837260985662,-5.053493859165724,7.048386408721883,1,Release 1.0,ok,19.199,10.68,11.893,13.271,14.644,16.066,17.705,20.708,nan,nan,nan,0,0.0,0.2830020555555556,1.025,2.475,ok,4,3.6677976190476187,-2.8684439037436418,6.054439346269371,0.6159597388083361,0.0007761768974915428,0.7945808532040929,1.025,-7.4710196108906,0.006253837260985662,-5.053493859165724,7.048386408721883,ok,6,5.932671957671958,-2.7147368331988937,6.008813185442595,0.6159597388083361,-0.07361817732606596,0.7945808532040929,1.025,-7.119250356952852,0.010331086620799318,-4.880949074027288,7.048386408721883,ok,11,11.542038690476192,-2.220420354141948,4.7535901911063645,0.6159597388083361,-0.0071449238874208565,0.7945808532040929,1.025,-5.8579139178424,0.0334963314099727,-3.7534074978018723,7.048386408721883,ok,16,17.161334325396826,-1.7952434152650099,6.075346031088684,0.6159597388083361,nan,0.7945808532040929,1.025,-4.381262015804933,nan,-2.6566132752028118,7.048386408721883,w5,source
train,Train,55,G55C2,-2.867199021928129,6.1092475827643655,0.6077655056319489,-7.469056692874232e-05,0.7892779252410063,1.025,-7.272325747740885,0.007050859460294351,-4.85780430045214,7.05617528410041,2,Release 1.0,ok,21.11,10.799,11.696,12.901,14.801,16.788,19.27,nan,nan,nan,nan,0,0.0,0.2803573611111111,1.025,2.475,ok,4,3.6809374999999998,-2.867199021928129,6.1092475827643655,0.6077655056319489,-7.469056692874232e-05,0.7892779252410063,1.025,-7.272325747740885,0.007050859460294351,-4.85780430045214,7.05617528410041,ok,6,5.934571759259259,-2.717863542060021,6.059123195581797,0.6077655056319489,-0.021723647034335603,0.7892779252410063,1.025,-7.139473102034927,0.010419563682903393,-4.75412226367168,7.05617528410041,ok,11,11.533032407407406,-2.206289010222354,4.867534450455582,0.6077655056319489,-0.04410193954486599,0.7892779252410063,1.025,-5.747565010816437,0.03759301711241833,-3.581525524510323,7.05617528410041,ok,16,17.1285119047619,-1.8498180013382473,4.532599493153256,0.6077655056319489,0.015130924697157891,0.7892779252410063,1.025,-4.514518968575411,0.09986161867642039,-2.6764261792936974,7.05617528410041,w5,source
train,Train,55,G55C3,-2.6977309134857963,5.777652323222656,0.6238448162284889,-0.02739212520697129,0.7996505090564259,1.025,-7.015500566294616,0.015537185543412851,-4.205838798181207,6.928537818164665,3,Release 1.0,ok,17.59,10.298,11.624,12.413,14.013,15.42,16.565,18.555,19.734,nan,nan,0,0.0,0.27948655555555557,1.025,2.475,ok,4,3.6766947751322747,-2.6977309134857963,5.777652323222656,0.6238448162284889,-0.02739212520697129,0.7996505090564259,1.025,-7.015500566294616,0.015537185543412851,-4.205838798181207,6.928537818164665,ok,6,5.928156415343915,-2.554542461946085,5.683579767338681,0.6238448162284889,-0.02376513676428993,0.7996505090564259,1.025,-6.680396406220648,0.02052292811157494,-4.0075953069137285,6.928537818164665,ok,11,11.497346230158731,-2.179118686163942,3.1354942159291497,0.6238448162284889,-0.012468785096521384,0.7996505090564259,1.025,-5.726318512061424,0.04215118160627218,-3.5405703018727968,6.928537818164665,ok,16,17.088953373015876,-1.6742574347718464,5.730099782973574,0.6238448162284889,nan,0.7996505090564259,1.025,-4.366107323045669,nan,-2.665392902186247,6.928537818164665,w5,source
train,Train,55,G55C4,-2.852005943663681,6.040254711277414,0.6098680618833465,0.0007976935766004223,0.7906419944769124,1.025,-7.67963203463494,0.006561284867787925,-4.808713409966973,7.052721049232323,4,Release 1.0,ok,18.843,9.827,10.98,12.373,14.282,16.191,17.628,20.141,21.457,nan,nan,0,0.0,0.2835083333333333,1.025,2.475,ok,4,3.6847106481481484,-2.852005943663681,6.040254711277414,0.6098680618833465,0.0007976935766004223,0.7906419944769124,1.025,-7.67963203463494,0.006561284867787925,-4.808713409966973,7.052721049232323,ok,6,5.943363095238096,-2.6840637624830523,6.0112671744041615,0.6098680618833465,-0.018747438776852393,0.7906419944769124,1.025,-7.185894449196215,0.011891567096851408,-4.4853116303514975,7.052721049232323,ok,11,11.533454034391536,-2.1332706844693017,3.258096538021482,0.6098680618833465,-0.036618240046032785,0.7906419944769124,1.025,-5.487999238155231,0.045240290147323725,-3.333389885835387,7.052721049232323,ok,16,17.13653108465608,-1.8193834385055256,5.529429087511423,0.6098680618833465,nan,0.7906419944769124,1.025,-4.398711744683464,nan,-2.6011806950641843,7.052721049232323,w5,source
train,Train,60,G60C1,-2.8666850778689184,5.823045895483019,0.8486202199645804,-0.003565644868803841,0.7568478370690451,0.675,-7.465022204961696,0.007682696346027307,-5.645199575973793,6.9440872082295275,1,Release 1.0,ok,19.457,10.836,11.935,13.048,13.972,15.004,17.376,20.635,nan,nan,nan,0,0.0,0.283652942222222,0.675,1.325,ok,4,3.5467113095238094,-2.8666850778689184,5.823045895483019,0.8486202199645804,-0.003565644868803841,0.7568478370690451,0.675,-7.465022204961696,0.007682696346027307,-5.645199575973793,6.9440872082295275,ok,6,5.725805224867725,-2.6524561078573106,5.676753802268282,0.8486202199645804,-0.02327219562620811,0.7568478370690451,0.675,-7.107015541191031,0.010554877830227904,-5.360236327550076,6.9440872082295275,ok,11,11.604469246031744,-2.134109545443422,4.7535901911063645,0.8486202199645804,-0.006653696656770042,0.7568478370690451,0.675,-5.822135751873473,0.03451060530222294,-3.9313387632717354,6.9440872082295275,ok,16,17.09293485449735,-1.7576625187027053,6.621405651764134,0.8486202199645804,nan,0.7568478370690451,0.675,-4.454851209391205,nan,-2.7186458245076373,6.9440872082295275,w5,source
train,Train,60,G60C3,-2.855128819500183,5.556828061699537,0.8506361144158254,-0.0024651614947309997,0.7577462485757895,0.675,-7.213420909108976,0.012518276524112248,-4.592232998694917,6.8885724595653635,3,Release 1.0,ok,13.338,7.756,8.271,8.615,9.053,10.007,11.691,14.563,nan,nan,nan,0,0.0,0.280392604444444,0.675,1.325,ok,4,3.5356795634920637,-2.855128819500183,5.556828061699537,0.8506361144158254,-0.0024651614947309997,0.7577462485757895,0.675,-7.213420909108976,0.012518276524112248,-4.592232998694917,6.8885724595653635,ok,6,5.71412037037037,-2.5907260739194853,5.356586274672012,0.8506361144158254,-0.014121872077335007,0.7577462485757895,0.675,-6.75019160683994,0.02168453933732123,-4.1104929037071685,6.8885724595653635,ok,11,11.502137896825397,-1.7704696288100037,6.8690144506657065,0.8506361144158254,nan,0.7577462485757895,0.675,-4.519379174805723,nan,-2.806080681794838,6.8885724595653635,missing_week15,16,nan,nan,nan,0.8506361144158254,nan,0.7577462485757895,0.675,nan,nan,nan,6.8885724595653635,w5,source
train,Train,60,G60C4,-2.85141423580536,5.768320995793772,0.8287183270012988,-0.027104511277134286,0.7479203638930262,0.675,-7.641353995737285,0.005978625358772444,-5.454045345617746,6.9782137426306985,4,Release 1.0,ok,15.86,8.618,9.4,9.905,10.713,11.928,13.836,16.984,nan,nan,nan,0,0.0,0.28407232,0.675,1.325,ok,4,3.5186011904761902,-2.85141423580536,5.768320995793772,0.8287183270012988,-0.027104511277134286,0.7479203638930262,0.675,-7.641353995737285,0.005978625358772444,-5.454045345617746,6.9782137426306985,ok,6,5.715074404761905,-2.6178697662489387,5.537334267018537,0.8287183270012988,-0.01736643224163581,0.7479203638930262,0.675,-6.9975820974082295,0.013179656853105293,-4.937884665549047,6.9782137426306985,ok,11,11.544808201058201,-1.855030955896933,5.662960480135946,0.8287183270012988,0.010830605594760873,0.7479203638930262,0.675,-4.703920620944887,0.08472168737817506,-2.9456561202299762,6.9782137426306985,ok,16,16.966160714285714,-1.5916070715640316,6.963189985870238,0.8287183270012988,nan,0.7479203638930262,0.675,-4.189600309027189,nan,-2.452122634623562,6.9782137426306985,w5,source
train,Train,61,G61C2,-2.863379090609029,6.021023349349527,0.5306501212925295,0.0014739538424903276,1.0618999518535752,2.125,-6.9776085083279185,0.013441571146133757,-4.487352736863781,7.0431599159883405,2,Release 1.0,ok,18.687,10.412,12.493,14.086,15.238,16.531,17.668,19.93,nan,nan,nan,0,0.0,0.28335994444444446,2.125,1.975,ok,4,3.5477496693121693,-2.863379090609029,6.021023349349527,0.5306501212925295,0.0014739538424903276,1.0618999518535752,2.125,-6.9776085083279185,0.013441571146133757,-4.487352736863781,7.0431599159883405,ok,6,5.823784722222223,-2.6839031221728864,5.883322388488279,0.5306501212925295,-0.018064202690865727,1.0618999518535752,2.125,-6.823664087847733,0.017440465280813333,-4.261651298130483,7.0431599159883405,ok,11,11.477101521164021,-2.2897251555675617,5.198497031265826,0.5306501212925295,-0.004709719729522888,1.0618999518535752,2.125,-5.907466802189404,0.03800534185099447,-3.508021641147593,7.0431599159883405,ok,16,17.03061011904762,-1.8523407784112698,4.51085950651685,0.5306501212925295,nan,1.0618999518535752,2.125,-4.412708326894285,nan,-2.5964216550321564,7.0431599159883405,w5,source
train,Train,61,G61C3,-2.883923934878017,5.3706380281276624,0.5508920438506884,0.019443878105620843,1.08196376703784,2.125,-7.885399086294577,0.011331494940172465,-5.053848673231469,6.874198495453294,3,Release 1.0,ok,10.331,6.853,7.752,8.528,9.163,9.626,9.999,10.639,10.935,nan,nan,0,0.0,0.28016030555555554,2.125,1.975,ok,4,3.5569957010582014,-2.883923934878017,5.3706380281276624,0.5508920438506884,0.019443878105620843,1.08196376703784,2.125,-7.885399086294577,0.011331494940172465,-5.053848673231469,6.874198495453294,ok,6,5.821316137566138,-2.58735505839597,4.174387269895637,0.5508920438506884,0.027886900441060236,1.08196376703784,2.125,-7.03221969291793,0.020101288154248803,-4.348793431843674,6.874198495453294,missing_week10,11,nan,nan,nan,0.5508920438506884,nan,1.08196376703784,2.125,nan,nan,nan,6.874198495453294,missing_week15,16,nan,nan,nan,0.5508920438506884,nan,1.08196376703784,2.125,nan,nan,nan,6.874198495453294,w5,source
train,Train,61,G61C4,-2.7623384414027736,6.16541785423142,0.5405692763220113,0.00446572884722396,1.0717787608383897,2.125,-6.4022795762042986,0.023139941383233165,-3.812043156143935,7.029972911706386,4,Release 1.0,ok,19.235,9.994,11.687,13.197,14.729,16.179,17.773,20.512,nan,nan,nan,0,0.0,0.2799138611111111,2.125,1.975,ok,4,3.5426339285714286,-2.7623384414027736,6.16541785423142,0.5405692763220113,0.00446572884722396,1.0717787608383897,2.125,-6.4022795762042986,0.023139941383233165,-3.812043156143935,7.029972911706386,ok,6,5.808883928571428,-2.6477493988050393,6.131226489483141,0.5405692763220113,-0.01249600204097287,1.0717787608383897,2.125,-6.329816619453808,0.024700240179966526,-3.8009198616648434,7.029972911706386,ok,11,11.412238756613759,-2.1798692700621256,5.420534999272286,0.5405692763220113,-0.00686928432167927,1.0717787608383897,2.125,-5.874007733019918,0.03833406307701437,-3.4864361491956,7.029972911706386,ok,16,16.948197751322756,-1.7660386667116674,4.709530201312334,0.5405692763220113,nan,1.0717787608383897,2.125,-4.598436655000891,nan,-2.715644986240393,7.029972911706386,w5,source
train,Train,62,G62C1,-2.7359995559047343,6.049733455231958,0.6168491276494172,-0.015516358221131288,0.9856659556096234,1.575,-6.886132880886201,0.015432208027670397,-4.25280715335931,7.074963197966044,1,Release 1.0,ok,20.882,10.552,13.469,15.757,17.264,18.583,19.747,nan,nan,nan,nan,0,0.0,0.27953211111111115,1.575,2.425,ok,4,3.548625992063492,-2.7359995559047343,6.049733455231958,0.6168491276494172,-0.015516358221131288,0.9856659556096234,1.575,-6.886132880886201,0.015432208027670397,-4.25280715335931,7.074963197966044,ok,6,5.812964616402116,-2.596411065028064,5.634789603169249,0.6168491276494172,-0.009956526359778423,0.9856659556096234,1.575,-6.659715556177504,0.019983545627056537,-4.1987621808801,7.074963197966044,ok,11,11.449799933862431,-2.3012785278618177,4.844187086458591,0.6168491276494172,-0.008311917247216,0.9856659556096234,1.575,-6.16430799310499,0.030942622550496374,-3.8253021005679266,7.074963197966044,ok,16,17.026759259259254,-2.0104179528384005,5.393627546352362,0.6168491276494172,0.005284182669087811,0.9856659556096234,1.575,-5.016560926400748,0.06774228214104944,-3.0221659593023174,7.074963197966044,w5,source
train,Train,62,G62C2,-2.7239984039789857,6.035481432524756,0.6413469365965626,0.004055406220046631,1.005047971561351,1.575,-6.82490836646421,0.013009243166286738,-4.340999637053714,7.033506484287697,2,Release 1.0,ok,14.525,8.832,9.893,11.8,12.562,13.174,13.781,15.682,nan,nan,nan,0,0.0,0.2841039444444444,1.575,2.425,ok,4,3.5769411375661377,-2.7239984039789857,6.035481432524756,0.6413469365965626,0.004055406220046631,1.005047971561351,1.575,-6.82490836646421,0.013009243166286738,-4.340999637053714,7.033506484287697,ok,6,5.853032407407408,-2.5706643900200272,5.958424693029782,0.6413469365965626,-0.018491326866825697,1.005047971561351,1.575,-6.716259878307243,0.018233044441568397,-4.298222242582457,7.033506484287697,ok,11,11.483497023809525,-2.0736071471072597,4.343805421853684,0.6413469365965626,-0.0025907100157654683,1.005047971561351,1.575,-5.348114074586856,0.05181355190765016,-3.2854968353382183,7.033506484287697,missing_week15,16,nan,nan,nan,0.6413469365965626,nan,1.005047971561351,1.575,nan,nan,nan,7.033506484287697,w5,source
train,Train,62,G62C3,-2.7203768856331427,6.226536669287466,0.6321351425571087,-0.020591211639240825,0.9978040135855569,1.575,-6.87560744898782,0.01477810554765771,-4.233065764781583,7.123672785204607,3,Release 1.0,ok,16.488,8.289,10.036,12.229,13.583,14.63,15.546,17.642,nan,nan,nan,0,0.0,0.27988880555555556,1.575,2.425,ok,4,3.569444444444444,-2.7203768856331427,6.226536669287466,0.6321351425571087,-0.020591211639240825,0.9978040135855569,1.575,-6.87560744898782,0.01477810554765771,-4.233065764781583,7.123672785204607,ok,6,5.826099537037038,-2.5246003624641173,6.115892125483034,0.6321351425571087,-0.01421036197363476,0.9978040135855569,1.575,-6.577981097161772,0.019870616242327027,-3.969656951034271,7.123672785204607,ok,11,11.420780423280423,-2.0517090267047586,4.430816798843313,0.6321351425571087,-0.004177960842805223,0.9978040135855569,1.575,-5.5705200897103735,0.04400202861412965,-3.3975976484012365,7.123672785204607,ok,16,16.934672619047618,-1.6154812289367972,5.652489180268651,0.6321351425571087,nan,0.9978040135855569,1.575,-4.15941590470248,nan,-2.4256694085915864,7.123672785204607,w5,source
train,Train,63,G63C1,-2.680399787132831,5.5254529391317835,0.7976846332779978,-0.059235035541042896,1.2551602091860807,1.975,-6.686699262001489,0.025655084670942435,-3.8975821464587233,6.826545223556594,1,Release 1.0,ok,11.82,5.11,6.27,7.694,8.872,9.985,10.96,nan,nan,nan,nan,0,0.0,0.28208394444444446,1.975,1.675,ok,4,3.5315624999999997,-2.680399787132831,5.5254529391317835,0.7976846332779978,-0.059235035541042896,1.2551602091860807,1.975,-6.686699262001489,0.025655084670942435,-3.8975821464587233,6.826545223556594,ok,6,5.7585565476190474,-2.3209585769133017,4.624972813284271,0.7976846332779978,-0.014516039112968504,1.2551602091860807,1.975,-5.973165981745476,0.03757144056569489,-3.580018613750706,6.826545223556594,ok,11,11.284093915343917,-1.780499555197442,6.300785794663244,0.7976846332779978,nan,1.2551602091860807,1.975,-4.379664464937158,nan,-2.5701502610749123,6.826545223556594,missing_week15,16,nan,nan,nan,0.7976846332779978,nan,1.2551602091860807,1.975,nan,nan,nan,6.826545223556594,w5,source
train,Train,63,G63C2,-2.6124041932475,5.075173815233827,0.8123802377838312,-0.013699091089712068,1.2666692423924515,1.975,-6.747186905500049,0.025282509727263175,-4.000766431882454,6.80903930604298,2,Release 1.0,ok,11.164,5.16,6.303,7.662,8.664,9.55,10.444,11.802,nan,nan,nan,0,0.0,0.28246944444444444,1.975,1.675,ok,4,3.532992724867725,-2.6124041932475,5.075173815233827,0.8123802377838312,-0.013699091089712068,1.2666692423924515,1.975,-6.747186905500049,0.025282509727263175,-4.000766431882454,6.80903930604298,ok,6,5.766873346560847,-2.291152722102507,4.51085950651685,0.8123802377838312,-0.04690224704758478,1.2666692423924515,1.975,-6.124261807948448,0.036242809949952715,-3.7043918618455485,6.80903930604298,ok,11,11.294909060846562,-1.668213799013541,6.565264970035361,0.8123802377838312,nan,1.2666692423924515,1.975,-4.378256225431865,nan,-2.593925870403795,6.80903930604298,missing_week15,16,nan,nan,nan,0.8123802377838312,nan,1.2666692423924515,1.975,nan,nan,nan,6.80903930604298,w5,source
train,Train,63,G63C3,-2.65971548407507,5.916202062607435,0.8014172114247745,-0.005348285857189078,1.2580933958033202,1.975,-6.152468844247531,0.027007489422488762,-3.881717601106278,6.92461239604856,3,Release 1.0,ok,16.969,7.023,8.907,11.051,13.001,14.526,15.626,nan,nan,nan,nan,0,0.0,0.284275,1.975,1.675,ok,4,3.507075066137566,-2.65971548407507,5.916202062607435,0.8014172114247745,-0.005348285857189078,1.2580933958033202,1.975,-6.152468844247531,0.027007489422488762,-3.881717601106278,6.92461239604856,ok,6,5.769241071428571,-2.4431564700386432,5.313205979041787,0.8014172114247745,-0.008013146162862972,1.2580933958033202,1.975,-6.111444122828085,0.0307130519459288,-3.8217653291863356,6.92461239604856,ok,11,11.365160383597882,-2.0111312274401913,5.147494476813453,0.8014172114247745,0.0028481116774964343,1.2580933958033202,1.975,-5.331846380716649,0.05212228939887194,-3.2762928653068224,6.92461239604856,ok,16,16.86464451058201,-1.652338471484481,6.366470447731438,0.8014172114247745,nan,1.2580933958033202,1.975,-4.279832585897007,nan,-2.574794211388001,6.92461239604856,w5,source
train,Train,64,G64C2,-2.800028496415352,5.0238805208462765,0.9243140324302848,-0.027053210234697034,1.0421463371837876,1.175,-8.107792354781683,0.006359306259647229,-7.829384620335718,6.805722553416985,2,Release 1.0,ok,9.898,5.829,6.166,6.446,6.744,7.148,7.622,nan,nan,nan,nan,0,0.0,0.27965972222222224,1.175,1.425,ok,4,3.5658118386243385,-2.800028496415352,5.0238805208462765,0.9243140324302848,-0.027053210234697034,1.0421463371837876,1.175,-8.107792354781683,0.006359306259647229,-7.829384620335718,6.805722553416985,ok,6,5.800615079365079,-2.3337129935488465,6.4425401664681985,0.9243140324302848,-0.056503699078365,1.0421463371837876,1.175,-6.4340383896304765,0.024849534241320526,-5.07445310764109,6.805722553416985,missing_week10,11,nan,nan,nan,0.9243140324302848,nan,1.0421463371837876,1.175,nan,nan,nan,6.805722553416985,missing_week15,16,nan,nan,nan,0.9243140324302848,nan,1.0421463371837876,1.175,nan,nan,nan,6.805722553416985,w5,source
train,Train,64,G64C3,-2.794280105277612,5.480638923341991,0.9142443660408084,0.005646117374599802,1.0364541138410084,1.175,-7.115514763210092,0.017855779234902225,-4.490273892422793,6.901737206656574,3,Release 1.0,ok,10.64,7.785,8.492,8.903,9.339,9.783,10.217,nan,nan,nan,nan,0,0.0,0.28146527777777774,1.175,1.425,ok,4,3.559413029100529,-2.794280105277612,5.480638923341991,0.9142443660408084,0.005646117374599802,1.0364541138410084,1.175,-7.115514763210092,0.017855779234902225,-4.490273892422793,6.901737206656574,ok,6,5.799399801587302,-2.531238788798515,4.787491742782046,0.9142443660408084,-0.008747417162316834,1.0364541138410084,1.175,-6.491797846207381,0.026533711952510808,-4.233522945423351,6.901737206656574,missing_week10,11,nan,nan,nan,0.9142443660408084,nan,1.0364541138410084,1.175,nan,nan,nan,6.901737206656574,missing_week15,16,nan,nan,nan,0.9142443660408084,nan,1.0364541138410084,1.175,nan,nan,nan,6.901737206656574,w5,source
train,Train,64,G64C4,-2.8058573424946416,6.056784013228625,0.9114086726431126,0.00026559454905583646,1.034845491054417,1.175,-6.661760237738727,0.02071130243793351,-4.078607231952432,7.020190708311925,4,Release 1.0,ok,17.225,8.312,9.425,10.016,10.909,12.696,14.217,19.599,nan,nan,nan,0,0.0,0.2820145,1.175,1.425,ok,4,3.5456498015873015,-2.8058573424946416,6.056784013228625,0.9114086726431126,0.00026559454905583646,1.034845491054417,1.175,-6.661760237738727,0.02071130243793351,-4.078607231952432,7.020190708311925,ok,6,5.783156415343915,-2.5538715215706733,5.659482215759621,0.9114086726431126,-0.009422051602617415,1.034845491054417,1.175,-6.5150433286514104,0.025624122276507455,-4.1403230595911,7.020190708311925,ok,11,11.346499669312172,-1.8432761012388879,6.602587892189336,0.9114086726431126,-0.02758302937672906,1.034845491054417,1.175,-5.15699464912659,0.055402220682517295,-3.3809956332220157,7.020190708311925,ok,16,16.80420138888889,-1.7668026178308247,6.974478911025045,0.9114086726431126,nan,1.034845491054417,1.175,-4.378883416814632,nan,-2.6780159271108697,7.020190708311925,w5,source
